solid CATIA STL
  facet normal  1.090214e-01 -9.937201e-01 -2.519201e-02
    outer loop
      vertex  7.037810e+00 -2.440724e-01 -6.411719e-02
      vertex  6.997109e+00 -2.496774e-01 -1.916105e-02
      vertex  6.995858e+00 -2.497829e-01 -2.041667e-02
    endloop
  endfacet
  facet normal  7.100898e-01 -8.849024e-02  6.985284e-01
    outer loop
      vertex  7.044881e+00 -2.343095e-01 -5.488143e-02
      vertex  7.002929e+00 -2.397916e-01 -1.292893e-02
      vertex  7.002854e+00 -2.415595e-01 -1.307728e-02
    endloop
  endfacet
  facet normal  7.028561e-01 -2.627129e-01  6.610410e-01
    outer loop
      vertex  7.044881e+00 -2.343095e-01 -5.488143e-02
      vertex  7.002854e+00 -2.415595e-01 -1.307728e-02
      vertex  7.002559e+00 -2.432717e-01 -1.344392e-02
    endloop
  endfacet
  facet normal  6.768993e-01 -4.281411e-01  5.987508e-01
    outer loop
      vertex  7.044881e+00 -2.343095e-01 -5.488143e-02
      vertex  7.002559e+00 -2.432717e-01 -1.344392e-02
      vertex  7.002053e+00 -2.448742e-01 -1.401728e-02
    endloop
  endfacet
  facet normal  6.329157e-01 -5.793803e-01  5.135525e-01
    outer loop
      vertex  7.044881e+00 -2.343095e-01 -5.488143e-02
      vertex  7.002053e+00 -2.448742e-01 -1.401728e-02
      vertex  7.001351e+00 -2.463164e-01 -1.477929e-02
    endloop
  endfacet
  facet normal  5.722914e-01 -7.111884e-01  4.082812e-01
    outer loop
      vertex  7.044881e+00 -2.343095e-01 -5.488143e-02
      vertex  7.001351e+00 -2.463164e-01 -1.477929e-02
      vertex  7.000475e+00 -2.475528e-01 -1.570592e-02
    endloop
  endfacet
  facet normal  4.972534e-01 -8.188173e-01  2.868404e-01
    outer loop
      vertex  7.044881e+00 -2.343095e-01 -5.488143e-02
      vertex  7.000475e+00 -2.475528e-01 -1.570592e-02
      vertex  6.999455e+00 -2.485446e-01 -1.676795e-02
    endloop
  endfacet
  facet normal  4.102336e-01 -8.990263e-01  1.531666e-01
    outer loop
      vertex  7.044881e+00 -2.343095e-01 -5.488143e-02
      vertex  6.999455e+00 -2.485446e-01 -1.676795e-02
      vertex  6.998321e+00 -2.492603e-01 -1.793190e-02
    endloop
  endfacet
  facet normal  3.144031e-01 -9.492124e-01  1.210354e-02
    outer loop
      vertex  7.044881e+00 -2.343095e-01 -5.488143e-02
      vertex  6.998321e+00 -2.492603e-01 -1.793190e-02
      vertex  6.997109e+00 -2.496774e-01 -1.916105e-02
    endloop
  endfacet
  facet normal  5.321813e-01 -7.524911e-01  3.879951e-01
    outer loop
      vertex  7.044881e+00 -2.343095e-01 -5.488143e-02
      vertex  6.997109e+00 -2.496774e-01 -1.916105e-02
      vertex  7.037810e+00 -2.440724e-01 -6.411719e-02
    endloop
  endfacet
  facet normal  5.974599e-01 -7.353349e-01  3.198818e-01
    outer loop
      vertex  7.044881e+00 -2.343095e-01 -5.488143e-02
      vertex  7.037810e+00 -2.440724e-01 -6.411719e-02
      vertex  7.089429e+00 -2.255225e-01 -1.178869e-01
    endloop
  endfacet
  facet normal -1.077221e-01 -9.713933e-01 -2.116388e-01
    outer loop
      vertex  7.044881e+00 -2.343095e-01 -5.488143e-02
      vertex  7.089429e+00 -2.255225e-01 -1.178869e-01
      vertex  7.090542e+00 -2.258539e-01 -1.169324e-01
    endloop
  endfacet
  facet normal  5.579604e-02 -9.939707e-01 -9.438845e-02
    outer loop
      vertex  7.044881e+00 -2.343095e-01 -5.488143e-02
      vertex  7.090542e+00 -2.258539e-01 -1.169324e-01
      vertex  7.092415e+00 -2.259235e-01 -1.150931e-01
    endloop
  endfacet
  facet normal  2.562495e-01 -9.642158e-01  6.800172e-02
    outer loop
      vertex  7.044881e+00 -2.343095e-01 -5.488143e-02
      vertex  7.092415e+00 -2.259235e-01 -1.150931e-01
      vertex  7.094081e+00 -2.253435e-01 -1.131490e-01
    endloop
  endfacet
  facet normal  4.354346e-01 -8.693008e-01  2.339076e-01
    outer loop
      vertex  7.044881e+00 -2.343095e-01 -5.488143e-02
      vertex  7.094081e+00 -2.253435e-01 -1.131490e-01
      vertex  7.095428e+00 -2.241539e-01 -1.112339e-01
    endloop
  endfacet
  facet normal  5.798258e-01 -7.146253e-01  3.912963e-01
    outer loop
      vertex  7.044881e+00 -2.343095e-01 -5.488143e-02
      vertex  7.095428e+00 -2.241539e-01 -1.112339e-01
      vertex  7.096360e+00 -2.224368e-01 -1.094800e-01
    endloop
  endfacet
  facet normal  6.782095e-01 -5.107095e-01  5.284009e-01
    outer loop
      vertex  7.044881e+00 -2.343095e-01 -5.488143e-02
      vertex  7.096360e+00 -2.224368e-01 -1.094800e-01
      vertex  7.096815e+00 -2.203105e-01 -1.080082e-01
    endloop
  endfacet
  facet normal  7.229241e-01 -2.727491e-01  6.348139e-01
    outer loop
      vertex  7.044881e+00 -2.343095e-01 -5.488143e-02
      vertex  7.096815e+00 -2.203105e-01 -1.080082e-01
      vertex  7.096760e+00 -2.179216e-01 -1.069199e-01
    endloop
  endfacet
  facet normal  7.173700e-01 -6.981013e-02  6.931860e-01
    outer loop
      vertex  7.044881e+00 -2.343095e-01 -5.488143e-02
      vertex  7.096760e+00 -2.179216e-01 -1.069199e-01
      vertex  7.097071e+00 -2.162277e-01 -1.070711e-01
    endloop
  endfacet
  facet normal  7.053750e-01  4.171010e-01  5.731256e-01
    outer loop
      vertex  7.096650e+00  2.214162e-01 -1.087020e-01
      vertex  7.054363e+00  2.320039e-01 -6.436332e-02
      vertex  7.097251e+00  2.201335e-01 -1.085085e-01
    endloop
  endfacet
  facet normal  7.141766e-01  3.695475e-01  5.944631e-01
    outer loop
      vertex  7.096852e+00  2.191389e-01 -1.074107e-01
      vertex  7.097251e+00  2.201335e-01 -1.085085e-01
      vertex  7.054363e+00  2.320039e-01 -6.436332e-02
    endloop
  endfacet
  facet normal  5.792021e-02  9.536628e-01 -2.952501e-01
    outer loop
      vertex  7.047292e+00  2.416707e-01 -7.399414e-02
      vertex  7.091496e+00  2.259706e-01 -1.160340e-01
      vertex  7.089429e+00  2.255225e-01 -1.178869e-01
    endloop
  endfacet
  facet normal  7.251366e-01  1.363783e-01  6.749651e-01
    outer loop
      vertex  7.054363e+00  2.320039e-01 -6.436332e-02
      vertex  7.096500e+00  2.165008e-01 -1.065002e-01
      vertex  7.096852e+00  2.191389e-01 -1.074107e-01
    endloop
  endfacet
  facet normal  6.378117e-01  6.170273e-01  4.609484e-01
    outer loop
      vertex  7.054363e+00  2.320039e-01 -6.436332e-02
      vertex  7.096650e+00  2.214162e-01 -1.087020e-01
      vertex  7.095950e+00  2.233547e-01 -1.103289e-01
    endloop
  endfacet
  facet normal  5.132375e-01  7.987232e-01  3.140519e-01
    outer loop
      vertex  7.054363e+00  2.320039e-01 -6.436332e-02
      vertex  7.095950e+00  2.233547e-01 -1.103289e-01
      vertex  7.094801e+00  2.248207e-01 -1.121794e-01
    endloop
  endfacet
  facet normal  3.464067e-01  9.253677e-01  1.539389e-01
    outer loop
      vertex  7.054363e+00  2.320039e-01 -6.436332e-02
      vertex  7.094801e+00  2.248207e-01 -1.121794e-01
      vertex  7.093282e+00  2.257132e-01 -1.141258e-01
    endloop
  endfacet
  facet normal  1.504128e-01  9.885960e-01 -7.337974e-03
    outer loop
      vertex  7.054363e+00  2.320039e-01 -6.436332e-02
      vertex  7.093282e+00  2.257132e-01 -1.141258e-01
      vertex  7.091496e+00  2.259706e-01 -1.160340e-01
    endloop
  endfacet
  facet normal  5.770635e-01  7.482281e-01  3.273413e-01
    outer loop
      vertex  7.054363e+00  2.320039e-01 -6.436332e-02
      vertex  7.091496e+00  2.259706e-01 -1.160340e-01
      vertex  7.047292e+00  2.416707e-01 -7.399414e-02
    endloop
  endfacet
  facet normal  5.095863e-01  7.650357e-01  3.937539e-01
    outer loop
      vertex  7.054363e+00  2.320039e-01 -6.436332e-02
      vertex  7.047292e+00  2.416707e-01 -7.399414e-02
      vertex  7.002929e+00  2.397916e-01 -1.292893e-02
    endloop
  endfacet
  facet normal  1.193717e-01  9.922100e-01 -3.563298e-02
    outer loop
      vertex  7.047292e+00  2.416707e-01 -7.399414e-02
      vertex  6.995858e+00  2.497829e-01 -2.041667e-02
      vertex  6.997109e+00  2.496774e-01 -1.916105e-02
    endloop
  endfacet
  facet normal  2.464756e-01  9.654495e-01  8.460015e-02
    outer loop
      vertex  7.047292e+00  2.416707e-01 -7.399414e-02
      vertex  6.997109e+00  2.496774e-01 -1.916105e-02
      vertex  6.998321e+00  2.492603e-01 -1.793190e-02
    endloop
  endfacet
  facet normal  3.686906e-01  9.079709e-01  1.991380e-01
    outer loop
      vertex  7.047292e+00  2.416707e-01 -7.399414e-02
      vertex  6.998321e+00  2.492603e-01 -1.793190e-02
      vertex  6.999455e+00  2.485446e-01 -1.676795e-02
    endloop
  endfacet
  facet normal  4.819731e-01  8.216841e-01  3.041991e-01
    outer loop
      vertex  7.047292e+00  2.416707e-01 -7.399414e-02
      vertex  6.999455e+00  2.485446e-01 -1.676795e-02
      vertex  7.000475e+00  2.475528e-01 -1.570592e-02
    endloop
  endfacet
  facet normal  5.826142e-01  7.095551e-01  3.963489e-01
    outer loop
      vertex  7.047292e+00  2.416707e-01 -7.399414e-02
      vertex  7.000475e+00  2.475528e-01 -1.570592e-02
      vertex  7.001351e+00  2.463164e-01 -1.477929e-02
    endloop
  endfacet
  facet normal  6.677218e-01  5.748649e-01  4.729459e-01
    outer loop
      vertex  7.047292e+00  2.416707e-01 -7.399414e-02
      vertex  7.001351e+00  2.463164e-01 -1.477929e-02
      vertex  7.002053e+00  2.448742e-01 -1.401728e-02
    endloop
  endfacet
  facet normal  7.344055e-01  4.222148e-01  5.313975e-01
    outer loop
      vertex  7.047292e+00  2.416707e-01 -7.399414e-02
      vertex  7.002053e+00  2.448742e-01 -1.401728e-02
      vertex  7.002559e+00  2.432717e-01 -1.344392e-02
    endloop
  endfacet
  facet normal  7.806117e-01  2.566035e-01  5.699123e-01
    outer loop
      vertex  7.047292e+00  2.416707e-01 -7.399414e-02
      vertex  7.002559e+00  2.432717e-01 -1.344392e-02
      vertex  7.002854e+00  2.415595e-01 -1.307728e-02
    endloop
  endfacet
  facet normal  8.050148e-01  8.315927e-02  5.873973e-01
    outer loop
      vertex  7.047292e+00  2.416707e-01 -7.399414e-02
      vertex  7.002854e+00  2.415595e-01 -1.307728e-02
      vertex  7.002929e+00  2.397916e-01 -1.292893e-02
    endloop
  endfacet
  facet normal  0.000000e+00  9.905962e-01 -1.368179e-01
    outer loop
      vertex  6.995858e+00  2.497829e-01 -2.041667e-02
      vertex  1.500000e+00  2.432550e-01 -6.768021e-02
      vertex  1.500000e+00  2.497829e-01 -2.041667e-02
    endloop
  endfacet
  facet normal  1.121052e-04  9.887469e-01 -1.495982e-01
    outer loop
      vertex  6.995858e+00  2.497829e-01 -2.041667e-02
      vertex  7.047292e+00  2.416707e-01 -7.399414e-02
      vertex  1.500000e+00  2.432550e-01 -6.768021e-02
    endloop
  endfacet
  facet normal  8.212967e-05  9.385268e-01 -3.452063e-01
    outer loop
      vertex  7.089429e+00  2.255225e-01 -1.178869e-01
      vertex  1.500000e+00  2.278670e-01 -1.128428e-01
      vertex  7.047292e+00  2.416707e-01 -7.399414e-02
    endloop
  endfacet
  facet normal -1.963675e-05  8.983412e-01 -4.392983e-01
    outer loop
      vertex  7.089429e+00  2.255225e-01 -1.178869e-01
      vertex  7.085710e+00  2.236279e-01 -1.217611e-01
      vertex  1.500000e+00  2.278670e-01 -1.128428e-01
    endloop
  endfacet
  facet normal -2.081748e-04 -2.827975e-01 -9.591796e-01
    outer loop
      vertex  1.500000e+00 -9.325907e-02 -2.419542e-01
      vertex  1.500000e+00 -4.749449e-02 -2.554471e-01
      vertex  6.963162e+00 -7.197474e-02 -2.494152e-01
    endloop
  endfacet
  facet normal  6.838018e-05  4.201061e-02 -9.991171e-01
    outer loop
      vertex  6.954476e+00  2.768177e-02 -2.584627e-01
      vertex  6.953087e+00 -6.724799e-03 -2.599095e-01
      vertex  1.500000e+00  1.530809e-17 -2.600000e-01
    endloop
  endfacet
  facet normal -2.037341e-04  9.542421e-02 -9.954367e-01
    outer loop
      vertex  1.500000e+00  1.530809e-17 -2.600000e-01
      vertex  1.500000e+00  4.749449e-02 -2.554471e-01
      vertex  6.954476e+00  2.768177e-02 -2.584627e-01
    endloop
  endfacet
  facet normal  9.893952e-05  1.770410e-01 -9.842035e-01
    outer loop
      vertex  6.954476e+00  2.768177e-02 -2.584627e-01
      vertex  1.500000e+00  4.749449e-02 -2.554471e-01
      vertex  6.960170e+00  6.064773e-02 -2.525322e-01
    endloop
  endfacet
  facet normal -1.979256e-04  6.201932e-01 -7.844490e-01
    outer loop
      vertex  1.500000e+00  1.356269e-01 -2.200128e-01
      vertex  1.500000e+00  1.730547e-01 -1.904220e-01
      vertex  7.001740e+00  1.510206e-01 -2.092305e-01
    endloop
  endfacet
  facet normal  1.792097e-04  8.442075e-01 -5.360165e-01
    outer loop
      vertex  7.085710e+00  2.236279e-01 -1.217611e-01
      vertex  7.044402e+00  1.963160e-01 -1.647902e-01
      vertex  1.500000e+00  2.041793e-01 -1.542596e-01
    endloop
  endfacet
  facet normal -1.339044e-04  8.680536e-01 -4.964705e-01
    outer loop
      vertex  1.500000e+00  2.041793e-01 -1.542596e-01
      vertex  1.500000e+00  2.278670e-01 -1.128428e-01
      vertex  7.085710e+00  2.236279e-01 -1.217611e-01
    endloop
  endfacet
  facet normal -9.675944e-05  9.465634e-01 -3.225179e-01
    outer loop
      vertex  1.500000e+00  2.278670e-01 -1.128428e-01
      vertex  1.500000e+00  2.432550e-01 -6.768021e-02
      vertex  7.047292e+00  2.416707e-01 -7.399414e-02
    endloop
  endfacet
  facet normal  7.025561e-05 -9.453473e-01 -3.260652e-01
    outer loop
      vertex  7.089429e+00 -2.255225e-01 -1.178869e-01
      vertex  7.037810e+00 -2.440724e-01 -6.411719e-02
      vertex  1.500000e+00 -2.432550e-01 -6.768021e-02
    endloop
  endfacet
  facet normal  1.059768e-04 -9.465634e-01 -3.225179e-01
    outer loop
      vertex  7.089429e+00 -2.255225e-01 -1.178869e-01
      vertex  1.500000e+00 -2.432550e-01 -6.768021e-02
      vertex  1.500000e+00 -2.278670e-01 -1.128428e-01
    endloop
  endfacet
  facet normal -8.393322e-05 -8.680536e-01 -4.964704e-01
    outer loop
      vertex  7.089429e+00 -2.255225e-01 -1.178869e-01
      vertex  1.500000e+00 -2.278670e-01 -1.128428e-01
      vertex  1.500000e+00 -2.041793e-01 -1.542596e-01
    endloop
  endfacet
  facet normal  9.468541e-05 -8.560579e-01 -5.168799e-01
    outer loop
      vertex  7.089429e+00 -2.255225e-01 -1.178869e-01
      vertex  1.500000e+00 -2.041793e-01 -1.542596e-01
      vertex  7.049666e+00 -2.005178e-01 -1.593072e-01
    endloop
  endfacet
  facet normal  0.000000e+00 -9.905962e-01 -1.368179e-01
    outer loop
      vertex  1.500000e+00 -2.497829e-01 -2.041667e-02
      vertex  1.500000e+00 -2.432550e-01 -6.768021e-02
      vertex  6.995858e+00 -2.497829e-01 -2.041667e-02
    endloop
  endfacet
  facet normal -6.295116e-05 -9.915623e-01 -1.296313e-01
    outer loop
      vertex  6.995858e+00 -2.497829e-01 -2.041667e-02
      vertex  1.500000e+00 -2.432550e-01 -6.768021e-02
      vertex  7.037810e+00 -2.440724e-01 -6.411719e-02
    endloop
  endfacet
  facet normal -7.387337e-05 -7.691009e-01 -6.391275e-01
    outer loop
      vertex  7.049666e+00 -2.005178e-01 -1.593072e-01
      vertex  1.500000e+00 -2.041793e-01 -1.542596e-01
      vertex  7.029971e+00 -1.834676e-01 -1.798224e-01
    endloop
  endfacet
  facet normal -1.768023e-04 -7.579263e-01 -6.523401e-01
    outer loop
      vertex  7.029971e+00 -1.834676e-01 -1.798224e-01
      vertex  1.500000e+00 -2.041793e-01 -1.542596e-01
      vertex  1.500000e+00 -1.730547e-01 -1.904220e-01
    endloop
  endfacet
  facet normal  7.762833e-05 -6.928147e-01 -7.211156e-01
    outer loop
      vertex  7.029971e+00 -1.834676e-01 -1.798224e-01
      vertex  1.500000e+00 -1.730547e-01 -1.904220e-01
      vertex  7.010505e+00 -1.623644e-01 -2.000994e-01
    endloop
  endfacet
  facet normal -2.487744e-04 -5.975994e-01 -8.017947e-01
    outer loop
      vertex  7.010505e+00 -1.623644e-01 -2.000994e-01
      vertex  1.500000e+00 -1.730547e-01 -1.904220e-01
      vertex  6.991445e+00 -1.357177e-01 -2.199541e-01
    endloop
  endfacet
  facet normal -1.874820e-06 -6.201932e-01 -7.844491e-01
    outer loop
      vertex  6.991445e+00 -1.357177e-01 -2.199541e-01
      vertex  1.500000e+00 -1.730547e-01 -1.904220e-01
      vertex  1.500000e+00 -1.356269e-01 -2.200128e-01
    endloop
  endfacet
  facet normal  1.370368e-06 -4.829145e-01 -8.756675e-01
    outer loop
      vertex  6.991445e+00 -1.357177e-01 -2.199541e-01
      vertex  1.500000e+00 -1.356269e-01 -2.200128e-01
      vertex  6.975262e+00 -1.051507e-01 -2.368112e-01
    endloop
  endfacet
  facet normal -1.646905e-04 -4.598705e-01 -8.879860e-01
    outer loop
      vertex  6.975262e+00 -1.051507e-01 -2.368112e-01
      vertex  1.500000e+00 -1.356269e-01 -2.200128e-01
      vertex  1.500000e+00 -9.325907e-02 -2.419542e-01
    endloop
  endfacet
  facet normal  1.068261e-04 -3.551127e-01 -9.348236e-01
    outer loop
      vertex  6.975262e+00 -1.051507e-01 -2.368112e-01
      vertex  1.500000e+00 -9.325907e-02 -2.419542e-01
      vertex  6.963162e+00 -7.197474e-02 -2.494152e-01
    endloop
  endfacet
  facet normal -1.011668e-04 -9.542423e-02 -9.954367e-01
    outer loop
      vertex  1.500000e+00  1.530809e-17 -2.600000e-01
      vertex  6.953087e+00 -6.724799e-03 -2.599095e-01
      vertex  1.500000e+00 -4.749449e-02 -2.554471e-01
    endloop
  endfacet
  facet normal -1.426841e-04 -8.992712e-02 -9.959483e-01
    outer loop
      vertex  1.500000e+00 -4.749449e-02 -2.554471e-01
      vertex  6.953087e+00 -6.724799e-03 -2.599095e-01
      vertex  6.955811e+00 -3.814315e-02 -2.570731e-01
    endloop
  endfacet
  facet normal  8.769226e-05 -2.207496e-01 -9.753306e-01
    outer loop
      vertex  1.500000e+00 -4.749449e-02 -2.554471e-01
      vertex  6.955811e+00 -3.814315e-02 -2.570731e-01
      vertex  6.963162e+00 -7.197474e-02 -2.494152e-01
    endloop
  endfacet
  facet normal -2.359639e-04  3.087401e-01 -9.511464e-01
    outer loop
      vertex  6.960170e+00  6.064773e-02 -2.525322e-01
      vertex  1.500000e+00  4.749449e-02 -2.554471e-01
      vertex  6.970350e+00  9.332447e-02 -2.419279e-01
    endloop
  endfacet
  facet normal  1.233184e-06  2.827976e-01 -9.591797e-01
    outer loop
      vertex  6.970350e+00  9.332447e-02 -2.419279e-01
      vertex  1.500000e+00  4.749449e-02 -2.554471e-01
      vertex  1.500000e+00  9.325907e-02 -2.419542e-01
    endloop
  endfacet
  facet normal -9.732430e-07  4.422808e-01 -8.968766e-01
    outer loop
      vertex  6.970350e+00  9.332447e-02 -2.419279e-01
      vertex  1.500000e+00  9.325907e-02 -2.419542e-01
      vertex  6.986380e+00  1.271844e-01 -2.252304e-01
    endloop
  endfacet
  facet normal -1.368409e-04  4.598705e-01 -8.879859e-01
    outer loop
      vertex  6.986380e+00  1.271844e-01 -2.252304e-01
      vertex  1.500000e+00  9.325907e-02 -2.419542e-01
      vertex  1.500000e+00  1.356269e-01 -2.200128e-01
    endloop
  endfacet
  facet normal  6.793134e-05  5.572993e-01 -8.303117e-01
    outer loop
      vertex  6.986380e+00  1.271844e-01 -2.252304e-01
      vertex  1.500000e+00  1.356269e-01 -2.200128e-01
      vertex  7.001740e+00  1.510206e-01 -2.092305e-01
    endloop
  endfacet
  facet normal -1.640935e-04  7.579263e-01 -6.523401e-01
    outer loop
      vertex  1.500000e+00  2.041793e-01 -1.542596e-01
      vertex  7.044402e+00  1.963160e-01 -1.647902e-01
      vertex  1.500000e+00  1.730547e-01 -1.904220e-01
    endloop
  endfacet
  facet normal -4.369323e-05  7.452033e-01 -6.668375e-01
    outer loop
      vertex  1.500000e+00  1.730547e-01 -1.904220e-01
      vertex  7.044402e+00  1.963160e-01 -1.647902e-01
      vertex  7.022128e+00  1.755521e-01 -1.879929e-01
    endloop
  endfacet
  facet normal  3.656890e-05  6.545076e-01 -7.560554e-01
    outer loop
      vertex  1.500000e+00  1.730547e-01 -1.904220e-01
      vertex  7.022128e+00  1.755521e-01 -1.879929e-01
      vertex  7.001740e+00  1.510206e-01 -2.092305e-01
    endloop
  endfacet
  facet normal  7.071068e-01  0.000000e+00 -7.071068e-01
    outer loop
      vertex  7.096500e+00  2.809780e-09 -1.206425e-01
      vertex  7.096500e+00 -2.162277e-01 -1.206425e-01
      vertex  7.056737e+00 -1.924970e-01 -1.604059e-01
    endloop
  endfacet
  facet normal  7.071038e-01  1.232354e-06 -7.071098e-01
    outer loop
      vertex  7.096500e+00  2.809780e-09 -1.206425e-01
      vertex  7.056737e+00 -1.924970e-01 -1.604059e-01
      vertex  7.037042e+00 -1.761289e-01 -1.801006e-01
    endloop
  endfacet
  facet normal  7.071071e-01 -9.949774e-07 -7.071065e-01
    outer loop
      vertex  7.096500e+00  2.809780e-09 -1.206425e-01
      vertex  7.037042e+00 -1.761289e-01 -1.801006e-01
      vertex  7.017576e+00 -1.558698e-01 -1.995665e-01
    endloop
  endfacet
  facet normal  7.071099e-01 -3.909796e-06 -7.071036e-01
    outer loop
      vertex  7.096500e+00  2.809780e-09 -1.206425e-01
      vertex  7.017576e+00 -1.558698e-01 -1.995665e-01
      vertex  6.998516e+00 -1.302890e-01 -2.186270e-01
    endloop
  endfacet
  facet normal  7.071068e-01  7.928325e-07 -7.071067e-01
    outer loop
      vertex  7.096500e+00  2.809780e-09 -1.206425e-01
      vertex  6.998516e+00 -1.302890e-01 -2.186270e-01
      vertex  6.982333e+00 -1.009447e-01 -2.348098e-01
    endloop
  endfacet
  facet normal  7.071041e-01  6.914156e-06 -7.071095e-01
    outer loop
      vertex  7.096500e+00  2.809780e-09 -1.206425e-01
      vertex  6.982333e+00 -1.009447e-01 -2.348098e-01
      vertex  6.970233e+00 -6.909575e-02 -2.469097e-01
    endloop
  endfacet
  facet normal  7.071070e-01 -3.473896e-06 -7.071065e-01
    outer loop
      vertex  7.096500e+00  2.809780e-09 -1.206425e-01
      vertex  6.970233e+00 -6.909575e-02 -2.469097e-01
      vertex  6.962882e+00 -3.661742e-02 -2.542612e-01
    endloop
  endfacet
  facet normal  7.071074e-01 -6.184026e-06 -7.071062e-01
    outer loop
      vertex  7.096500e+00  2.809780e-09 -1.206425e-01
      vertex  6.962882e+00 -3.661742e-02 -2.542612e-01
      vertex  6.960159e+00 -6.455807e-03 -2.569842e-01
    endloop
  endfacet
  facet normal  7.071069e-01  8.915084e-06 -7.071066e-01
    outer loop
      vertex  7.096500e+00  2.809780e-09 -1.206425e-01
      vertex  6.960159e+00 -6.455807e-03 -2.569842e-01
      vertex  6.961547e+00  2.657450e-02 -2.555953e-01
    endloop
  endfacet
  facet normal  7.071059e-01 -2.345458e-06 -7.071077e-01
    outer loop
      vertex  7.096500e+00  2.809780e-09 -1.206425e-01
      vertex  6.961547e+00  2.657450e-02 -2.555953e-01
      vertex  6.967241e+00  5.822182e-02 -2.499020e-01
    endloop
  endfacet
  facet normal  7.071070e-01  2.550559e-06 -7.071066e-01
    outer loop
      vertex  7.096500e+00  2.809780e-09 -1.206425e-01
      vertex  6.967241e+00  5.822182e-02 -2.499020e-01
      vertex  6.977421e+00  8.959150e-02 -2.397218e-01
    endloop
  endfacet
  facet normal  7.071048e-01 -3.241924e-06 -7.071088e-01
    outer loop
      vertex  7.096500e+00  2.809780e-09 -1.206425e-01
      vertex  6.977421e+00  8.959150e-02 -2.397218e-01
      vertex  6.993451e+00  1.220971e-01 -2.236922e-01
    endloop
  endfacet
  facet normal  7.071072e-01  8.166751e-07 -7.071064e-01
    outer loop
      vertex  7.096500e+00  2.809780e-09 -1.206425e-01
      vertex  6.993451e+00  1.220971e-01 -2.236922e-01
      vertex  7.008811e+00  1.449798e-01 -2.083323e-01
    endloop
  endfacet
  facet normal  7.071053e-01 -1.491932e-06 -7.071083e-01
    outer loop
      vertex  7.096500e+00  2.809780e-09 -1.206425e-01
      vertex  7.008811e+00  1.449798e-01 -2.083323e-01
      vertex  7.029199e+00  1.685300e-01 -1.879443e-01
    endloop
  endfacet
  facet normal  7.071083e-01  8.885306e-07 -7.071053e-01
    outer loop
      vertex  7.096500e+00  2.809780e-09 -1.206425e-01
      vertex  7.029199e+00  1.685300e-01 -1.879443e-01
      vertex  7.051473e+00  1.884634e-01 -1.656697e-01
    endloop
  endfacet
  facet normal  7.071072e-01  3.580792e-07 -7.071064e-01
    outer loop
      vertex  7.096500e+00  2.809780e-09 -1.206425e-01
      vertex  7.051473e+00  1.884634e-01 -1.656697e-01
      vertex  7.092781e+00  2.146828e-01 -1.243617e-01
    endloop
  endfacet
  facet normal  7.070976e-01  2.475863e-08 -7.071159e-01
    outer loop
      vertex  7.096500e+00  2.809780e-09 -1.206425e-01
      vertex  7.092781e+00  2.146828e-01 -1.243617e-01
      vertex  7.096500e+00  2.165016e-01 -1.206425e-01
    endloop
  endfacet
  facet normal  7.478818e-01  1.253813e-01  6.518837e-01
    outer loop
      vertex  7.096500e+00  2.165008e-01 -1.065002e-01
      vertex  7.097620e+00  2.183503e-01 -1.081398e-01
      vertex  7.096852e+00  2.191389e-01 -1.074107e-01
    endloop
  endfacet
  facet normal  3.670696e-01  9.034300e-01 -2.215270e-01
    outer loop
      vertex  7.093282e+00  2.257132e-01 -1.141258e-01
      vertex  7.093670e+00  2.248047e-01 -1.171870e-01
      vertex  7.091496e+00  2.259706e-01 -1.160340e-01
    endloop
  endfacet
  facet normal  6.020205e-01  7.641721e-01  2.315431e-01
    outer loop
      vertex  7.095950e+00  2.233547e-01 -1.103289e-01
      vertex  7.095943e+00  2.240084e-01 -1.124690e-01
      vertex  7.094801e+00  2.248207e-01 -1.121794e-01
    endloop
  endfacet
  facet normal  9.563706e-01  3.530676e-02 -2.900148e-01
    outer loop
      vertex  7.099237e+00  2.162277e-01 -1.155223e-01
      vertex  7.098668e+00  2.162277e-01 -1.173983e-01
      vertex  7.099167e+00  2.175488e-01 -1.155926e-01
    endloop
  endfacet
  facet normal  6.633517e-01  2.732745e-01 -6.966245e-01
    outer loop
      vertex  7.096696e+00  2.183953e-01 -1.201748e-01
      vertex  7.095980e+00  2.181985e-01 -1.209340e-01
      vertex  7.095248e+00  2.198404e-01 -1.209873e-01
    endloop
  endfacet
  facet normal  3.501964e-01  6.989304e-01 -6.235855e-01
    outer loop
      vertex  7.093749e+00  2.235070e-01 -1.192517e-01
      vertex  7.093249e+00  2.227506e-01 -1.203803e-01
      vertex  7.092046e+00  2.239248e-01 -1.197397e-01
    endloop
  endfacet
  facet normal  3.444926e-01  7.594401e-01 -5.518836e-01
    outer loop
      vertex  7.093749e+00  2.235070e-01 -1.192517e-01
      vertex  7.092046e+00  2.239248e-01 -1.197397e-01
      vertex  7.092558e+00  2.247391e-01 -1.182997e-01
    endloop
  endfacet
  facet normal  2.339455e-01  8.083302e-01 -5.402515e-01
    outer loop
      vertex  7.092558e+00  2.247391e-01 -1.182997e-01
      vertex  7.092046e+00  2.239248e-01 -1.197397e-01
      vertex  7.090759e+00  2.248589e-01 -1.188995e-01
    endloop
  endfacet
  facet normal  6.756188e-01  2.981345e-01 -6.742811e-01
    outer loop
      vertex  7.096613e+00  2.202162e-01 -1.194533e-01
      vertex  7.096696e+00  2.183953e-01 -1.201748e-01
      vertex  7.095248e+00  2.198404e-01 -1.209873e-01
    endloop
  endfacet
  facet normal  6.156890e-01  4.378209e-01 -6.551639e-01
    outer loop
      vertex  7.096613e+00  2.202162e-01 -1.194533e-01
      vertex  7.095248e+00  2.198404e-01 -1.209873e-01
      vertex  7.094774e+00  2.220058e-01 -1.199853e-01
    endloop
  endfacet
  facet normal  6.722571e-01  4.678155e-01 -5.737761e-01
    outer loop
      vertex  7.096254e+00  2.218943e-01 -1.185058e-01
      vertex  7.096613e+00  2.202162e-01 -1.194533e-01
      vertex  7.095518e+00  2.220496e-01 -1.192418e-01
    endloop
  endfacet
  facet normal  7.816338e-01  2.603981e-01 -5.667817e-01
    outer loop
      vertex  7.097365e+00  2.178439e-01 -1.195055e-01
      vertex  7.096696e+00  2.183953e-01 -1.201748e-01
      vertex  7.096613e+00  2.202162e-01 -1.194533e-01
    endloop
  endfacet
  facet normal  7.619003e-01  2.547706e-01 -5.954828e-01
    outer loop
      vertex  7.097365e+00  2.178439e-01 -1.195055e-01
      vertex  7.096613e+00  2.202162e-01 -1.194533e-01
      vertex  7.097539e+00  2.196110e-01 -1.185268e-01
    endloop
  endfacet
  facet normal  7.628196e-01  4.339077e-01 -4.794062e-01
    outer loop
      vertex  7.097539e+00  2.196110e-01 -1.185268e-01
      vertex  7.096613e+00  2.202162e-01 -1.194533e-01
      vertex  7.096254e+00  2.218943e-01 -1.185058e-01
    endloop
  endfacet
  facet normal  7.375643e-01  4.201412e-01 -5.286590e-01
    outer loop
      vertex  7.097539e+00  2.196110e-01 -1.185268e-01
      vertex  7.096254e+00  2.218943e-01 -1.185058e-01
      vertex  7.096956e+00  2.215455e-01 -1.178037e-01
    endloop
  endfacet
  facet normal  4.996091e-01  8.512390e-01 -1.605699e-01
    outer loop
      vertex  7.095823e+00  2.240503e-01 -1.150347e-01
      vertex  7.093282e+00  2.257132e-01 -1.141258e-01
      vertex  7.094874e+00  2.248893e-01 -1.135382e-01
    endloop
  endfacet
  facet normal  4.382153e-01  8.962241e-01  6.891881e-02
    outer loop
      vertex  7.093282e+00  2.257132e-01 -1.141258e-01
      vertex  7.094801e+00  2.248207e-01 -1.121794e-01
      vertex  7.094874e+00  2.248893e-01 -1.135382e-01
    endloop
  endfacet
  facet normal  7.914630e-01  4.086807e-01 -4.544958e-01
    outer loop
      vertex  7.097599e+00  2.210158e-01 -1.171607e-01
      vertex  7.097539e+00  2.196110e-01 -1.185268e-01
      vertex  7.096956e+00  2.215455e-01 -1.178037e-01
    endloop
  endfacet
  facet normal  8.284898e-01  2.066683e-01 -5.204738e-01
    outer loop
      vertex  7.098242e+00  2.185636e-01 -1.178246e-01
      vertex  7.097365e+00  2.178439e-01 -1.195055e-01
      vertex  7.097539e+00  2.196110e-01 -1.185268e-01
    endloop
  endfacet
  facet normal  8.663217e-01  3.290133e-01 -3.758151e-01
    outer loop
      vertex  7.098242e+00  2.185636e-01 -1.178246e-01
      vertex  7.097539e+00  2.196110e-01 -1.185268e-01
      vertex  7.097599e+00  2.210158e-01 -1.171607e-01
    endloop
  endfacet
  facet normal  8.399125e-01  3.357770e-01 -4.263808e-01
    outer loop
      vertex  7.098242e+00  2.185636e-01 -1.178246e-01
      vertex  7.097599e+00  2.210158e-01 -1.171607e-01
      vertex  7.098160e+00  2.203241e-01 -1.165998e-01
    endloop
  endfacet
  facet normal  8.672076e-01  8.842832e-02 -4.900322e-01
    outer loop
      vertex  7.097744e+00  2.162277e-01 -1.191271e-01
      vertex  7.097365e+00  2.178439e-01 -1.195055e-01
      vertex  7.098242e+00  2.185636e-01 -1.178246e-01
    endloop
  endfacet
  facet normal  8.794554e-01  7.469506e-02 -4.700839e-01
    outer loop
      vertex  7.098668e+00  2.162277e-01 -1.173983e-01
      vertex  7.097744e+00  2.162277e-01 -1.191271e-01
      vertex  7.098242e+00  2.185636e-01 -1.178246e-01
    endloop
  endfacet
  facet normal  9.519811e-01  1.225195e-01 -2.805727e-01
    outer loop
      vertex  7.098668e+00  2.162277e-01 -1.173983e-01
      vertex  7.098242e+00  2.185636e-01 -1.178246e-01
      vertex  7.098618e+00  2.194952e-01 -1.161413e-01
    endloop
  endfacet
  facet normal  9.305680e-01  1.209612e-01 -3.455597e-01
    outer loop
      vertex  7.099167e+00  2.175488e-01 -1.155926e-01
      vertex  7.098668e+00  2.162277e-01 -1.173983e-01
      vertex  7.098958e+00  2.185589e-01 -1.158015e-01
    endloop
  endfacet
  facet normal  7.110225e-01  9.838034e-02 -6.962530e-01
    outer loop
      vertex  7.096500e+00  2.165016e-01 -1.206425e-01
      vertex  7.095980e+00  2.181985e-01 -1.209340e-01
      vertex  7.096696e+00  2.183953e-01 -1.201748e-01
    endloop
  endfacet
  facet normal  7.398751e-01  8.815517e-02 -6.669433e-01
    outer loop
      vertex  7.096500e+00  2.165016e-01 -1.206425e-01
      vertex  7.096696e+00  2.183953e-01 -1.201748e-01
      vertex  7.097365e+00  2.178439e-01 -1.195055e-01
    endloop
  endfacet
  facet normal  7.755844e-01  3.412195e-02 -6.303211e-01
    outer loop
      vertex  7.096500e+00  2.165016e-01 -1.206425e-01
      vertex  7.097365e+00  2.178439e-01 -1.195055e-01
      vertex  7.097744e+00  2.162277e-01 -1.191271e-01
    endloop
  endfacet
  facet normal  9.940590e-01  4.752980e-02 -9.791546e-02
    outer loop
      vertex  7.099237e+00  2.162277e-01 -1.155223e-01
      vertex  7.099167e+00  2.175488e-01 -1.155926e-01
      vertex  7.099429e+00  2.162277e-01 -1.135714e-01
    endloop
  endfacet
  facet normal  9.940965e-01  5.010316e-02 -9.623827e-02
    outer loop
      vertex  7.099429e+00  2.162277e-01 -1.135714e-01
      vertex  7.099167e+00  2.175488e-01 -1.155926e-01
      vertex  7.099339e+00  2.178345e-01 -1.136609e-01
    endloop
  endfacet
  facet normal  9.933385e-01  6.086935e-02  9.784449e-02
    outer loop
      vertex  7.099429e+00  2.162277e-01 -1.135714e-01
      vertex  7.099339e+00  2.178345e-01 -1.136609e-01
      vertex  7.099237e+00  2.162277e-01 -1.116205e-01
    endloop
  endfacet
  facet normal  9.931103e-01  6.250545e-02  9.912142e-02
    outer loop
      vertex  7.099237e+00  2.162277e-01 -1.116205e-01
      vertex  7.099339e+00  2.178345e-01 -1.136609e-01
      vertex  7.099132e+00  2.180689e-01 -1.117257e-01
    endloop
  endfacet
  facet normal  9.545404e-01  7.117501e-02  2.894598e-01
    outer loop
      vertex  7.099237e+00  2.162277e-01 -1.116205e-01
      vertex  7.099132e+00  2.180689e-01 -1.117257e-01
      vertex  7.098668e+00  2.162277e-01 -1.097446e-01
    endloop
  endfacet
  facet normal  9.541363e-01  7.238501e-02  2.904898e-01
    outer loop
      vertex  7.098668e+00  2.162277e-01 -1.097446e-01
      vertex  7.099132e+00  2.180689e-01 -1.117257e-01
      vertex  7.098551e+00  2.182431e-01 -1.098615e-01
    endloop
  endfacet
  facet normal  8.792022e-01  7.843357e-02  4.699486e-01
    outer loop
      vertex  7.098668e+00  2.162277e-01 -1.097446e-01
      vertex  7.098551e+00  2.182431e-01 -1.098615e-01
      vertex  7.097744e+00  2.162277e-01 -1.080157e-01
    endloop
  endfacet
  facet normal  8.788718e-01  7.903880e-02  4.704649e-01
    outer loop
      vertex  7.097744e+00  2.162277e-01 -1.080157e-01
      vertex  7.098551e+00  2.182431e-01 -1.098615e-01
      vertex  7.097620e+00  2.183503e-01 -1.081398e-01
    endloop
  endfacet
  facet normal  7.776531e-01  8.204154e-02  6.233176e-01
    outer loop
      vertex  7.097744e+00  2.162277e-01 -1.080157e-01
      vertex  7.097620e+00  2.183503e-01 -1.081398e-01
      vertex  7.096500e+00  2.165008e-01 -1.065002e-01
    endloop
  endfacet
  facet normal  5.117748e-01  5.914206e-01 -6.231440e-01
    outer loop
      vertex  7.093249e+00  2.227506e-01 -1.203803e-01
      vertex  7.093749e+00  2.235070e-01 -1.192517e-01
      vertex  7.094327e+00  2.213743e-01 -1.208008e-01
    endloop
  endfacet
  facet normal  3.972071e-01  6.074184e-01 -6.879458e-01
    outer loop
      vertex  7.094327e+00  2.213743e-01 -1.208008e-01
      vertex  7.093749e+00  2.235070e-01 -1.192517e-01
      vertex  7.094774e+00  2.220058e-01 -1.199853e-01
    endloop
  endfacet
  facet normal  5.986012e-01  4.405102e-01 -6.690496e-01
    outer loop
      vertex  7.094327e+00  2.213743e-01 -1.208008e-01
      vertex  7.094774e+00  2.220058e-01 -1.199853e-01
      vertex  7.095248e+00  2.198404e-01 -1.209873e-01
    endloop
  endfacet
  facet normal  1.813589e-01  9.146371e-01 -3.613142e-01
    outer loop
      vertex  7.090759e+00  2.248589e-01 -1.188995e-01
      vertex  7.089429e+00  2.255225e-01 -1.178869e-01
      vertex  7.092558e+00  2.247391e-01 -1.182997e-01
    endloop
  endfacet
  facet normal  1.708546e-01  8.970559e-01 -4.075526e-01
    outer loop
      vertex  7.092558e+00  2.247391e-01 -1.182997e-01
      vertex  7.089429e+00  2.255225e-01 -1.178869e-01
      vertex  7.091496e+00  2.259706e-01 -1.160340e-01
    endloop
  endfacet
  facet normal  2.940446e-01  8.907965e-01 -3.464380e-01
    outer loop
      vertex  7.092558e+00  2.247391e-01 -1.182997e-01
      vertex  7.091496e+00  2.259706e-01 -1.160340e-01
      vertex  7.093670e+00  2.248047e-01 -1.171870e-01
    endloop
  endfacet
  facet normal  4.246399e-01  7.737437e-01 -4.701079e-01
    outer loop
      vertex  7.092558e+00  2.247391e-01 -1.182997e-01
      vertex  7.093670e+00  2.248047e-01 -1.171870e-01
      vertex  7.093749e+00  2.235070e-01 -1.192517e-01
    endloop
  endfacet
  facet normal  4.246440e-01  7.737422e-01 -4.701068e-01
    outer loop
      vertex  7.093749e+00  2.235070e-01 -1.192517e-01
      vertex  7.093670e+00  2.248047e-01 -1.171870e-01
      vertex  7.094695e+00  2.235628e-01 -1.183053e-01
    endloop
  endfacet
  facet normal  5.269503e-01  6.355708e-01 -5.642455e-01
    outer loop
      vertex  7.093749e+00  2.235070e-01 -1.192517e-01
      vertex  7.094695e+00  2.235628e-01 -1.183053e-01
      vertex  7.094774e+00  2.220058e-01 -1.199853e-01
    endloop
  endfacet
  facet normal  5.269102e-01  6.355881e-01 -5.642635e-01
    outer loop
      vertex  7.094774e+00  2.220058e-01 -1.199853e-01
      vertex  7.094695e+00  2.235628e-01 -1.183053e-01
      vertex  7.095518e+00  2.220496e-01 -1.192418e-01
    endloop
  endfacet
  facet normal  6.200528e-01  4.449798e-01 -6.461638e-01
    outer loop
      vertex  7.094774e+00  2.220058e-01 -1.199853e-01
      vertex  7.095518e+00  2.220496e-01 -1.192418e-01
      vertex  7.096613e+00  2.202162e-01 -1.194533e-01
    endloop
  endfacet
  facet normal  6.118512e-01  6.292115e-01 -4.793027e-01
    outer loop
      vertex  7.096254e+00  2.218943e-01 -1.185058e-01
      vertex  7.095518e+00  2.220496e-01 -1.192418e-01
      vertex  7.095632e+00  2.233652e-01 -1.173686e-01
    endloop
  endfacet
  facet normal  6.118796e-01  6.291926e-01 -4.792912e-01
    outer loop
      vertex  7.095632e+00  2.233652e-01 -1.173686e-01
      vertex  7.095518e+00  2.220496e-01 -1.192418e-01
      vertex  7.094695e+00  2.235628e-01 -1.183053e-01
    endloop
  endfacet
  facet normal  5.280711e-01  7.659914e-01 -3.666035e-01
    outer loop
      vertex  7.095632e+00  2.233652e-01 -1.173686e-01
      vertex  7.094695e+00  2.235628e-01 -1.183053e-01
      vertex  7.094772e+00  2.245723e-01 -1.160855e-01
    endloop
  endfacet
  facet normal  5.281667e-01  7.659360e-01 -3.665816e-01
    outer loop
      vertex  7.094772e+00  2.245723e-01 -1.160855e-01
      vertex  7.094695e+00  2.235628e-01 -1.183053e-01
      vertex  7.093670e+00  2.248047e-01 -1.171870e-01
    endloop
  endfacet
  facet normal  4.013189e-01  8.907297e-01 -2.134097e-01
    outer loop
      vertex  7.094772e+00  2.245723e-01 -1.160855e-01
      vertex  7.093670e+00  2.248047e-01 -1.171870e-01
      vertex  7.093282e+00  2.257132e-01 -1.141258e-01
    endloop
  endfacet
  facet normal  6.947569e-01  6.001051e-01 -3.964677e-01
    outer loop
      vertex  7.096956e+00  2.215455e-01 -1.178037e-01
      vertex  7.096254e+00  2.218943e-01 -1.185058e-01
      vertex  7.096526e+00  2.229213e-01 -1.164750e-01
    endloop
  endfacet
  facet normal  6.946544e-01  6.002008e-01 -3.965024e-01
    outer loop
      vertex  7.096526e+00  2.229213e-01 -1.164750e-01
      vertex  7.096254e+00  2.218943e-01 -1.185058e-01
      vertex  7.095632e+00  2.233652e-01 -1.173686e-01
    endloop
  endfacet
  facet normal  6.288453e-01  7.306538e-01 -2.658921e-01
    outer loop
      vertex  7.096526e+00  2.229213e-01 -1.164750e-01
      vertex  7.095632e+00  2.233652e-01 -1.173686e-01
      vertex  7.095823e+00  2.240503e-01 -1.150347e-01
    endloop
  endfacet
  facet normal  6.287704e-01  7.307141e-01 -2.659037e-01
    outer loop
      vertex  7.095823e+00  2.240503e-01 -1.150347e-01
      vertex  7.095632e+00  2.233652e-01 -1.173686e-01
      vertex  7.094772e+00  2.245723e-01 -1.160855e-01
    endloop
  endfacet
  facet normal  5.199707e-01  8.484755e-01 -9.858883e-02
    outer loop
      vertex  7.095823e+00  2.240503e-01 -1.150347e-01
      vertex  7.094772e+00  2.245723e-01 -1.160855e-01
      vertex  7.093282e+00  2.257132e-01 -1.141258e-01
    endloop
  endfacet
  facet normal  7.721263e-01  5.495226e-01 -3.191331e-01
    outer loop
      vertex  7.097599e+00  2.210158e-01 -1.171607e-01
      vertex  7.096956e+00  2.215455e-01 -1.178037e-01
      vertex  7.097344e+00  2.222470e-01 -1.156566e-01
    endloop
  endfacet
  facet normal  7.720653e-01  5.496001e-01 -3.191474e-01
    outer loop
      vertex  7.097344e+00  2.222470e-01 -1.156566e-01
      vertex  7.096956e+00  2.215455e-01 -1.178037e-01
      vertex  7.096526e+00  2.229213e-01 -1.164750e-01
    endloop
  endfacet
  facet normal  7.230654e-01  6.690992e-01 -1.717055e-01
    outer loop
      vertex  7.097344e+00  2.222470e-01 -1.156566e-01
      vertex  7.096526e+00  2.229213e-01 -1.164750e-01
      vertex  7.096785e+00  2.232575e-01 -1.140724e-01
    endloop
  endfacet
  facet normal  7.230284e-01  6.691387e-01 -1.717070e-01
    outer loop
      vertex  7.096785e+00  2.232575e-01 -1.140724e-01
      vertex  7.096526e+00  2.229213e-01 -1.164750e-01
      vertex  7.095823e+00  2.240503e-01 -1.150347e-01
    endloop
  endfacet
  facet normal  6.463915e-01  7.627956e-01 -1.791328e-02
    outer loop
      vertex  7.096785e+00  2.232575e-01 -1.140724e-01
      vertex  7.095823e+00  2.240503e-01 -1.150347e-01
      vertex  7.095943e+00  2.240084e-01 -1.124690e-01
    endloop
  endfacet
  facet normal  6.464330e-01  7.627603e-01 -1.791582e-02
    outer loop
      vertex  7.095943e+00  2.240084e-01 -1.124690e-01
      vertex  7.095823e+00  2.240503e-01 -1.150347e-01
      vertex  7.094874e+00  2.248893e-01 -1.135382e-01
    endloop
  endfacet
  facet normal  5.900786e-01  8.040863e-01  7.247473e-02
    outer loop
      vertex  7.095943e+00  2.240084e-01 -1.124690e-01
      vertex  7.094874e+00  2.248893e-01 -1.135382e-01
      vertex  7.094801e+00  2.248207e-01 -1.121794e-01
    endloop
  endfacet
  facet normal  8.410591e-01  4.796936e-01 -2.500272e-01
    outer loop
      vertex  7.098160e+00  2.203241e-01 -1.165998e-01
      vertex  7.097599e+00  2.210158e-01 -1.171607e-01
      vertex  7.098058e+00  2.213667e-01 -1.149428e-01
    endloop
  endfacet
  facet normal  8.412392e-01  4.793839e-01 -2.500155e-01
    outer loop
      vertex  7.098058e+00  2.213667e-01 -1.149428e-01
      vertex  7.097599e+00  2.210158e-01 -1.171607e-01
      vertex  7.097344e+00  2.222470e-01 -1.156566e-01
    endloop
  endfacet
  facet normal  8.072746e-01  5.836634e-01 -8.743394e-02
    outer loop
      vertex  7.098058e+00  2.213667e-01 -1.149428e-01
      vertex  7.097344e+00  2.222470e-01 -1.156566e-01
      vertex  7.097624e+00  2.222223e-01 -1.132331e-01
    endloop
  endfacet
  facet normal  8.073255e-01  5.835920e-01 -8.744056e-02
    outer loop
      vertex  7.097624e+00  2.222223e-01 -1.132331e-01
      vertex  7.097344e+00  2.222470e-01 -1.156566e-01
      vertex  7.096785e+00  2.232575e-01 -1.140724e-01
    endloop
  endfacet
  facet normal  7.425038e-01  6.652716e-01  7.811427e-02
    outer loop
      vertex  7.097624e+00  2.222223e-01 -1.132331e-01
      vertex  7.096785e+00  2.232575e-01 -1.140724e-01
      vertex  7.096876e+00  2.228581e-01 -1.115364e-01
    endloop
  endfacet
  facet normal  7.424334e-01  6.653485e-01  7.812889e-02
    outer loop
      vertex  7.096876e+00  2.228581e-01 -1.115364e-01
      vertex  7.096785e+00  2.232575e-01 -1.140724e-01
      vertex  7.095943e+00  2.240084e-01 -1.124690e-01
    endloop
  endfacet
  facet normal  6.651867e-01  7.146828e-01  2.162293e-01
    outer loop
      vertex  7.096876e+00  2.228581e-01 -1.115364e-01
      vertex  7.095943e+00  2.240084e-01 -1.124690e-01
      vertex  7.095950e+00  2.233547e-01 -1.103289e-01
    endloop
  endfacet
  facet normal  7.518399e-01  5.614509e-01  3.457016e-01
    outer loop
      vertex  7.095950e+00  2.233547e-01 -1.103289e-01
      vertex  7.096650e+00  2.214162e-01 -1.087020e-01
      vertex  7.096876e+00  2.228581e-01 -1.115364e-01
    endloop
  endfacet
  facet normal  7.172229e-01  5.962611e-01  3.606440e-01
    outer loop
      vertex  7.096876e+00  2.228581e-01 -1.115364e-01
      vertex  7.096650e+00  2.214162e-01 -1.087020e-01
      vertex  7.097639e+00  2.214797e-01 -1.107738e-01
    endloop
  endfacet
  facet normal  8.238403e-01  5.439340e-01  1.594462e-01
    outer loop
      vertex  7.096876e+00  2.228581e-01 -1.115364e-01
      vertex  7.097639e+00  2.214797e-01 -1.107738e-01
      vertex  7.097624e+00  2.222223e-01 -1.132331e-01
    endloop
  endfacet
  facet normal  8.238517e-01  5.439181e-01  1.594413e-01
    outer loop
      vertex  7.097624e+00  2.222223e-01 -1.132331e-01
      vertex  7.097639e+00  2.214797e-01 -1.107738e-01
      vertex  7.098310e+00  2.209818e-01 -1.125468e-01
    endloop
  endfacet
  facet normal  8.786685e-01  4.771630e-01 -1.603653e-02
    outer loop
      vertex  7.097624e+00  2.222223e-01 -1.132331e-01
      vertex  7.098310e+00  2.209818e-01 -1.125468e-01
      vertex  7.098058e+00  2.213667e-01 -1.149428e-01
    endloop
  endfacet
  facet normal  8.786272e-01  4.772395e-01 -1.601987e-02
    outer loop
      vertex  7.098058e+00  2.213667e-01 -1.149428e-01
      vertex  7.098310e+00  2.209818e-01 -1.125468e-01
      vertex  7.098641e+00  2.203117e-01 -1.143592e-01
    endloop
  endfacet
  facet normal  8.998484e-01  3.920388e-01 -1.912547e-01
    outer loop
      vertex  7.098058e+00  2.213667e-01 -1.149428e-01
      vertex  7.098641e+00  2.203117e-01 -1.143592e-01
      vertex  7.098160e+00  2.203241e-01 -1.165998e-01
    endloop
  endfacet
  facet normal  8.999741e-01  3.917361e-01 -1.912833e-01
    outer loop
      vertex  7.098160e+00  2.203241e-01 -1.165998e-01
      vertex  7.098641e+00  2.203117e-01 -1.143592e-01
      vertex  7.098618e+00  2.194952e-01 -1.161413e-01
    endloop
  endfacet
  facet normal  8.865546e-01  2.913297e-01 -3.593717e-01
    outer loop
      vertex  7.098160e+00  2.203241e-01 -1.165998e-01
      vertex  7.098618e+00  2.194952e-01 -1.161413e-01
      vertex  7.098242e+00  2.185636e-01 -1.178246e-01
    endloop
  endfacet
  facet normal  8.060361e-01  4.379038e-01  3.981782e-01
    outer loop
      vertex  7.096650e+00  2.214162e-01 -1.087020e-01
      vertex  7.097251e+00  2.201335e-01 -1.085085e-01
      vertex  7.097639e+00  2.214797e-01 -1.107738e-01
    endloop
  endfacet
  facet normal  8.066413e-01  4.371188e-01  3.978153e-01
    outer loop
      vertex  7.097639e+00  2.214797e-01 -1.107738e-01
      vertex  7.097251e+00  2.201335e-01 -1.085085e-01
      vertex  7.098204e+00  2.199228e-01 -1.102088e-01
    endloop
  endfacet
  facet normal  8.875451e-01  4.030842e-01  2.231291e-01
    outer loop
      vertex  7.097639e+00  2.214797e-01 -1.107738e-01
      vertex  7.098204e+00  2.199228e-01 -1.102088e-01
      vertex  7.098310e+00  2.209818e-01 -1.125468e-01
    endloop
  endfacet
  facet normal  8.874601e-01  4.032356e-01  2.231939e-01
    outer loop
      vertex  7.098310e+00  2.209818e-01 -1.125468e-01
      vertex  7.098204e+00  2.199228e-01 -1.102088e-01
      vertex  7.098819e+00  2.195806e-01 -1.120383e-01
    endloop
  endfacet
  facet normal  9.344855e-01  3.537660e-01  3.983155e-02
    outer loop
      vertex  7.098310e+00  2.209818e-01 -1.125468e-01
      vertex  7.098819e+00  2.195806e-01 -1.120383e-01
      vertex  7.098641e+00  2.203117e-01 -1.143592e-01
    endloop
  endfacet
  facet normal  9.345441e-01  3.536167e-01  3.978002e-02
    outer loop
      vertex  7.098641e+00  2.203117e-01 -1.143592e-01
      vertex  7.098819e+00  2.195806e-01 -1.120383e-01
      vertex  7.099074e+00  2.191201e-01 -1.139267e-01
    endloop
  endfacet
  facet normal  9.457650e-01  2.904553e-01 -1.454794e-01
    outer loop
      vertex  7.098641e+00  2.203117e-01 -1.143592e-01
      vertex  7.099074e+00  2.191201e-01 -1.139267e-01
      vertex  7.098618e+00  2.194952e-01 -1.161413e-01
    endloop
  endfacet
  facet normal  9.457180e-01  2.906279e-01 -1.454404e-01
    outer loop
      vertex  7.098618e+00  2.194952e-01 -1.161413e-01
      vertex  7.099074e+00  2.191201e-01 -1.139267e-01
      vertex  7.098958e+00  2.185589e-01 -1.158015e-01
    endloop
  endfacet
  facet normal  8.929367e-01  1.734855e-01 -4.154116e-01
    outer loop
      vertex  7.098618e+00  2.194952e-01 -1.161413e-01
      vertex  7.098958e+00  2.185589e-01 -1.158015e-01
      vertex  7.098668e+00  2.162277e-01 -1.173983e-01
    endloop
  endfacet
  facet normal  9.773326e-01  1.785647e-01 -1.137346e-01
    outer loop
      vertex  7.099167e+00  2.175488e-01 -1.155926e-01
      vertex  7.098958e+00  2.185589e-01 -1.158015e-01
      vertex  7.099339e+00  2.178345e-01 -1.136609e-01
    endloop
  endfacet
  facet normal  9.773578e-01  1.783851e-01 -1.137999e-01
    outer loop
      vertex  7.099339e+00  2.178345e-01 -1.136609e-01
      vertex  7.098958e+00  2.185589e-01 -1.158015e-01
      vertex  7.099074e+00  2.191201e-01 -1.139267e-01
    endloop
  endfacet
  facet normal  9.729908e-01  2.171868e-01  7.822312e-02
    outer loop
      vertex  7.099339e+00  2.178345e-01 -1.136609e-01
      vertex  7.099074e+00  2.191201e-01 -1.139267e-01
      vertex  7.099132e+00  2.180689e-01 -1.117257e-01
    endloop
  endfacet
  facet normal  9.729872e-01  2.172003e-01  7.822967e-02
    outer loop
      vertex  7.099132e+00  2.180689e-01 -1.117257e-01
      vertex  7.099074e+00  2.191201e-01 -1.139267e-01
      vertex  7.098819e+00  2.195806e-01 -1.120383e-01
    endloop
  endfacet
  facet normal  9.313348e-01  2.476283e-01  2.670129e-01
    outer loop
      vertex  7.099132e+00  2.180689e-01 -1.117257e-01
      vertex  7.098819e+00  2.195806e-01 -1.120383e-01
      vertex  7.098551e+00  2.182431e-01 -1.098615e-01
    endloop
  endfacet
  facet normal  9.313114e-01  2.476830e-01  2.670436e-01
    outer loop
      vertex  7.098551e+00  2.182431e-01 -1.098615e-01
      vertex  7.098819e+00  2.195806e-01 -1.120383e-01
      vertex  7.098204e+00  2.199228e-01 -1.102088e-01
    endloop
  endfacet
  facet normal  8.541542e-01  2.685910e-01  4.452860e-01
    outer loop
      vertex  7.098551e+00  2.182431e-01 -1.098615e-01
      vertex  7.098204e+00  2.199228e-01 -1.102088e-01
      vertex  7.097620e+00  2.183503e-01 -1.081398e-01
    endloop
  endfacet
  facet normal  8.541318e-01  2.686272e-01  4.453072e-01
    outer loop
      vertex  7.097620e+00  2.183503e-01 -1.081398e-01
      vertex  7.098204e+00  2.199228e-01 -1.102088e-01
      vertex  7.097251e+00  2.201335e-01 -1.085085e-01
    endloop
  endfacet
  facet normal  7.956223e-01  2.759640e-01  5.392857e-01
    outer loop
      vertex  7.097620e+00  2.183503e-01 -1.081398e-01
      vertex  7.097251e+00  2.201335e-01 -1.085085e-01
      vertex  7.096852e+00  2.191389e-01 -1.074107e-01
    endloop
  endfacet
  facet normal  5.021102e-01 -4.197818e-01 -7.560876e-01
    outer loop
      vertex  7.055020e+00 -1.957649e-01 -1.611227e-01
      vertex  7.094327e+00 -2.213743e-01 -1.208008e-01
      vertex  7.053858e+00 -1.972526e-01 -1.610684e-01
    endloop
  endfacet
  facet normal  4.106666e-01 -3.267842e-01 -8.512139e-01
    outer loop
      vertex  6.996120e+00 -1.327540e-01 -2.200449e-01
      vertex  7.014537e+00 -1.595733e-01 -2.008636e-01
      vertex  6.994656e+00 -1.338786e-01 -2.203198e-01
    endloop
  endfacet
  facet normal  4.720062e-01 -3.543678e-02 -8.808827e-01
    outer loop
      vertex  6.958643e+00 -6.530028e-03 -2.582273e-01
      vertex  6.960360e+00 -3.728600e-02 -2.560703e-01
      vertex  6.956915e+00 -6.601395e-03 -2.591507e-01
    endloop
  endfacet
  facet normal  3.783472e-01 -5.031068e-02 -9.242955e-01
    outer loop
      vertex  6.960360e+00 -3.728600e-02 -2.560703e-01
      vertex  6.958909e+00 -3.759904e-02 -2.566472e-01
      vertex  6.956915e+00 -6.601395e-03 -2.591507e-01
    endloop
  endfacet
  facet normal  2.911119e-01 -5.839487e-02 -9.549053e-01
    outer loop
      vertex  6.955039e+00 -6.667161e-03 -2.597187e-01
      vertex  6.956915e+00 -6.601395e-03 -2.591507e-01
      vertex  6.958909e+00 -3.759904e-02 -2.566472e-01
    endloop
  endfacet
  facet normal  4.746121e-01  7.105436e-02 -8.773225e-01
    outer loop
      vertex  6.960036e+00  2.688048e-02 -2.568305e-01
      vertex  6.958308e+00  2.717452e-02 -2.577415e-01
      vertex  6.964734e+00  5.928937e-02 -2.516643e-01
    endloop
  endfacet
  facet normal  3.765779e-01  9.895143e-02 -9.210852e-01
    outer loop
      vertex  6.964734e+00  5.928937e-02 -2.516643e-01
      vertex  6.958308e+00  2.717452e-02 -2.577415e-01
      vertex  6.963282e+00  5.978769e-02 -2.522045e-01
    endloop
  endfacet
  facet normal  2.951327e-01  1.160069e-01 -9.483876e-01
    outer loop
      vertex  6.963282e+00  5.978769e-02 -2.522045e-01
      vertex  6.958308e+00  2.717452e-02 -2.577415e-01
      vertex  6.956430e+00  2.744513e-02 -2.582927e-01
    endloop
  endfacet
  facet normal  4.150394e-01  3.616943e-01 -8.348171e-01
    outer loop
      vertex  7.006454e+00  1.477522e-01 -2.096331e-01
      vertex  7.004985e+00  1.490073e-01 -2.098197e-01
      vertex  7.026205e+00  1.725795e-01 -1.890569e-01
    endloop
  endfacet
  facet normal  5.120135e-01  3.945239e-01 -7.630158e-01
    outer loop
      vertex  7.091512e+00  2.179770e-01 -1.247393e-01
      vertex  7.048572e+00  1.930941e-01 -1.664197e-01
      vertex  7.090590e+00  2.194928e-01 -1.245743e-01
    endloop
  endfacet
  facet normal  6.834533e-01  8.498412e-02 -7.250306e-01
    outer loop
      vertex  7.096500e+00  2.165016e-01 -1.206425e-01
      vertex  7.092781e+00  2.146828e-01 -1.243617e-01
      vertex  7.095980e+00  2.181985e-01 -1.209340e-01
    endloop
  endfacet
  facet normal  6.839200e-01  8.421722e-02 -7.246797e-01
    outer loop
      vertex  7.095980e+00  2.181985e-01 -1.209340e-01
      vertex  7.092781e+00  2.146828e-01 -1.243617e-01
      vertex  7.092251e+00  2.163565e-01 -1.246676e-01
    endloop
  endfacet
  facet normal  6.195794e-01  2.522328e-01 -7.433035e-01
    outer loop
      vertex  7.095980e+00  2.181985e-01 -1.209340e-01
      vertex  7.092251e+00  2.163565e-01 -1.246676e-01
      vertex  7.095248e+00  2.198404e-01 -1.209873e-01
    endloop
  endfacet
  facet normal  6.211026e-01  2.502775e-01 -7.426929e-01
    outer loop
      vertex  7.095248e+00  2.198404e-01 -1.209873e-01
      vertex  7.092251e+00  2.163565e-01 -1.246676e-01
      vertex  7.091512e+00  2.179770e-01 -1.247393e-01
    endloop
  endfacet
  facet normal  5.357152e-01  4.111135e-01 -7.375600e-01
    outer loop
      vertex  7.095248e+00  2.198404e-01 -1.209873e-01
      vertex  7.091512e+00  2.179770e-01 -1.247393e-01
      vertex  7.094327e+00  2.213743e-01 -1.208008e-01
    endloop
  endfacet
  facet normal  5.387869e-01  4.079868e-01 -7.370586e-01
    outer loop
      vertex  7.094327e+00  2.213743e-01 -1.208008e-01
      vertex  7.091512e+00  2.179770e-01 -1.247393e-01
      vertex  7.090590e+00  2.194928e-01 -1.245743e-01
    endloop
  endfacet
  facet normal  4.345054e-01  5.567737e-01 -7.079605e-01
    outer loop
      vertex  7.094327e+00  2.213743e-01 -1.208008e-01
      vertex  7.090590e+00  2.194928e-01 -1.245743e-01
      vertex  7.093249e+00  2.227506e-01 -1.203803e-01
    endloop
  endfacet
  facet normal  4.391617e-01  5.530412e-01 -7.080131e-01
    outer loop
      vertex  7.093249e+00  2.227506e-01 -1.203803e-01
      vertex  7.090590e+00  2.194928e-01 -1.245743e-01
      vertex  7.089512e+00  2.208559e-01 -1.241780e-01
    endloop
  endfacet
  facet normal  3.191069e-01  6.844885e-01 -6.554740e-01
    outer loop
      vertex  7.093249e+00  2.227506e-01 -1.203803e-01
      vertex  7.089512e+00  2.208559e-01 -1.241780e-01
      vertex  7.092046e+00  2.239248e-01 -1.197397e-01
    endloop
  endfacet
  facet normal  3.257364e-01  6.804215e-01 -6.564468e-01
    outer loop
      vertex  7.092046e+00  2.239248e-01 -1.197397e-01
      vertex  7.089512e+00  2.208559e-01 -1.241780e-01
      vertex  7.088314e+00  2.220229e-01 -1.235630e-01
    endloop
  endfacet
  facet normal  1.934739e-01  7.899650e-01 -5.818275e-01
    outer loop
      vertex  7.092046e+00  2.239248e-01 -1.197397e-01
      vertex  7.088314e+00  2.220229e-01 -1.235630e-01
      vertex  7.090759e+00  2.248589e-01 -1.188995e-01
    endloop
  endfacet
  facet normal  2.019914e-01  7.862124e-01 -5.840115e-01
    outer loop
      vertex  7.090759e+00  2.248589e-01 -1.188995e-01
      vertex  7.088314e+00  2.220229e-01 -1.235630e-01
      vertex  7.087033e+00  2.229568e-01 -1.227487e-01
    endloop
  endfacet
  facet normal  6.151823e-02  8.698949e-01 -4.893858e-01
    outer loop
      vertex  7.090759e+00  2.248589e-01 -1.188995e-01
      vertex  7.087033e+00  2.229568e-01 -1.227487e-01
      vertex  7.089429e+00  2.255225e-01 -1.178869e-01
    endloop
  endfacet
  facet normal  7.181755e-02  8.670751e-01 -4.929736e-01
    outer loop
      vertex  7.089429e+00  2.255225e-01 -1.178869e-01
      vertex  7.087033e+00  2.229568e-01 -1.227487e-01
      vertex  7.085710e+00  2.236279e-01 -1.217611e-01
    endloop
  endfacet
  facet normal  6.778914e-01 -8.725511e-02 -7.299656e-01
    outer loop
      vertex  7.056737e+00 -1.924970e-01 -1.604059e-01
      vertex  7.096500e+00 -2.162277e-01 -1.206425e-01
      vertex  7.055992e+00 -1.941606e-01 -1.608992e-01
    endloop
  endfacet
  facet normal  6.828204e-01 -7.272220e-02 -7.269579e-01
    outer loop
      vertex  7.055992e+00 -1.941606e-01 -1.608992e-01
      vertex  7.096500e+00 -2.162277e-01 -1.206425e-01
      vertex  7.095980e+00 -2.181985e-01 -1.209340e-01
    endloop
  endfacet
  facet normal  6.007727e-01 -2.583626e-01 -7.565190e-01
    outer loop
      vertex  7.055992e+00 -1.941606e-01 -1.608992e-01
      vertex  7.095980e+00 -2.181985e-01 -1.209340e-01
      vertex  7.055020e+00 -1.957649e-01 -1.611227e-01
    endloop
  endfacet
  facet normal  6.067814e-01 -2.461149e-01 -7.558067e-01
    outer loop
      vertex  7.055020e+00 -1.957649e-01 -1.611227e-01
      vertex  7.095980e+00 -2.181985e-01 -1.209340e-01
      vertex  7.095248e+00 -2.198404e-01 -1.209873e-01
    endloop
  endfacet
  facet normal  5.153384e-01 -4.012808e-01 -7.572317e-01
    outer loop
      vertex  7.055020e+00 -1.957649e-01 -1.611227e-01
      vertex  7.095248e+00 -2.198404e-01 -1.209873e-01
      vertex  7.094327e+00 -2.213743e-01 -1.208008e-01
    endloop
  endfacet
  facet normal  1.930135e-02 -8.476324e-01 -5.302328e-01
    outer loop
      vertex  7.089429e+00 -2.255225e-01 -1.178869e-01
      vertex  7.049666e+00 -2.005178e-01 -1.593072e-01
      vertex  7.090759e+00 -2.248589e-01 -1.188995e-01
    endloop
  endfacet
  facet normal  1.168897e-01 -7.936924e-01 -5.969835e-01
    outer loop
      vertex  7.090759e+00 -2.248589e-01 -1.188995e-01
      vertex  7.049666e+00 -2.005178e-01 -1.593072e-01
      vertex  7.051133e+00 -1.996722e-01 -1.601442e-01
    endloop
  endfacet
  facet normal  1.547806e-01 -7.700359e-01 -6.189407e-01
    outer loop
      vertex  7.090759e+00 -2.248589e-01 -1.188995e-01
      vertex  7.051133e+00 -1.996722e-01 -1.601442e-01
      vertex  7.092046e+00 -2.239248e-01 -1.197397e-01
    endloop
  endfacet
  facet normal  2.558256e-01 -6.923868e-01 -6.746509e-01
    outer loop
      vertex  7.092046e+00 -2.239248e-01 -1.197397e-01
      vertex  7.051133e+00 -1.996722e-01 -1.601442e-01
      vertex  7.052547e+00 -1.985707e-01 -1.607383e-01
    endloop
  endfacet
  facet normal  2.853636e-01 -6.675252e-01 -6.877338e-01
    outer loop
      vertex  7.092046e+00 -2.239248e-01 -1.197397e-01
      vertex  7.052547e+00 -1.985707e-01 -1.607383e-01
      vertex  7.093249e+00 -2.227506e-01 -1.203803e-01
    endloop
  endfacet
  facet normal  3.858187e-01 -5.662425e-01 -7.283635e-01
    outer loop
      vertex  7.093249e+00 -2.227506e-01 -1.203803e-01
      vertex  7.052547e+00 -1.985707e-01 -1.607383e-01
      vertex  7.053858e+00 -1.972526e-01 -1.610684e-01
    endloop
  endfacet
  facet normal  4.069254e-01 -5.432326e-01 -7.343772e-01
    outer loop
      vertex  7.093249e+00 -2.227506e-01 -1.203803e-01
      vertex  7.053858e+00 -1.972526e-01 -1.610684e-01
      vertex  7.094327e+00 -2.213743e-01 -1.208008e-01
    endloop
  endfacet
  facet normal  6.723827e-01 -7.678977e-02 -7.362098e-01
    outer loop
      vertex  7.037042e+00 -1.761289e-01 -1.801006e-01
      vertex  7.056737e+00 -1.924970e-01 -1.604059e-01
      vertex  7.036243e+00 -1.776128e-01 -1.806752e-01
    endloop
  endfacet
  facet normal  6.702845e-01 -8.158189e-02 -7.376063e-01
    outer loop
      vertex  7.036243e+00 -1.776128e-01 -1.806752e-01
      vertex  7.056737e+00 -1.924970e-01 -1.604059e-01
      vertex  7.055992e+00 -1.941606e-01 -1.608992e-01
    endloop
  endfacet
  facet normal  5.870022e-01 -2.278740e-01 -7.768537e-01
    outer loop
      vertex  7.036243e+00 -1.776128e-01 -1.806752e-01
      vertex  7.055992e+00 -1.941606e-01 -1.608992e-01
      vertex  7.035246e+00 -1.790497e-01 -1.810075e-01
    endloop
  endfacet
  facet normal  5.787094e-01 -2.418950e-01 -7.788340e-01
    outer loop
      vertex  7.035246e+00 -1.790497e-01 -1.810075e-01
      vertex  7.055992e+00 -1.941606e-01 -1.608992e-01
      vertex  7.055020e+00 -1.957649e-01 -1.611227e-01
    endloop
  endfacet
  facet normal  4.829813e-01 -3.717545e-01 -7.927974e-01
    outer loop
      vertex  7.035246e+00 -1.790497e-01 -1.810075e-01
      vertex  7.055020e+00 -1.957649e-01 -1.611227e-01
      vertex  7.034081e+00 -1.803939e-01 -1.810869e-01
    endloop
  endfacet
  facet normal  4.665725e-01 -3.933413e-01 -7.922075e-01
    outer loop
      vertex  7.034081e+00 -1.803939e-01 -1.810869e-01
      vertex  7.055020e+00 -1.957649e-01 -1.611227e-01
      vertex  7.053858e+00 -1.972526e-01 -1.610684e-01
    endloop
  endfacet
  facet normal  3.636455e-01 -5.038028e-01 -7.835463e-01
    outer loop
      vertex  7.034081e+00 -1.803939e-01 -1.810869e-01
      vertex  7.053858e+00 -1.972526e-01 -1.610684e-01
      vertex  7.032785e+00 -1.816030e-01 -1.809107e-01
    endloop
  endfacet
  facet normal  3.377921e-01 -5.307235e-01 -7.773217e-01
    outer loop
      vertex  7.032785e+00 -1.816030e-01 -1.809107e-01
      vertex  7.053858e+00 -1.972526e-01 -1.610684e-01
      vertex  7.052547e+00 -1.985707e-01 -1.607383e-01
    endloop
  endfacet
  facet normal  2.329358e-01 -6.197198e-01 -7.494587e-01
    outer loop
      vertex  7.032785e+00 -1.816030e-01 -1.809107e-01
      vertex  7.052547e+00 -1.985707e-01 -1.607383e-01
      vertex  7.031401e+00 -1.826385e-01 -1.804847e-01
    endloop
  endfacet
  facet normal  1.969513e-01 -6.491803e-01 -7.346939e-01
    outer loop
      vertex  7.031401e+00 -1.826385e-01 -1.804847e-01
      vertex  7.052547e+00 -1.985707e-01 -1.607383e-01
      vertex  7.051133e+00 -1.996722e-01 -1.601442e-01
    endloop
  endfacet
  facet normal  9.481449e-02 -7.160317e-01 -6.915987e-01
    outer loop
      vertex  7.031401e+00 -1.826385e-01 -1.804847e-01
      vertex  7.051133e+00 -1.996722e-01 -1.601442e-01
      vertex  7.029971e+00 -1.834676e-01 -1.798224e-01
    endloop
  endfacet
  facet normal  4.916553e-02 -7.444270e-01 -6.658914e-01
    outer loop
      vertex  7.029971e+00 -1.834676e-01 -1.798224e-01
      vertex  7.051133e+00 -1.996722e-01 -1.601442e-01
      vertex  7.049666e+00 -2.005178e-01 -1.593072e-01
    endloop
  endfacet
  facet normal  6.696186e-01 -6.729160e-02 -7.396504e-01
    outer loop
      vertex  7.017576e+00 -1.558698e-01 -1.995665e-01
      vertex  7.037042e+00 -1.761289e-01 -1.801006e-01
      vertex  7.016727e+00 -1.571516e-01 -2.002183e-01
    endloop
  endfacet
  facet normal  6.671120e-01 -7.191271e-02 -7.414784e-01
    outer loop
      vertex  7.016727e+00 -1.571516e-01 -2.002183e-01
      vertex  7.037042e+00 -1.761289e-01 -1.801006e-01
      vertex  7.036243e+00 -1.776128e-01 -1.806752e-01
    endloop
  endfacet
  facet normal  5.806461e-01 -1.999786e-01 -7.892140e-01
    outer loop
      vertex  7.016727e+00 -1.571516e-01 -2.002183e-01
      vertex  7.036243e+00 -1.776128e-01 -1.806752e-01
      vertex  7.015705e+00 -1.583977e-01 -2.006547e-01
    endloop
  endfacet
  facet normal  5.713215e-01 -2.133679e-01 -7.925060e-01
    outer loop
      vertex  7.015705e+00 -1.583977e-01 -2.006547e-01
      vertex  7.036243e+00 -1.776128e-01 -1.806752e-01
      vertex  7.035246e+00 -1.790497e-01 -1.810075e-01
    endloop
  endfacet
  facet normal  4.754048e-01 -3.271276e-01 -8.166871e-01
    outer loop
      vertex  7.015705e+00 -1.583977e-01 -2.006547e-01
      vertex  7.035246e+00 -1.790497e-01 -1.810075e-01
      vertex  7.014537e+00 -1.595733e-01 -2.008636e-01
    endloop
  endfacet
  facet normal  4.573470e-01 -3.480316e-01 -8.183568e-01
    outer loop
      vertex  7.014537e+00 -1.595733e-01 -2.008636e-01
      vertex  7.035246e+00 -1.790497e-01 -1.810075e-01
      vertex  7.034081e+00 -1.803939e-01 -1.810869e-01
    endloop
  endfacet
  facet normal  3.570874e-01 -4.449315e-01 -8.212944e-01
    outer loop
      vertex  7.014537e+00 -1.595733e-01 -2.008636e-01
      vertex  7.034081e+00 -1.803939e-01 -1.810869e-01
      vertex  7.013258e+00 -1.606455e-01 -2.008392e-01
    endloop
  endfacet
  facet normal  3.288709e-01 -4.715873e-01 -8.181989e-01
    outer loop
      vertex  7.013258e+00 -1.606455e-01 -2.008392e-01
      vertex  7.034081e+00 -1.803939e-01 -1.810869e-01
      vertex  7.032785e+00 -1.816030e-01 -1.809107e-01
    endloop
  endfacet
  facet normal  2.287917e-01 -5.503585e-01 -8.029694e-01
    outer loop
      vertex  7.013258e+00 -1.606455e-01 -2.008392e-01
      vertex  7.032785e+00 -1.816030e-01 -1.809107e-01
      vertex  7.011901e+00 -1.615847e-01 -2.005821e-01
    endloop
  endfacet
  facet normal  1.901194e-01 -5.800251e-01 -7.921019e-01
    outer loop
      vertex  7.011901e+00 -1.615847e-01 -2.005821e-01
      vertex  7.032785e+00 -1.816030e-01 -1.809107e-01
      vertex  7.031401e+00 -1.826385e-01 -1.804847e-01
    endloop
  endfacet
  facet normal  9.419437e-02 -6.403832e-01 -7.622576e-01
    outer loop
      vertex  7.011901e+00 -1.615847e-01 -2.005821e-01
      vertex  7.031401e+00 -1.826385e-01 -1.804847e-01
      vertex  7.010505e+00 -1.623644e-01 -2.000994e-01
    endloop
  endfacet
  facet normal  4.533595e-02 -6.700802e-01 -7.409030e-01
    outer loop
      vertex  7.010505e+00 -1.623644e-01 -2.000994e-01
      vertex  7.031401e+00 -1.826385e-01 -1.804847e-01
      vertex  7.029971e+00 -1.834676e-01 -1.798224e-01
    endloop
  endfacet
  facet normal  6.583775e-01 -6.798656e-02 -7.496112e-01
    outer loop
      vertex  6.998516e+00 -1.302890e-01 -2.186270e-01
      vertex  7.017576e+00 -1.558698e-01 -1.995665e-01
      vertex  6.997422e+00 -1.315433e-01 -2.194739e-01
    endloop
  endfacet
  facet normal  6.636618e-01 -6.032330e-02 -7.455966e-01
    outer loop
      vertex  6.997422e+00 -1.315433e-01 -2.194739e-01
      vertex  7.017576e+00 -1.558698e-01 -1.995665e-01
      vertex  7.016727e+00 -1.571516e-01 -2.002183e-01
    endloop
  endfacet
  facet normal  5.445617e-01 -2.016353e-01 -8.141227e-01
    outer loop
      vertex  6.997422e+00 -1.315433e-01 -2.194739e-01
      vertex  7.016727e+00 -1.571516e-01 -2.002183e-01
      vertex  6.996120e+00 -1.327540e-01 -2.200449e-01
    endloop
  endfacet
  facet normal  5.632608e-01 -1.796568e-01 -8.065113e-01
    outer loop
      vertex  6.996120e+00 -1.327540e-01 -2.200449e-01
      vertex  7.016727e+00 -1.571516e-01 -2.002183e-01
      vertex  7.015705e+00 -1.583977e-01 -2.006547e-01
    endloop
  endfacet
  facet normal  4.483510e-01 -2.954683e-01 -8.436112e-01
    outer loop
      vertex  6.996120e+00 -1.327540e-01 -2.200449e-01
      vertex  7.015705e+00 -1.583977e-01 -2.006547e-01
      vertex  7.014537e+00 -1.595733e-01 -2.008636e-01
    endloop
  endfacet
  facet normal  4.104980e-02 -5.779345e-01 -8.150500e-01
    outer loop
      vertex  7.010505e+00 -1.623644e-01 -2.000994e-01
      vertex  6.991445e+00 -1.357177e-01 -2.199541e-01
      vertex  7.011901e+00 -1.615847e-01 -2.005821e-01
    endloop
  endfacet
  facet normal  1.066227e-01 -5.406277e-01 -8.344780e-01
    outer loop
      vertex  7.011901e+00 -1.615847e-01 -2.005821e-01
      vertex  6.991445e+00 -1.357177e-01 -2.199541e-01
      vertex  6.993079e+00 -1.348782e-01 -2.202892e-01
    endloop
  endfacet
  facet normal  1.831710e-01 -4.968621e-01 -8.482785e-01
    outer loop
      vertex  7.011901e+00 -1.615847e-01 -2.005821e-01
      vertex  6.993079e+00 -1.348782e-01 -2.202892e-01
      vertex  7.013258e+00 -1.606455e-01 -2.008392e-01
    endloop
  endfacet
  facet normal  2.631507e-01 -4.414416e-01 -8.578351e-01
    outer loop
      vertex  7.013258e+00 -1.606455e-01 -2.008392e-01
      vertex  6.993079e+00 -1.348782e-01 -2.202892e-01
      vertex  6.994656e+00 -1.338786e-01 -2.203198e-01
    endloop
  endfacet
  facet normal  3.202541e-01 -4.018041e-01 -8.578991e-01
    outer loop
      vertex  7.013258e+00 -1.606455e-01 -2.008392e-01
      vertex  6.994656e+00 -1.338786e-01 -2.203198e-01
      vertex  7.014537e+00 -1.595733e-01 -2.008636e-01
    endloop
  endfacet
  facet normal  6.554942e-01 -5.392220e-02 -7.532727e-01
    outer loop
      vertex  6.982333e+00 -1.009447e-01 -2.348098e-01
      vertex  6.998516e+00 -1.302890e-01 -2.186270e-01
      vertex  6.981196e+00 -1.018986e-01 -2.357308e-01
    endloop
  endfacet
  facet normal  6.518429e-01 -5.787843e-02 -7.561421e-01
    outer loop
      vertex  6.981196e+00 -1.018986e-01 -2.357308e-01
      vertex  6.998516e+00 -1.302890e-01 -2.186270e-01
      vertex  6.997422e+00 -1.315433e-01 -2.194739e-01
    endloop
  endfacet
  facet normal  5.376581e-01 -1.597255e-01 -8.278959e-01
    outer loop
      vertex  6.981196e+00 -1.018986e-01 -2.357308e-01
      vertex  6.997422e+00 -1.315433e-01 -2.194739e-01
      vertex  6.979879e+00 -1.028234e-01 -2.364080e-01
    endloop
  endfacet
  facet normal  5.248054e-01 -1.710878e-01 -8.338515e-01
    outer loop
      vertex  6.979879e+00 -1.028234e-01 -2.364080e-01
      vertex  6.997422e+00 -1.315433e-01 -2.194739e-01
      vertex  6.996120e+00 -1.327540e-01 -2.200449e-01
    endloop
  endfacet
  facet normal  4.032809e-01 -2.607053e-01 -8.771530e-01
    outer loop
      vertex  6.979879e+00 -1.028234e-01 -2.364080e-01
      vertex  6.996120e+00 -1.327540e-01 -2.200449e-01
      vertex  6.978420e+00 -1.036909e-01 -2.368208e-01
    endloop
  endfacet
  facet normal  3.793211e-01 -2.783319e-01 -8.824096e-01
    outer loop
      vertex  6.978420e+00 -1.036909e-01 -2.368208e-01
      vertex  6.996120e+00 -1.327540e-01 -2.200449e-01
      vertex  6.994656e+00 -1.338786e-01 -2.203198e-01
    endloop
  endfacet
  facet normal  2.568223e-01 -3.535404e-01 -8.994730e-01
    outer loop
      vertex  6.978420e+00 -1.036909e-01 -2.368208e-01
      vertex  6.994656e+00 -1.338786e-01 -2.203198e-01
      vertex  6.976866e+00 -1.044746e-01 -2.369566e-01
    endloop
  endfacet
  facet normal  2.206852e-01 -3.757389e-01 -9.000657e-01
    outer loop
      vertex  6.976866e+00 -1.044746e-01 -2.369566e-01
      vertex  6.994656e+00 -1.338786e-01 -2.203198e-01
      vertex  6.993079e+00 -1.348782e-01 -2.202892e-01
    endloop
  endfacet
  facet normal  1.025773e-01 -4.355583e-01 -8.942968e-01
    outer loop
      vertex  6.976866e+00 -1.044746e-01 -2.369566e-01
      vertex  6.993079e+00 -1.348782e-01 -2.202892e-01
      vertex  6.975262e+00 -1.051507e-01 -2.368112e-01
    endloop
  endfacet
  facet normal  5.452865e-02 -4.599066e-01 -8.862914e-01
    outer loop
      vertex  6.975262e+00 -1.051507e-01 -2.368112e-01
      vertex  6.993079e+00 -1.348782e-01 -2.202892e-01
      vertex  6.991445e+00 -1.357177e-01 -2.199541e-01
    endloop
  endfacet
  facet normal  6.531280e-01 -3.916314e-02 -7.562342e-01
    outer loop
      vertex  6.970233e+00 -6.909575e-02 -2.469097e-01
      vertex  6.982333e+00 -1.009447e-01 -2.348098e-01
      vertex  6.969066e+00 -6.973986e-02 -2.478845e-01
    endloop
  endfacet
  facet normal  6.498268e-01 -4.169947e-02 -7.589376e-01
    outer loop
      vertex  6.969066e+00 -6.973986e-02 -2.478845e-01
      vertex  6.982333e+00 -1.009447e-01 -2.348098e-01
      vertex  6.981196e+00 -1.018986e-01 -2.357308e-01
    endloop
  endfacet
  facet normal  5.316728e-01 -1.164891e-01 -8.389006e-01
    outer loop
      vertex  6.969066e+00 -6.973986e-02 -2.478845e-01
      vertex  6.981196e+00 -1.018986e-01 -2.357308e-01
      vertex  6.967737e+00 -7.036639e-02 -2.486397e-01
    endloop
  endfacet
  facet normal  5.208391e-01 -1.234780e-01 -8.446773e-01
    outer loop
      vertex  6.967737e+00 -7.036639e-02 -2.486397e-01
      vertex  6.981196e+00 -1.018986e-01 -2.357308e-01
      vertex  6.979879e+00 -1.028234e-01 -2.364080e-01
    endloop
  endfacet
  facet normal  3.958182e-01 -1.904785e-01 -8.983573e-01
    outer loop
      vertex  6.967737e+00 -7.036639e-02 -2.486397e-01
      vertex  6.979879e+00 -1.028234e-01 -2.364080e-01
      vertex  6.966283e+00 -7.095826e-02 -2.491548e-01
    endloop
  endfacet
  facet normal  3.758081e-01 -2.014849e-01 -9.045286e-01
    outer loop
      vertex  6.966283e+00 -7.095826e-02 -2.491548e-01
      vertex  6.979879e+00 -1.028234e-01 -2.364080e-01
      vertex  6.978420e+00 -1.036909e-01 -2.368208e-01
    endloop
  endfacet
  facet normal  2.493149e-01 -2.591561e-01 -9.331025e-01
    outer loop
      vertex  6.966283e+00 -7.095826e-02 -2.491548e-01
      vertex  6.978420e+00 -1.036909e-01 -2.368208e-01
      vertex  6.964744e+00 -7.149929e-02 -2.494157e-01
    endloop
  endfacet
  facet normal  2.195408e-01 -2.731660e-01 -9.365801e-01
    outer loop
      vertex  6.964744e+00 -7.149929e-02 -2.494157e-01
      vertex  6.978420e+00 -1.036909e-01 -2.368208e-01
      vertex  6.976866e+00 -1.044746e-01 -2.369566e-01
    endloop
  endfacet
  facet normal  9.609891e-02 -3.207013e-01 -9.422927e-01
    outer loop
      vertex  6.964744e+00 -7.149929e-02 -2.494157e-01
      vertex  6.976866e+00 -1.044746e-01 -2.369566e-01
      vertex  6.963162e+00 -7.197474e-02 -2.494152e-01
    endloop
  endfacet
  facet normal  5.665237e-02 -3.364532e-01 -9.399946e-01
    outer loop
      vertex  6.963162e+00 -7.197474e-02 -2.494152e-01
      vertex  6.976866e+00 -1.044746e-01 -2.369566e-01
      vertex  6.975262e+00 -1.051507e-01 -2.368112e-01
    endloop
  endfacet
  facet normal  6.509410e-01 -2.440302e-02 -7.587360e-01
    outer loop
      vertex  6.962882e+00 -3.661742e-02 -2.542612e-01
      vertex  6.970233e+00 -6.909575e-02 -2.469097e-01
      vertex  6.961695e+00 -3.695600e-02 -2.552682e-01
    endloop
  endfacet
  facet normal  6.489758e-01 -2.535435e-02 -7.603864e-01
    outer loop
      vertex  6.961695e+00 -3.695600e-02 -2.552682e-01
      vertex  6.970233e+00 -6.909575e-02 -2.469097e-01
      vertex  6.969066e+00 -6.973986e-02 -2.478845e-01
    endloop
  endfacet
  facet normal  5.267026e-01 -7.234343e-02 -8.469657e-01
    outer loop
      vertex  6.961695e+00 -3.695600e-02 -2.552682e-01
      vertex  6.969066e+00 -6.973986e-02 -2.478845e-01
      vertex  6.960360e+00 -3.728600e-02 -2.560703e-01
    endloop
  endfacet
  facet normal  5.193195e-01 -7.540374e-02 -8.512471e-01
    outer loop
      vertex  6.960360e+00 -3.728600e-02 -2.560703e-01
      vertex  6.969066e+00 -6.973986e-02 -2.478845e-01
      vertex  6.967737e+00 -7.036639e-02 -2.486397e-01
    endloop
  endfacet
  facet normal  3.888314e-01 -1.185194e-01 -9.136538e-01
    outer loop
      vertex  6.960360e+00 -3.728600e-02 -2.560703e-01
      vertex  6.967737e+00 -7.036639e-02 -2.486397e-01
      vertex  6.958909e+00 -3.759904e-02 -2.566472e-01
    endloop
  endfacet
  facet normal  3.756118e-01 -1.232755e-01 -9.185418e-01
    outer loop
      vertex  6.958909e+00 -3.759904e-02 -2.566472e-01
      vertex  6.967737e+00 -7.036639e-02 -2.486397e-01
      vertex  6.966283e+00 -7.095826e-02 -2.491548e-01
    endloop
  endfacet
  facet normal  2.413924e-01 -1.615554e-01 -9.568853e-01
    outer loop
      vertex  6.958909e+00 -3.759904e-02 -2.566472e-01
      vertex  6.966283e+00 -7.095826e-02 -2.491548e-01
      vertex  6.957380e+00 -3.788719e-02 -2.569843e-01
    endloop
  endfacet
  facet normal  2.218126e-01 -1.676967e-01 -9.605607e-01
    outer loop
      vertex  6.957380e+00 -3.788719e-02 -2.569843e-01
      vertex  6.966283e+00 -7.095826e-02 -2.491548e-01
      vertex  6.964744e+00 -7.149929e-02 -2.494157e-01
    endloop
  endfacet
  facet normal  8.789825e-02 -2.004573e-01 -9.757513e-01
    outer loop
      vertex  6.957380e+00 -3.788719e-02 -2.569843e-01
      vertex  6.964744e+00 -7.149929e-02 -2.494157e-01
      vertex  6.955811e+00 -3.814315e-02 -2.570731e-01
    endloop
  endfacet
  facet normal  6.206884e-02 -2.074931e-01 -9.762654e-01
    outer loop
      vertex  6.955811e+00 -3.814315e-02 -2.570731e-01
      vertex  6.964744e+00 -7.149929e-02 -2.494157e-01
      vertex  6.963162e+00 -7.197474e-02 -2.494152e-01
    endloop
  endfacet
  facet normal  6.345469e-01 -1.248574e-02 -7.727835e-01
    outer loop
      vertex  6.960159e+00 -6.455807e-03 -2.569842e-01
      vertex  6.962882e+00 -3.661742e-02 -2.542612e-01
      vertex  6.958643e+00 -6.530028e-03 -2.582273e-01
    endloop
  endfacet
  facet normal  6.485559e-01 -8.974131e-03 -7.611141e-01
    outer loop
      vertex  6.958643e+00 -6.530028e-03 -2.582273e-01
      vertex  6.962882e+00 -3.661742e-02 -2.542612e-01
      vertex  6.961695e+00 -3.695600e-02 -2.552682e-01
    endloop
  endfacet
  facet normal  5.203149e-01 -3.081426e-02 -8.534184e-01
    outer loop
      vertex  6.958643e+00 -6.530028e-03 -2.582273e-01
      vertex  6.961695e+00 -3.695600e-02 -2.552682e-01
      vertex  6.960360e+00 -3.728600e-02 -2.560703e-01
    endloop
  endfacet
  facet normal  6.988686e-02 -8.368483e-02 -9.940385e-01
    outer loop
      vertex  6.955811e+00 -3.814315e-02 -2.570731e-01
      vertex  6.953087e+00 -6.724799e-03 -2.599095e-01
      vertex  6.957380e+00 -3.788719e-02 -2.569843e-01
    endloop
  endfacet
  facet normal  9.936430e-02 -7.942149e-02 -9.918765e-01
    outer loop
      vertex  6.957380e+00 -3.788719e-02 -2.569843e-01
      vertex  6.953087e+00 -6.724799e-03 -2.599095e-01
      vertex  6.955039e+00 -6.667161e-03 -2.597187e-01
    endloop
  endfacet
  facet normal  2.270010e-01 -6.806615e-02 -9.715130e-01
    outer loop
      vertex  6.957380e+00 -3.788719e-02 -2.569843e-01
      vertex  6.955039e+00 -6.667161e-03 -2.597187e-01
      vertex  6.958909e+00 -3.759904e-02 -2.566472e-01
    endloop
  endfacet
  facet normal  6.335847e-01  5.897958e-03 -7.736508e-01
    outer loop
      vertex  6.961547e+00  2.657450e-02 -2.555953e-01
      vertex  6.960159e+00 -6.455807e-03 -2.569842e-01
      vertex  6.960036e+00  2.688048e-02 -2.568305e-01
    endloop
  endfacet
  facet normal  6.340472e-01  5.897910e-03 -7.732719e-01
    outer loop
      vertex  6.960036e+00  2.688048e-02 -2.568305e-01
      vertex  6.960159e+00 -6.455807e-03 -2.569842e-01
      vertex  6.958643e+00 -6.530028e-03 -2.582273e-01
    endloop
  endfacet
  facet normal  4.686006e-01  1.739289e-02 -8.832390e-01
    outer loop
      vertex  6.960036e+00  2.688048e-02 -2.568305e-01
      vertex  6.958643e+00 -6.530028e-03 -2.582273e-01
      vertex  6.958308e+00  2.717452e-02 -2.577415e-01
    endloop
  endfacet
  facet normal  4.705341e-01  1.739730e-02 -8.822103e-01
    outer loop
      vertex  6.958308e+00  2.717452e-02 -2.577415e-01
      vertex  6.958643e+00 -6.530028e-03 -2.582273e-01
      vertex  6.956915e+00 -6.601395e-03 -2.591507e-01
    endloop
  endfacet
  facet normal  2.853066e-01  2.820127e-02 -9.580213e-01
    outer loop
      vertex  6.958308e+00  2.717452e-02 -2.577415e-01
      vertex  6.956915e+00 -6.601395e-03 -2.591507e-01
      vertex  6.956430e+00  2.744513e-02 -2.582927e-01
    endloop
  endfacet
  facet normal  2.887101e-01  2.822397e-02 -9.570004e-01
    outer loop
      vertex  6.956430e+00  2.744513e-02 -2.582927e-01
      vertex  6.956915e+00 -6.601395e-03 -2.591507e-01
      vertex  6.955039e+00 -6.667161e-03 -2.597187e-01
    endloop
  endfacet
  facet normal  9.115574e-02  3.787810e-02 -9.951160e-01
    outer loop
      vertex  6.956430e+00  2.744513e-02 -2.582927e-01
      vertex  6.955039e+00 -6.667161e-03 -2.597187e-01
      vertex  6.954476e+00  2.768177e-02 -2.584627e-01
    endloop
  endfacet
  facet normal  9.616793e-02  3.794279e-02 -9.946417e-01
    outer loop
      vertex  6.954476e+00  2.768177e-02 -2.584627e-01
      vertex  6.955039e+00 -6.667161e-03 -2.597187e-01
      vertex  6.953087e+00 -6.724799e-03 -2.599095e-01
    endloop
  endfacet
  facet normal  6.487028e-01  2.015923e-02 -7.607748e-01
    outer loop
      vertex  6.967241e+00  5.822182e-02 -2.499020e-01
      vertex  6.961547e+00  2.657450e-02 -2.555953e-01
      vertex  6.966065e+00  5.876276e-02 -2.508899e-01
    endloop
  endfacet
  facet normal  6.355641e-01  2.359860e-02 -7.716874e-01
    outer loop
      vertex  6.966065e+00  5.876276e-02 -2.508899e-01
      vertex  6.961547e+00  2.657450e-02 -2.555953e-01
      vertex  6.960036e+00  2.688048e-02 -2.568305e-01
    endloop
  endfacet
  facet normal  5.196518e-01  6.052599e-02 -8.522315e-01
    outer loop
      vertex  6.966065e+00  5.876276e-02 -2.508899e-01
      vertex  6.960036e+00  2.688048e-02 -2.568305e-01
      vertex  6.964734e+00  5.928937e-02 -2.516643e-01
    endloop
  endfacet
  facet normal  1.046109e-01  1.585573e-01 -9.817923e-01
    outer loop
      vertex  6.954476e+00  2.768177e-02 -2.584627e-01
      vertex  6.960170e+00  6.064773e-02 -2.525322e-01
      vertex  6.956430e+00  2.744513e-02 -2.582927e-01
    endloop
  endfacet
  facet normal  6.413452e-02  1.635759e-01 -9.844438e-01
    outer loop
      vertex  6.956430e+00  2.744513e-02 -2.582927e-01
      vertex  6.960170e+00  6.064773e-02 -2.525322e-01
      vertex  6.961747e+00  6.024451e-02 -2.524964e-01
    endloop
  endfacet
  facet normal  2.235668e-01  1.343660e-01 -9.653826e-01
    outer loop
      vertex  6.956430e+00  2.744513e-02 -2.582927e-01
      vertex  6.961747e+00  6.024451e-02 -2.524964e-01
      vertex  6.963282e+00  5.978769e-02 -2.522045e-01
    endloop
  endfacet
  facet normal  6.494473e-01  3.573846e-02 -7.595663e-01
    outer loop
      vertex  6.977421e+00  8.959150e-02 -2.397218e-01
      vertex  6.967241e+00  5.822182e-02 -2.499020e-01
      vertex  6.976272e+00  9.043342e-02 -2.406648e-01
    endloop
  endfacet
  facet normal  6.522354e-01  3.428975e-02 -7.572404e-01
    outer loop
      vertex  6.976272e+00  9.043342e-02 -2.406648e-01
      vertex  6.967241e+00  5.822182e-02 -2.499020e-01
      vertex  6.966065e+00  5.876276e-02 -2.508899e-01
    endloop
  endfacet
  facet normal  5.200232e-01  1.060512e-01 -8.475429e-01
    outer loop
      vertex  6.976272e+00  9.043342e-02 -2.406648e-01
      vertex  6.966065e+00  5.876276e-02 -2.508899e-01
      vertex  6.974949e+00  9.125076e-02 -2.413738e-01
    endloop
  endfacet
  facet normal  5.299366e-01  1.016930e-01 -8.419179e-01
    outer loop
      vertex  6.974949e+00  9.125076e-02 -2.413738e-01
      vertex  6.966065e+00  5.876276e-02 -2.508899e-01
      vertex  6.964734e+00  5.928937e-02 -2.516643e-01
    endloop
  endfacet
  facet normal  3.755157e-01  1.731294e-01 -9.105022e-01
    outer loop
      vertex  6.974949e+00  9.125076e-02 -2.413738e-01
      vertex  6.964734e+00  5.928937e-02 -2.516643e-01
      vertex  6.973493e+00  9.201967e-02 -2.418282e-01
    endloop
  endfacet
  facet normal  3.934341e-01  1.664292e-01 -9.041631e-01
    outer loop
      vertex  6.973493e+00  9.201967e-02 -2.418282e-01
      vertex  6.964734e+00  5.928937e-02 -2.516643e-01
      vertex  6.963282e+00  5.978769e-02 -2.522045e-01
    endloop
  endfacet
  facet normal  2.200242e-01  2.350762e-01 -9.467463e-01
    outer loop
      vertex  6.973493e+00  9.201967e-02 -2.418282e-01
      vertex  6.963282e+00  5.978769e-02 -2.522045e-01
      vertex  6.971945e+00  9.271770e-02 -2.420147e-01
    endloop
  endfacet
  facet normal  2.466363e-01  2.266761e-01 -9.422253e-01
    outer loop
      vertex  6.971945e+00  9.271770e-02 -2.420147e-01
      vertex  6.963282e+00  5.978769e-02 -2.522045e-01
      vertex  6.961747e+00  6.024451e-02 -2.524964e-01
    endloop
  endfacet
  facet normal  5.831825e-02  2.900184e-01 -9.552426e-01
    outer loop
      vertex  6.971945e+00  9.271770e-02 -2.420147e-01
      vertex  6.961747e+00  6.024451e-02 -2.524964e-01
      vertex  6.970350e+00  9.332447e-02 -2.419279e-01
    endloop
  endfacet
  facet normal  9.346213e-02  2.808611e-01 -9.551869e-01
    outer loop
      vertex  6.970350e+00  9.332447e-02 -2.419279e-01
      vertex  6.961747e+00  6.024451e-02 -2.524964e-01
      vertex  6.960170e+00  6.064773e-02 -2.525322e-01
    endloop
  endfacet
  facet normal  6.508390e-01  5.254195e-02 -7.573956e-01
    outer loop
      vertex  6.993451e+00  1.220971e-01 -2.236922e-01
      vertex  6.977421e+00  8.959150e-02 -2.397218e-01
      vertex  6.992343e+00  1.232656e-01 -2.245626e-01
    endloop
  endfacet
  facet normal  6.548896e-01  4.927081e-02 -7.541167e-01
    outer loop
      vertex  6.992343e+00  1.232656e-01 -2.245626e-01
      vertex  6.977421e+00  8.959150e-02 -2.397218e-01
      vertex  6.976272e+00  9.043342e-02 -2.406648e-01
    endloop
  endfacet
  facet normal  5.222131e-01  1.556021e-01 -8.384995e-01
    outer loop
      vertex  6.992343e+00  1.232656e-01 -2.245626e-01
      vertex  6.976272e+00  9.043342e-02 -2.406648e-01
      vertex  6.991036e+00  1.243951e-01 -2.251670e-01
    endloop
  endfacet
  facet normal  5.361846e-01  1.462578e-01 -8.313331e-01
    outer loop
      vertex  6.991036e+00  1.243951e-01 -2.251670e-01
      vertex  6.976272e+00  9.043342e-02 -2.406648e-01
      vertex  6.974949e+00  9.125076e-02 -2.413738e-01
    endloop
  endfacet
  facet normal  3.760915e-01  2.532806e-01 -8.912935e-01
    outer loop
      vertex  6.991036e+00  1.243951e-01 -2.251670e-01
      vertex  6.974949e+00  9.125076e-02 -2.413738e-01
      vertex  6.989573e+00  1.254476e-01 -2.254852e-01
    endloop
  endfacet
  facet normal  4.019300e-01  2.388309e-01 -8.839753e-01
    outer loop
      vertex  6.989573e+00  1.254476e-01 -2.254852e-01
      vertex  6.974949e+00  9.125076e-02 -2.413738e-01
      vertex  6.973493e+00  9.201967e-02 -2.418282e-01
    endloop
  endfacet
  facet normal  2.174702e-01  3.422838e-01 -9.140834e-01
    outer loop
      vertex  6.989573e+00  1.254476e-01 -2.254852e-01
      vertex  6.973493e+00  9.201967e-02 -2.418282e-01
      vertex  6.988004e+00  1.263879e-01 -2.255066e-01
    endloop
  endfacet
  facet normal  2.559458e-01  3.244016e-01 -9.106345e-01
    outer loop
      vertex  6.988004e+00  1.263879e-01 -2.255066e-01
      vertex  6.973493e+00  9.201967e-02 -2.418282e-01
      vertex  6.971945e+00  9.271770e-02 -2.420147e-01
    endloop
  endfacet
  facet normal  5.169864e-02  4.196489e-01 -9.062130e-01
    outer loop
      vertex  6.988004e+00  1.263879e-01 -2.255066e-01
      vertex  6.971945e+00  9.271770e-02 -2.420147e-01
      vertex  6.986380e+00  1.271844e-01 -2.252304e-01
    endloop
  endfacet
  facet normal  1.027393e-01  4.003927e-01 -9.105660e-01
    outer loop
      vertex  6.986380e+00  1.271844e-01 -2.252304e-01
      vertex  6.971945e+00  9.271770e-02 -2.420147e-01
      vertex  6.970350e+00  9.332447e-02 -2.419279e-01
    endloop
  endfacet
  facet normal  6.538696e-01  6.697004e-02 -7.536376e-01
    outer loop
      vertex  7.008811e+00  1.449798e-01 -2.083323e-01
      vertex  6.993451e+00  1.220971e-01 -2.236922e-01
      vertex  7.007745e+00  1.463926e-01 -2.091310e-01
    endloop
  endfacet
  facet normal  6.572587e-01  6.339192e-02 -7.509944e-01
    outer loop
      vertex  7.007745e+00  1.463926e-01 -2.091310e-01
      vertex  6.993451e+00  1.220971e-01 -2.236922e-01
      vertex  6.992343e+00  1.232656e-01 -2.245626e-01
    endloop
  endfacet
  facet normal  5.292869e-01  1.980076e-01 -8.250142e-01
    outer loop
      vertex  7.007745e+00  1.463926e-01 -2.091310e-01
      vertex  6.992343e+00  1.232656e-01 -2.245626e-01
      vertex  7.006454e+00  1.477522e-01 -2.096331e-01
    endloop
  endfacet
  facet normal  5.412881e-01  1.877899e-01 -8.195988e-01
    outer loop
      vertex  7.006454e+00  1.477522e-01 -2.096331e-01
      vertex  6.992343e+00  1.232656e-01 -2.245626e-01
      vertex  6.991036e+00  1.243951e-01 -2.251670e-01
    endloop
  endfacet
  facet normal  3.846218e-01  3.215647e-01 -8.652527e-01
    outer loop
      vertex  7.006454e+00  1.477522e-01 -2.096331e-01
      vertex  6.991036e+00  1.243951e-01 -2.251670e-01
      vertex  7.004985e+00  1.490073e-01 -2.098197e-01
    endloop
  endfacet
  facet normal  4.072311e-01  3.058462e-01 -8.605934e-01
    outer loop
      vertex  7.004985e+00  1.490073e-01 -2.098197e-01
      vertex  6.991036e+00  1.243951e-01 -2.251670e-01
      vertex  6.989573e+00  1.254476e-01 -2.254852e-01
    endloop
  endfacet
  facet normal  2.255085e-01  4.328406e-01 -8.728087e-01
    outer loop
      vertex  7.004985e+00  1.490073e-01 -2.098197e-01
      vertex  6.989573e+00  1.254476e-01 -2.254852e-01
      vertex  7.003393e+00  1.501106e-01 -2.096838e-01
    endloop
  endfacet
  facet normal  2.596343e-01  4.136152e-01 -8.726469e-01
    outer loop
      vertex  7.003393e+00  1.501106e-01 -2.096838e-01
      vertex  6.989573e+00  1.254476e-01 -2.254852e-01
      vertex  6.988004e+00  1.263879e-01 -2.255066e-01
    endloop
  endfacet
  facet normal  5.801053e-02  5.276328e-01 -8.474895e-01
    outer loop
      vertex  7.003393e+00  1.501106e-01 -2.096838e-01
      vertex  6.988004e+00  1.263879e-01 -2.255066e-01
      vertex  7.001740e+00  1.510206e-01 -2.092305e-01
    endloop
  endfacet
  facet normal  1.034420e-01  5.075282e-01 -8.554033e-01
    outer loop
      vertex  7.001740e+00  1.510206e-01 -2.092305e-01
      vertex  6.988004e+00  1.263879e-01 -2.255066e-01
      vertex  6.986380e+00  1.271844e-01 -2.252304e-01
    endloop
  endfacet
  facet normal  6.654474e-01  6.747171e-02 -7.433890e-01
    outer loop
      vertex  7.029199e+00  1.685300e-01 -1.879443e-01
      vertex  7.008811e+00  1.449798e-01 -2.083323e-01
      vertex  7.028379e+00  1.699359e-01 -1.885505e-01
    endloop
  endfacet
  facet normal  6.599826e-01  7.503498e-02 -7.475244e-01
    outer loop
      vertex  7.028379e+00  1.699359e-01 -1.885505e-01
      vertex  7.008811e+00  1.449798e-01 -2.083323e-01
      vertex  7.007745e+00  1.463926e-01 -2.091310e-01
    endloop
  endfacet
  facet normal  5.678543e-01  2.002503e-01 -7.983992e-01
    outer loop
      vertex  7.028379e+00  1.699359e-01 -1.885505e-01
      vertex  7.007745e+00  1.463926e-01 -2.091310e-01
      vertex  7.027371e+00  1.712995e-01 -1.889251e-01
    endloop
  endfacet
  facet normal  5.478655e-01  2.225162e-01 -8.064304e-01
    outer loop
      vertex  7.027371e+00  1.712995e-01 -1.889251e-01
      vertex  7.007745e+00  1.463926e-01 -2.091310e-01
      vertex  7.006454e+00  1.477522e-01 -2.096331e-01
    endloop
  endfacet
  facet normal  4.528057e-01  3.271713e-01 -8.294130e-01
    outer loop
      vertex  7.027371e+00  1.712995e-01 -1.889251e-01
      vertex  7.006454e+00  1.477522e-01 -2.096331e-01
      vertex  7.026205e+00  1.725795e-01 -1.890569e-01
    endloop
  endfacet
  facet normal  1.103240e-01  5.965355e-01 -7.949679e-01
    outer loop
      vertex  7.001740e+00  1.510206e-01 -2.092305e-01
      vertex  7.022128e+00  1.755521e-01 -1.879929e-01
      vertex  7.003393e+00  1.501106e-01 -2.096838e-01
    endloop
  endfacet
  facet normal  3.958373e-02  6.312412e-01 -7.745759e-01
    outer loop
      vertex  7.003393e+00  1.501106e-01 -2.096838e-01
      vertex  7.022128e+00  1.755521e-01 -1.879929e-01
      vertex  7.023543e+00  1.747384e-01 -1.885837e-01
    endloop
  endfacet
  facet normal  2.690083e-01  4.902044e-01 -8.290562e-01
    outer loop
      vertex  7.003393e+00  1.501106e-01 -2.096838e-01
      vertex  7.023543e+00  1.747384e-01 -1.885837e-01
      vertex  7.004985e+00  1.490073e-01 -2.098197e-01
    endloop
  endfacet
  facet normal  1.828836e-01  5.439678e-01 -8.189339e-01
    outer loop
      vertex  7.004985e+00  1.490073e-01 -2.098197e-01
      vertex  7.023543e+00  1.747384e-01 -1.885837e-01
      vertex  7.024916e+00  1.737375e-01 -1.889419e-01
    endloop
  endfacet
  facet normal  3.242744e-01  4.438772e-01 -8.353557e-01
    outer loop
      vertex  7.004985e+00  1.490073e-01 -2.098197e-01
      vertex  7.024916e+00  1.737375e-01 -1.889419e-01
      vertex  7.026205e+00  1.725795e-01 -1.890569e-01
    endloop
  endfacet
  facet normal  6.688048e-01  7.873109e-02 -7.392575e-01
    outer loop
      vertex  7.051473e+00  1.884634e-01 -1.656697e-01
      vertex  7.029199e+00  1.685300e-01 -1.879443e-01
      vertex  7.050713e+00  1.900809e-01 -1.661851e-01
    endloop
  endfacet
  facet normal  6.716631e-01  7.377492e-02 -7.371743e-01
    outer loop
      vertex  7.050713e+00  1.900809e-01 -1.661851e-01
      vertex  7.029199e+00  1.685300e-01 -1.879443e-01
      vertex  7.028379e+00  1.699359e-01 -1.885505e-01
    endloop
  endfacet
  facet normal  5.749533e-01  2.332426e-01 -7.842364e-01
    outer loop
      vertex  7.050713e+00  1.900809e-01 -1.661851e-01
      vertex  7.028379e+00  1.699359e-01 -1.885505e-01
      vertex  7.049735e+00  1.916425e-01 -1.664380e-01
    endloop
  endfacet
  facet normal  5.858945e-01  2.185352e-01 -7.803652e-01
    outer loop
      vertex  7.049735e+00  1.916425e-01 -1.664380e-01
      vertex  7.028379e+00  1.699359e-01 -1.885505e-01
      vertex  7.027371e+00  1.712995e-01 -1.889251e-01
    endloop
  endfacet
  facet normal  4.612377e-01  3.795068e-01 -8.020189e-01
    outer loop
      vertex  7.049735e+00  1.916425e-01 -1.664380e-01
      vertex  7.027371e+00  1.712995e-01 -1.889251e-01
      vertex  7.048572e+00  1.930941e-01 -1.664197e-01
    endloop
  endfacet
  facet normal  4.822264e-01  3.570076e-01 -8.000020e-01
    outer loop
      vertex  7.048572e+00  1.930941e-01 -1.664197e-01
      vertex  7.027371e+00  1.712995e-01 -1.889251e-01
      vertex  7.026205e+00  1.725795e-01 -1.890569e-01
    endloop
  endfacet
  facet normal  3.313805e-01  5.126923e-01 -7.920439e-01
    outer loop
      vertex  7.048572e+00  1.930941e-01 -1.664197e-01
      vertex  7.026205e+00  1.725795e-01 -1.890569e-01
      vertex  7.047265e+00  1.943855e-01 -1.661308e-01
    endloop
  endfacet
  facet normal  3.642736e-01  4.844327e-01 -7.953802e-01
    outer loop
      vertex  7.047265e+00  1.943855e-01 -1.661308e-01
      vertex  7.026205e+00  1.725795e-01 -1.890569e-01
      vertex  7.024916e+00  1.737375e-01 -1.889419e-01
    endloop
  endfacet
  facet normal  1.902653e-01  6.278511e-01 -7.547200e-01
    outer loop
      vertex  7.047265e+00  1.943855e-01 -1.661308e-01
      vertex  7.024916e+00  1.737375e-01 -1.889419e-01
      vertex  7.045859e+00  1.954720e-01 -1.655813e-01
    endloop
  endfacet
  facet normal  2.353785e-01  5.972777e-01 -7.667179e-01
    outer loop
      vertex  7.045859e+00  1.954720e-01 -1.655813e-01
      vertex  7.024916e+00  1.737375e-01 -1.889419e-01
      vertex  7.023543e+00  1.747384e-01 -1.885837e-01
    endloop
  endfacet
  facet normal  4.247173e-02  7.212784e-01 -6.913419e-01
    outer loop
      vertex  7.045859e+00  1.954720e-01 -1.655813e-01
      vertex  7.023543e+00  1.747384e-01 -1.885837e-01
      vertex  7.044402e+00  1.963160e-01 -1.647902e-01
    endloop
  endfacet
  facet normal  9.948522e-02  6.921268e-01 -7.148869e-01
    outer loop
      vertex  7.044402e+00  1.963160e-01 -1.647902e-01
      vertex  7.023543e+00  1.747384e-01 -1.885837e-01
      vertex  7.022128e+00  1.755521e-01 -1.879929e-01
    endloop
  endfacet
  facet normal  6.784233e-01  8.147779e-02 -7.301391e-01
    outer loop
      vertex  7.092781e+00  2.146828e-01 -1.243617e-01
      vertex  7.051473e+00  1.884634e-01 -1.656697e-01
      vertex  7.092251e+00  2.163565e-01 -1.246676e-01
    endloop
  endfacet
  facet normal  6.769130e-01  8.513363e-02 -7.311233e-01
    outer loop
      vertex  7.092251e+00  2.163565e-01 -1.246676e-01
      vertex  7.051473e+00  1.884634e-01 -1.656697e-01
      vertex  7.050713e+00  1.900809e-01 -1.661851e-01
    endloop
  endfacet
  facet normal  6.049455e-01  2.422130e-01 -7.585340e-01
    outer loop
      vertex  7.092251e+00  2.163565e-01 -1.246676e-01
      vertex  7.050713e+00  1.900809e-01 -1.661851e-01
      vertex  7.091512e+00  2.179770e-01 -1.247393e-01
    endloop
  endfacet
  facet normal  5.992157e-01  2.524101e-01 -7.597562e-01
    outer loop
      vertex  7.091512e+00  2.179770e-01 -1.247393e-01
      vertex  7.050713e+00  1.900809e-01 -1.661851e-01
      vertex  7.049735e+00  1.916425e-01 -1.664380e-01
    endloop
  endfacet
  facet normal  5.011173e-01  4.109342e-01 -7.615868e-01
    outer loop
      vertex  7.091512e+00  2.179770e-01 -1.247393e-01
      vertex  7.049735e+00  1.916425e-01 -1.664380e-01
      vertex  7.048572e+00  1.930941e-01 -1.664197e-01
    endloop
  endfacet
  facet normal  1.205916e-01  7.816719e-01 -6.119204e-01
    outer loop
      vertex  7.044402e+00  1.963160e-01 -1.647902e-01
      vertex  7.085710e+00  2.236279e-01 -1.217611e-01
      vertex  7.045859e+00  1.954720e-01 -1.655813e-01
    endloop
  endfacet
  facet normal  1.374010e-02  8.354943e-01 -5.493273e-01
    outer loop
      vertex  7.045859e+00  1.954720e-01 -1.655813e-01
      vertex  7.085710e+00  2.236279e-01 -1.217611e-01
      vertex  7.087033e+00  2.229568e-01 -1.227487e-01
    endloop
  endfacet
  facet normal  2.583912e-01  6.808830e-01 -6.852972e-01
    outer loop
      vertex  7.045859e+00  1.954720e-01 -1.655813e-01
      vertex  7.087033e+00  2.229568e-01 -1.227487e-01
      vertex  7.047265e+00  1.943855e-01 -1.661308e-01
    endloop
  endfacet
  facet normal  1.486381e-01  7.577937e-01 -6.353388e-01
    outer loop
      vertex  7.047265e+00  1.943855e-01 -1.661308e-01
      vertex  7.087033e+00  2.229568e-01 -1.227487e-01
      vertex  7.088314e+00  2.220229e-01 -1.235630e-01
    endloop
  endfacet
  facet normal  3.873721e-01  5.566073e-01 -7.349361e-01
    outer loop
      vertex  7.047265e+00  1.943855e-01 -1.661308e-01
      vertex  7.088314e+00  2.220229e-01 -1.235630e-01
      vertex  7.048572e+00  1.930941e-01 -1.664197e-01
    endloop
  endfacet
  facet normal  2.788613e-01  6.559715e-01 -7.013828e-01
    outer loop
      vertex  7.048572e+00  1.930941e-01 -1.664197e-01
      vertex  7.088314e+00  2.220229e-01 -1.235630e-01
      vertex  7.089512e+00  2.208559e-01 -1.241780e-01
    endloop
  endfacet
  facet normal  4.034155e-01  5.347955e-01 -7.424619e-01
    outer loop
      vertex  7.048572e+00  1.930941e-01 -1.664197e-01
      vertex  7.089512e+00  2.208559e-01 -1.241780e-01
      vertex  7.090590e+00  2.194928e-01 -1.245743e-01
    endloop
  endfacet
  facet normal  7.776007e-01 -4.616612e-01  4.268561e-01
    outer loop
      vertex  7.096360e+00 -2.224368e-01 -1.094800e-01
      vertex  7.097639e+00 -2.214801e-01 -1.107742e-01
      vertex  7.096815e+00 -2.203105e-01 -1.080082e-01
    endloop
  endfacet
  facet normal  2.722903e-01 -7.391747e-01 -6.160184e-01
    outer loop
      vertex  7.093249e+00 -2.227506e-01 -1.203803e-01
      vertex  7.093749e+00 -2.235069e-01 -1.192518e-01
      vertex  7.092558e+00 -2.247390e-01 -1.182999e-01
    endloop
  endfacet
  facet normal  4.106421e-01 -7.234185e-01 -5.550122e-01
    outer loop
      vertex  7.093249e+00 -2.227506e-01 -1.203803e-01
      vertex  7.092558e+00 -2.247390e-01 -1.182999e-01
      vertex  7.092046e+00 -2.239248e-01 -1.197397e-01
    endloop
  endfacet
  facet normal  8.799250e-01 -6.720949e-02 -4.703349e-01
    outer loop
      vertex  7.097527e+00 -2.175529e-01 -1.193446e-01
      vertex  7.097744e+00 -2.162277e-01 -1.191271e-01
      vertex  7.098668e+00 -2.162277e-01 -1.173983e-01
    endloop
  endfacet
  facet normal  8.747075e-01 -4.472661e-02 -4.825831e-01
    outer loop
      vertex  7.097527e+00 -2.175529e-01 -1.193446e-01
      vertex  7.098668e+00 -2.162277e-01 -1.173983e-01
      vertex  7.098475e+00 -2.179189e-01 -1.175907e-01
    endloop
  endfacet
  facet normal  9.542165e-01 -7.576732e-02 -2.893617e-01
    outer loop
      vertex  7.098475e+00 -2.179189e-01 -1.175907e-01
      vertex  7.098668e+00 -2.162277e-01 -1.173983e-01
      vertex  7.099237e+00 -2.162277e-01 -1.155223e-01
    endloop
  endfacet
  facet normal  9.439835e-01 -1.327162e-01 -3.021284e-01
    outer loop
      vertex  7.098958e+00 -2.185593e-01 -1.158017e-01
      vertex  7.098475e+00 -2.179189e-01 -1.175907e-01
      vertex  7.099167e+00 -2.175492e-01 -1.155928e-01
    endloop
  endfacet
  facet normal  8.279638e-01 -3.085802e-01  4.682460e-01
    outer loop
      vertex  7.098204e+00 -2.199233e-01 -1.102092e-01
      vertex  7.097620e+00 -2.183510e-01 -1.081401e-01
      vertex  7.096815e+00 -2.203105e-01 -1.080082e-01
    endloop
  endfacet
  facet normal  7.425984e-01 -2.635874e-01  6.156861e-01
    outer loop
      vertex  7.096815e+00 -2.203105e-01 -1.080082e-01
      vertex  7.097620e+00 -2.183510e-01 -1.081401e-01
      vertex  7.096760e+00 -2.179216e-01 -1.069199e-01
    endloop
  endfacet
  facet normal  8.534064e-01 -1.618117e-01 -4.954942e-01
    outer loop
      vertex  7.097926e+00 -2.191347e-01 -1.181406e-01
      vertex  7.097527e+00 -2.175529e-01 -1.193446e-01
      vertex  7.098475e+00 -2.179189e-01 -1.175907e-01
    endloop
  endfacet
  facet normal  9.058186e-01 -2.574436e-01 -3.364753e-01
    outer loop
      vertex  7.097926e+00 -2.191347e-01 -1.181406e-01
      vertex  7.098475e+00 -2.179189e-01 -1.175907e-01
      vertex  7.098958e+00 -2.185593e-01 -1.158017e-01
    endloop
  endfacet
  facet normal  9.132185e-01 -2.035073e-01 -3.530110e-01
    outer loop
      vertex  7.097926e+00 -2.191347e-01 -1.181406e-01
      vertex  7.098958e+00 -2.185593e-01 -1.158017e-01
      vertex  7.098618e+00 -2.194954e-01 -1.161415e-01
    endloop
  endfacet
  facet normal  8.094702e-01 -2.124031e-01 -5.473964e-01
    outer loop
      vertex  7.096943e+00 -2.182728e-01 -1.199283e-01
      vertex  7.097527e+00 -2.175529e-01 -1.193446e-01
      vertex  7.097926e+00 -2.191347e-01 -1.181406e-01
    endloop
  endfacet
  facet normal  8.863595e-01 -2.916273e-01 -3.596115e-01
    outer loop
      vertex  7.098159e+00 -2.203242e-01 -1.166000e-01
      vertex  7.097926e+00 -2.191347e-01 -1.181406e-01
      vertex  7.098618e+00 -2.194954e-01 -1.161415e-01
    endloop
  endfacet
  facet normal  7.972617e-01 -2.398712e-01 -5.539274e-01
    outer loop
      vertex  7.097096e+00 -2.199759e-01 -1.189698e-01
      vertex  7.096943e+00 -2.182728e-01 -1.199283e-01
      vertex  7.097926e+00 -2.191347e-01 -1.181406e-01
    endloop
  endfacet
  facet normal  8.181090e-01 -3.884566e-01 -4.240272e-01
    outer loop
      vertex  7.097096e+00 -2.199759e-01 -1.189698e-01
      vertex  7.097926e+00 -2.191347e-01 -1.181406e-01
      vertex  7.098159e+00 -2.203242e-01 -1.166000e-01
    endloop
  endfacet
  facet normal  5.457717e-01 -8.277074e-01  1.305133e-01
    outer loop
      vertex  7.094081e+00 -2.253435e-01 -1.131490e-01
      vertex  7.095943e+00 -2.240085e-01 -1.124694e-01
      vertex  7.095428e+00 -2.241539e-01 -1.112339e-01
    endloop
  endfacet
  facet normal  7.728198e-01 -2.274852e-02 -6.342177e-01
    outer loop
      vertex  7.096500e+00 -2.162277e-01 -1.206425e-01
      vertex  7.097744e+00 -2.162277e-01 -1.191271e-01
      vertex  7.097527e+00 -2.175529e-01 -1.193446e-01
    endloop
  endfacet
  facet normal  7.469136e-01 -6.933008e-02 -6.612967e-01
    outer loop
      vertex  7.096500e+00 -2.162277e-01 -1.206425e-01
      vertex  7.097527e+00 -2.175529e-01 -1.193446e-01
      vertex  7.096943e+00 -2.182728e-01 -1.199283e-01
    endloop
  endfacet
  facet normal  7.164366e-01 -8.673055e-02 -6.922401e-01
    outer loop
      vertex  7.096500e+00 -2.162277e-01 -1.206425e-01
      vertex  7.096943e+00 -2.182728e-01 -1.199283e-01
      vertex  7.095980e+00 -2.181985e-01 -1.209340e-01
    endloop
  endfacet
  facet normal  6.463693e-01 -7.628135e-01 -1.794793e-02
    outer loop
      vertex  7.095823e+00 -2.240504e-01 -1.150350e-01
      vertex  7.096785e+00 -2.232576e-01 -1.140728e-01
      vertex  7.095943e+00 -2.240085e-01 -1.124694e-01
    endloop
  endfacet
  facet normal  5.860493e-01 -8.101485e-01 -1.433939e-02
    outer loop
      vertex  7.095823e+00 -2.240504e-01 -1.150350e-01
      vertex  7.095943e+00 -2.240085e-01 -1.124694e-01
      vertex  7.094081e+00 -2.253435e-01 -1.131490e-01
    endloop
  endfacet
  facet normal  4.780762e-01 -8.651159e-01 -1.517152e-01
    outer loop
      vertex  7.095823e+00 -2.240504e-01 -1.150350e-01
      vertex  7.094081e+00 -2.253435e-01 -1.131490e-01
      vertex  7.092415e+00 -2.259235e-01 -1.150931e-01
    endloop
  endfacet
  facet normal  4.765480e-01 -8.616239e-01 -1.746607e-01
    outer loop
      vertex  7.095823e+00 -2.240504e-01 -1.150350e-01
      vertex  7.092415e+00 -2.259235e-01 -1.150931e-01
      vertex  7.093670e+00 -2.248046e-01 -1.171872e-01
    endloop
  endfacet
  facet normal  5.761161e-01 -7.557477e-01 -3.113450e-01
    outer loop
      vertex  7.095823e+00 -2.240504e-01 -1.150350e-01
      vertex  7.093670e+00 -2.248046e-01 -1.171872e-01
      vertex  7.094695e+00 -2.235627e-01 -1.183055e-01
    endloop
  endfacet
  facet normal  7.225420e-01 -6.025124e-01 -3.389868e-01
    outer loop
      vertex  7.095823e+00 -2.240504e-01 -1.150350e-01
      vertex  7.094695e+00 -2.235627e-01 -1.183055e-01
      vertex  7.095518e+00 -2.220495e-01 -1.192419e-01
    endloop
  endfacet
  facet normal  4.392138e-01 -7.985167e-01 -4.116583e-01
    outer loop
      vertex  7.095823e+00 -2.240504e-01 -1.150350e-01
      vertex  7.095518e+00 -2.220495e-01 -1.192419e-01
      vertex  7.096526e+00 -2.229213e-01 -1.164752e-01
    endloop
  endfacet
  facet normal  6.737522e-01 -3.153650e-01 -6.682835e-01
    outer loop
      vertex  7.095980e+00 -2.181985e-01 -1.209340e-01
      vertex  7.096943e+00 -2.182728e-01 -1.199283e-01
      vertex  7.097096e+00 -2.199759e-01 -1.189698e-01
    endloop
  endfacet
  facet normal  3.685348e-01 -5.753974e-01 -7.301371e-01
    outer loop
      vertex  7.095980e+00 -2.181985e-01 -1.209340e-01
      vertex  7.097096e+00 -2.199759e-01 -1.189698e-01
      vertex  7.096956e+00 -2.215455e-01 -1.178038e-01
    endloop
  endfacet
  facet normal -3.661264e-02 -6.882577e-01 -7.245418e-01
    outer loop
      vertex  7.095980e+00 -2.181985e-01 -1.209340e-01
      vertex  7.096956e+00 -2.215455e-01 -1.178038e-01
      vertex  7.096526e+00 -2.229213e-01 -1.164752e-01
    endloop
  endfacet
  facet normal  8.691643e-01 -2.826836e-01 -4.057630e-01
    outer loop
      vertex  7.095980e+00 -2.181985e-01 -1.209340e-01
      vertex  7.096526e+00 -2.229213e-01 -1.164752e-01
      vertex  7.095518e+00 -2.220495e-01 -1.192419e-01
    endloop
  endfacet
  facet normal  7.769397e-01 -3.291351e-01 -5.366886e-01
    outer loop
      vertex  7.095980e+00 -2.181985e-01 -1.209340e-01
      vertex  7.095518e+00 -2.220495e-01 -1.192419e-01
      vertex  7.095248e+00 -2.198404e-01 -1.209873e-01
    endloop
  endfacet
  facet normal  4.671387e-01 -6.247357e-01 -6.256890e-01
    outer loop
      vertex  7.093749e+00 -2.235069e-01 -1.192518e-01
      vertex  7.093249e+00 -2.227506e-01 -1.203803e-01
      vertex  7.094774e+00 -2.220057e-01 -1.199853e-01
    endloop
  endfacet
  facet normal  4.545976e-01 -5.662769e-01 -6.875111e-01
    outer loop
      vertex  7.094774e+00 -2.220057e-01 -1.199853e-01
      vertex  7.093249e+00 -2.227506e-01 -1.203803e-01
      vertex  7.094327e+00 -2.213743e-01 -1.208008e-01
    endloop
  endfacet
  facet normal  5.986048e-01 -4.405117e-01 -6.690453e-01
    outer loop
      vertex  7.094774e+00 -2.220057e-01 -1.199853e-01
      vertex  7.094327e+00 -2.213743e-01 -1.208008e-01
      vertex  7.095248e+00 -2.198404e-01 -1.209873e-01
    endloop
  endfacet
  facet normal  1.532870e-01 -8.644258e-01 -4.788227e-01
    outer loop
      vertex  7.090542e+00 -2.258539e-01 -1.169324e-01
      vertex  7.089429e+00 -2.255225e-01 -1.178869e-01
      vertex  7.092558e+00 -2.247390e-01 -1.182999e-01
    endloop
  endfacet
  facet normal  1.813805e-01 -9.146461e-01 -3.612808e-01
    outer loop
      vertex  7.092558e+00 -2.247390e-01 -1.182999e-01
      vertex  7.089429e+00 -2.255225e-01 -1.178869e-01
      vertex  7.090759e+00 -2.248589e-01 -1.188995e-01
    endloop
  endfacet
  facet normal  2.339539e-01 -8.083338e-01 -5.402426e-01
    outer loop
      vertex  7.092558e+00 -2.247390e-01 -1.182999e-01
      vertex  7.090759e+00 -2.248589e-01 -1.188995e-01
      vertex  7.092046e+00 -2.239248e-01 -1.197397e-01
    endloop
  endfacet
  facet normal  8.106614e-01 -9.726587e-02  5.773796e-01
    outer loop
      vertex  7.097071e+00 -2.162277e-01 -1.070711e-01
      vertex  7.096760e+00 -2.179216e-01 -1.069199e-01
      vertex  7.097744e+00 -2.162277e-01 -1.080157e-01
    endloop
  endfacet
  facet normal  8.011276e-01 -8.169459e-02  5.928917e-01
    outer loop
      vertex  7.097744e+00 -2.162277e-01 -1.080157e-01
      vertex  7.096760e+00 -2.179216e-01 -1.069199e-01
      vertex  7.097620e+00 -2.183510e-01 -1.081401e-01
    endloop
  endfacet
  facet normal  8.791584e-01 -7.906338e-02  4.699251e-01
    outer loop
      vertex  7.097744e+00 -2.162277e-01 -1.080157e-01
      vertex  7.097620e+00 -2.183510e-01 -1.081401e-01
      vertex  7.098668e+00 -2.162277e-01 -1.097446e-01
    endloop
  endfacet
  facet normal  8.788949e-01 -7.848845e-02  4.705138e-01
    outer loop
      vertex  7.098668e+00 -2.162277e-01 -1.097446e-01
      vertex  7.097620e+00 -2.183510e-01 -1.081401e-01
      vertex  7.098551e+00 -2.182437e-01 -1.098618e-01
    endloop
  endfacet
  facet normal  9.544587e-01 -7.235917e-02  2.894351e-01
    outer loop
      vertex  7.098668e+00 -2.162277e-01 -1.097446e-01
      vertex  7.098551e+00 -2.182437e-01 -1.098618e-01
      vertex  7.099237e+00 -2.162277e-01 -1.116205e-01
    endloop
  endfacet
  facet normal  9.541848e-01 -7.123754e-02  2.906139e-01
    outer loop
      vertex  7.099237e+00 -2.162277e-01 -1.116205e-01
      vertex  7.098551e+00 -2.182437e-01 -1.098618e-01
      vertex  7.099132e+00 -2.180695e-01 -1.117260e-01
    endloop
  endfacet
  facet normal  9.932423e-01 -6.243273e-02  9.783500e-02
    outer loop
      vertex  7.099237e+00 -2.162277e-01 -1.116205e-01
      vertex  7.099132e+00 -2.180695e-01 -1.117260e-01
      vertex  7.099429e+00 -2.162277e-01 -1.135714e-01
    endloop
  endfacet
  facet normal  9.931880e-01 -6.093720e-02  9.931884e-02
    outer loop
      vertex  7.099429e+00 -2.162277e-01 -1.135714e-01
      vertex  7.099132e+00 -2.180695e-01 -1.117260e-01
      vertex  7.099339e+00 -2.178350e-01 -1.136611e-01
    endloop
  endfacet
  facet normal  9.939404e-01 -4.997278e-02 -9.790377e-02
    outer loop
      vertex  7.099429e+00 -2.162277e-01 -1.135714e-01
      vertex  7.099339e+00 -2.178350e-01 -1.136611e-01
      vertex  7.099237e+00 -2.162277e-01 -1.155223e-01
    endloop
  endfacet
  facet normal  9.942520e-01 -4.762193e-02 -9.589081e-02
    outer loop
      vertex  7.099237e+00 -2.162277e-01 -1.155223e-01
      vertex  7.099339e+00 -2.178350e-01 -1.136611e-01
      vertex  7.099167e+00 -2.175492e-01 -1.155928e-01
    endloop
  endfacet
  facet normal  9.463677e-01 -3.305639e-02 -3.213958e-01
    outer loop
      vertex  7.099237e+00 -2.162277e-01 -1.155223e-01
      vertex  7.099167e+00 -2.175492e-01 -1.155928e-01
      vertex  7.098475e+00 -2.179189e-01 -1.175907e-01
    endloop
  endfacet
  facet normal  9.773217e-01 -1.785470e-01 -1.138568e-01
    outer loop
      vertex  7.098958e+00 -2.185593e-01 -1.158017e-01
      vertex  7.099167e+00 -2.175492e-01 -1.155928e-01
      vertex  7.099074e+00 -2.191205e-01 -1.139270e-01
    endloop
  endfacet
  facet normal  9.773610e-01 -1.784136e-01 -1.137288e-01
    outer loop
      vertex  7.099074e+00 -2.191205e-01 -1.139270e-01
      vertex  7.099167e+00 -2.175492e-01 -1.155928e-01
      vertex  7.099339e+00 -2.178350e-01 -1.136611e-01
    endloop
  endfacet
  facet normal  9.729863e-01 -2.172077e-01  7.821995e-02
    outer loop
      vertex  7.099074e+00 -2.191205e-01 -1.139270e-01
      vertex  7.099339e+00 -2.178350e-01 -1.136611e-01
      vertex  7.098819e+00 -2.195811e-01 -1.120386e-01
    endloop
  endfacet
  facet normal  9.729853e-01 -2.172162e-01  7.821042e-02
    outer loop
      vertex  7.098819e+00 -2.195811e-01 -1.120386e-01
      vertex  7.099339e+00 -2.178350e-01 -1.136611e-01
      vertex  7.099132e+00 -2.180695e-01 -1.117260e-01
    endloop
  endfacet
  facet normal  9.313162e-01 -2.476615e-01  2.670466e-01
    outer loop
      vertex  7.098819e+00 -2.195811e-01 -1.120386e-01
      vertex  7.099132e+00 -2.180695e-01 -1.117260e-01
      vertex  7.098204e+00 -2.199233e-01 -1.102092e-01
    endloop
  endfacet
  facet normal  9.313194e-01 -2.477050e-01  2.669953e-01
    outer loop
      vertex  7.098204e+00 -2.199233e-01 -1.102092e-01
      vertex  7.099132e+00 -2.180695e-01 -1.117260e-01
      vertex  7.098551e+00 -2.182437e-01 -1.098618e-01
    endloop
  endfacet
  facet normal  8.541474e-01 -2.686270e-01  4.452770e-01
    outer loop
      vertex  7.098204e+00 -2.199233e-01 -1.102092e-01
      vertex  7.098551e+00 -2.182437e-01 -1.098618e-01
      vertex  7.097620e+00 -2.183510e-01 -1.081401e-01
    endloop
  endfacet
  facet normal  9.457065e-01 -2.906032e-01 -1.455640e-01
    outer loop
      vertex  7.098618e+00 -2.194954e-01 -1.161415e-01
      vertex  7.098958e+00 -2.185593e-01 -1.158017e-01
      vertex  7.098641e+00 -2.203120e-01 -1.143595e-01
    endloop
  endfacet
  facet normal  9.457623e-01 -2.904942e-01 -1.454193e-01
    outer loop
      vertex  7.098641e+00 -2.203120e-01 -1.143595e-01
      vertex  7.098958e+00 -2.185593e-01 -1.158017e-01
      vertex  7.099074e+00 -2.191205e-01 -1.139270e-01
    endloop
  endfacet
  facet normal  9.345216e-01 -3.536667e-01  3.986469e-02
    outer loop
      vertex  7.098641e+00 -2.203120e-01 -1.143595e-01
      vertex  7.099074e+00 -2.191205e-01 -1.139270e-01
      vertex  7.098310e+00 -2.209822e-01 -1.125472e-01
    endloop
  endfacet
  facet normal  9.344923e-01 -3.537601e-01  3.972258e-02
    outer loop
      vertex  7.098310e+00 -2.209822e-01 -1.125472e-01
      vertex  7.099074e+00 -2.191205e-01 -1.139270e-01
      vertex  7.098819e+00 -2.195811e-01 -1.120386e-01
    endloop
  endfacet
  facet normal  8.874919e-01 -4.032392e-01  2.230609e-01
    outer loop
      vertex  7.098310e+00 -2.209822e-01 -1.125472e-01
      vertex  7.098819e+00 -2.195811e-01 -1.120386e-01
      vertex  7.097639e+00 -2.214801e-01 -1.107742e-01
    endloop
  endfacet
  facet normal  8.874981e-01 -4.031398e-01  2.232160e-01
    outer loop
      vertex  7.097639e+00 -2.214801e-01 -1.107742e-01
      vertex  7.098819e+00 -2.195811e-01 -1.120386e-01
      vertex  7.098204e+00 -2.199233e-01 -1.102092e-01
    endloop
  endfacet
  facet normal  7.920581e-01 -4.407732e-01  4.223302e-01
    outer loop
      vertex  7.097639e+00 -2.214801e-01 -1.107742e-01
      vertex  7.098204e+00 -2.199233e-01 -1.102092e-01
      vertex  7.096815e+00 -2.203105e-01 -1.080082e-01
    endloop
  endfacet
  facet normal  8.997841e-01 -3.920468e-01 -1.915409e-01
    outer loop
      vertex  7.098159e+00 -2.203242e-01 -1.166000e-01
      vertex  7.098618e+00 -2.194954e-01 -1.161415e-01
      vertex  7.098058e+00 -2.213669e-01 -1.149431e-01
    endloop
  endfacet
  facet normal  8.998371e-01 -3.919845e-01 -1.914189e-01
    outer loop
      vertex  7.098058e+00 -2.213669e-01 -1.149431e-01
      vertex  7.098618e+00 -2.194954e-01 -1.161415e-01
      vertex  7.098641e+00 -2.203120e-01 -1.143595e-01
    endloop
  endfacet
  facet normal  8.786234e-01 -4.772438e-01 -1.610562e-02
    outer loop
      vertex  7.098058e+00 -2.213669e-01 -1.149431e-01
      vertex  7.098641e+00 -2.203120e-01 -1.143595e-01
      vertex  7.097624e+00 -2.222225e-01 -1.132334e-01
    endloop
  endfacet
  facet normal  8.786458e-01 -4.772054e-01 -1.602014e-02
    outer loop
      vertex  7.097624e+00 -2.222225e-01 -1.132334e-01
      vertex  7.098641e+00 -2.203120e-01 -1.143595e-01
      vertex  7.098310e+00 -2.209822e-01 -1.125472e-01
    endloop
  endfacet
  facet normal  8.238310e-01 -5.439529e-01  1.594303e-01
    outer loop
      vertex  7.097624e+00 -2.222225e-01 -1.132334e-01
      vertex  7.098310e+00 -2.209822e-01 -1.125472e-01
      vertex  7.096876e+00 -2.228584e-01 -1.115368e-01
    endloop
  endfacet
  facet normal  8.238288e-01 -5.439618e-01  1.594106e-01
    outer loop
      vertex  7.096876e+00 -2.228584e-01 -1.115368e-01
      vertex  7.098310e+00 -2.209822e-01 -1.125472e-01
      vertex  7.097639e+00 -2.214801e-01 -1.107742e-01
    endloop
  endfacet
  facet normal  7.499489e-01 -5.853595e-01  3.081082e-01
    outer loop
      vertex  7.096876e+00 -2.228584e-01 -1.115368e-01
      vertex  7.097639e+00 -2.214801e-01 -1.107742e-01
      vertex  7.096360e+00 -2.224368e-01 -1.094800e-01
    endloop
  endfacet
  facet normal  6.693281e-01 -6.767470e-01  3.066159e-01
    outer loop
      vertex  7.096360e+00 -2.224368e-01 -1.094800e-01
      vertex  7.095428e+00 -2.241539e-01 -1.112339e-01
      vertex  7.096876e+00 -2.228584e-01 -1.115368e-01
    endloop
  endfacet
  facet normal  6.760803e-01 -7.094905e-01  1.988433e-01
    outer loop
      vertex  7.096876e+00 -2.228584e-01 -1.115368e-01
      vertex  7.095428e+00 -2.241539e-01 -1.112339e-01
      vertex  7.095943e+00 -2.240085e-01 -1.124694e-01
    endloop
  endfacet
  facet normal  7.424382e-01 -6.653528e-01  7.804564e-02
    outer loop
      vertex  7.096876e+00 -2.228584e-01 -1.115368e-01
      vertex  7.095943e+00 -2.240085e-01 -1.124694e-01
      vertex  7.097624e+00 -2.222225e-01 -1.132334e-01
    endloop
  endfacet
  facet normal  7.424523e-01 -6.653261e-01  7.813910e-02
    outer loop
      vertex  7.097624e+00 -2.222225e-01 -1.132334e-01
      vertex  7.095943e+00 -2.240085e-01 -1.124694e-01
      vertex  7.096785e+00 -2.232576e-01 -1.140728e-01
    endloop
  endfacet
  facet normal  8.072940e-01 -5.836359e-01 -8.743861e-02
    outer loop
      vertex  7.097624e+00 -2.222225e-01 -1.132334e-01
      vertex  7.096785e+00 -2.232576e-01 -1.140728e-01
      vertex  7.098058e+00 -2.213669e-01 -1.149431e-01
    endloop
  endfacet
  facet normal  8.072715e-01 -5.836557e-01 -8.751447e-02
    outer loop
      vertex  7.098058e+00 -2.213669e-01 -1.149431e-01
      vertex  7.096785e+00 -2.232576e-01 -1.140728e-01
      vertex  7.097344e+00 -2.222471e-01 -1.156569e-01
    endloop
  endfacet
  facet normal  8.412266e-01 -4.793723e-01 -2.500799e-01
    outer loop
      vertex  7.098058e+00 -2.213669e-01 -1.149431e-01
      vertex  7.097344e+00 -2.222471e-01 -1.156569e-01
      vertex  7.098159e+00 -2.203242e-01 -1.166000e-01
    endloop
  endfacet
  facet normal  8.412606e-01 -4.793508e-01 -2.500067e-01
    outer loop
      vertex  7.098159e+00 -2.203242e-01 -1.166000e-01
      vertex  7.097344e+00 -2.222471e-01 -1.156569e-01
      vertex  7.097599e+00 -2.210159e-01 -1.171609e-01
    endloop
  endfacet
  facet normal  8.401088e-01 -3.356080e-01 -4.261273e-01
    outer loop
      vertex  7.098159e+00 -2.203242e-01 -1.166000e-01
      vertex  7.097599e+00 -2.210159e-01 -1.171609e-01
      vertex  7.097096e+00 -2.199759e-01 -1.189698e-01
    endloop
  endfacet
  facet normal  7.230170e-01 -6.691362e-01 -1.717652e-01
    outer loop
      vertex  7.096785e+00 -2.232576e-01 -1.140728e-01
      vertex  7.095823e+00 -2.240504e-01 -1.150350e-01
      vertex  7.097344e+00 -2.222471e-01 -1.156569e-01
    endloop
  endfacet
  facet normal  7.230331e-01 -6.691320e-01 -1.717134e-01
    outer loop
      vertex  7.097344e+00 -2.222471e-01 -1.156569e-01
      vertex  7.095823e+00 -2.240504e-01 -1.150350e-01
      vertex  7.096526e+00 -2.229213e-01 -1.164752e-01
    endloop
  endfacet
  facet normal  7.720534e-01 -5.495767e-01 -3.192164e-01
    outer loop
      vertex  7.097344e+00 -2.222471e-01 -1.156569e-01
      vertex  7.096526e+00 -2.229213e-01 -1.164752e-01
      vertex  7.097599e+00 -2.210159e-01 -1.171609e-01
    endloop
  endfacet
  facet normal  7.720960e-01 -5.495685e-01 -3.191270e-01
    outer loop
      vertex  7.097599e+00 -2.210159e-01 -1.171609e-01
      vertex  7.096526e+00 -2.229213e-01 -1.164752e-01
      vertex  7.096956e+00 -2.215455e-01 -1.178038e-01
    endloop
  endfacet
  facet normal  7.914453e-01 -4.086120e-01 -4.545884e-01
    outer loop
      vertex  7.097599e+00 -2.210159e-01 -1.171609e-01
      vertex  7.096956e+00 -2.215455e-01 -1.178038e-01
      vertex  7.097096e+00 -2.199759e-01 -1.189698e-01
    endloop
  endfacet
  facet normal  2.782314e-01 -9.065067e-01 -3.175418e-01
    outer loop
      vertex  7.092415e+00 -2.259235e-01 -1.150931e-01
      vertex  7.090542e+00 -2.258539e-01 -1.169324e-01
      vertex  7.093670e+00 -2.248046e-01 -1.171872e-01
    endloop
  endfacet
  facet normal  2.760937e-01 -9.029772e-01 -3.292485e-01
    outer loop
      vertex  7.093670e+00 -2.248046e-01 -1.171872e-01
      vertex  7.090542e+00 -2.258539e-01 -1.169324e-01
      vertex  7.092558e+00 -2.247390e-01 -1.182999e-01
    endloop
  endfacet
  facet normal  4.246250e-01 -7.737353e-01 -4.701354e-01
    outer loop
      vertex  7.093670e+00 -2.248046e-01 -1.171872e-01
      vertex  7.092558e+00 -2.247390e-01 -1.182999e-01
      vertex  7.094695e+00 -2.235627e-01 -1.183055e-01
    endloop
  endfacet
  facet normal  4.246270e-01 -7.737388e-01 -4.701277e-01
    outer loop
      vertex  7.094695e+00 -2.235627e-01 -1.183055e-01
      vertex  7.092558e+00 -2.247390e-01 -1.182999e-01
      vertex  7.093749e+00 -2.235069e-01 -1.192518e-01
    endloop
  endfacet
  facet normal  5.269247e-01 -6.355780e-01 -5.642614e-01
    outer loop
      vertex  7.094695e+00 -2.235627e-01 -1.183055e-01
      vertex  7.093749e+00 -2.235069e-01 -1.192518e-01
      vertex  7.095518e+00 -2.220495e-01 -1.192419e-01
    endloop
  endfacet
  facet normal  5.269063e-01 -6.355553e-01 -5.643042e-01
    outer loop
      vertex  7.095518e+00 -2.220495e-01 -1.192419e-01
      vertex  7.093749e+00 -2.235069e-01 -1.192518e-01
      vertex  7.094774e+00 -2.220057e-01 -1.199853e-01
    endloop
  endfacet
  facet normal  6.232076e-01 -4.365554e-01 -6.488696e-01
    outer loop
      vertex  7.095518e+00 -2.220495e-01 -1.192419e-01
      vertex  7.094774e+00 -2.220057e-01 -1.199853e-01
      vertex  7.095248e+00 -2.198404e-01 -1.209873e-01
    endloop
  endfacet
  facet normal  7.730199e-01  0.000000e+00 -6.343818e-01
    outer loop
      vertex  7.096500e+00 -2.162277e-01 -1.206425e-01
      vertex  7.096500e+00  2.809780e-09 -1.206425e-01
      vertex  7.097744e+00  2.162277e-01 -1.191271e-01
    endloop
  endfacet
  facet normal  7.730184e-01  2.196530e-08 -6.343837e-01
    outer loop
      vertex  7.096500e+00  2.165016e-01 -1.206425e-01
      vertex  7.097744e+00  2.162277e-01 -1.191271e-01
      vertex  7.096500e+00  2.809780e-09 -1.206425e-01
    endloop
  endfacet
  facet normal  7.730758e-01  1.828432e-04  6.343136e-01
    outer loop
      vertex  7.096500e+00  2.165008e-01 -1.065002e-01
      vertex  7.097071e+00 -2.162277e-01 -1.070711e-01
      vertex  7.097744e+00  2.162277e-01 -1.080157e-01
    endloop
  endfacet
  facet normal  8.145235e-01  0.000000e+00  5.801304e-01
    outer loop
      vertex  7.097744e+00  2.162277e-01 -1.080157e-01
      vertex  7.097071e+00 -2.162277e-01 -1.070711e-01
      vertex  7.097744e+00 -2.162277e-01 -1.080157e-01
    endloop
  endfacet
  facet normal  8.819191e-01  -0.000000e+00  4.714008e-01
    outer loop
      vertex  7.097744e+00  2.162277e-01 -1.080157e-01
      vertex  7.097744e+00 -2.162277e-01 -1.080157e-01
      vertex  7.098668e+00  2.162277e-01 -1.097446e-01
    endloop
  endfacet
  facet normal  8.819191e-01  0.000000e+00  4.714008e-01
    outer loop
      vertex  7.098668e+00  2.162277e-01 -1.097446e-01
      vertex  7.097744e+00 -2.162277e-01 -1.080157e-01
      vertex  7.098668e+00 -2.162277e-01 -1.097446e-01
    endloop
  endfacet
  facet normal  9.569674e-01  -0.000000e+00  2.901958e-01
    outer loop
      vertex  7.098668e+00  2.162277e-01 -1.097446e-01
      vertex  7.098668e+00 -2.162277e-01 -1.097446e-01
      vertex  7.099237e+00  2.162277e-01 -1.116205e-01
    endloop
  endfacet
  facet normal  9.569674e-01  0.000000e+00  2.901958e-01
    outer loop
      vertex  7.099237e+00  2.162277e-01 -1.116205e-01
      vertex  7.098668e+00 -2.162277e-01 -1.097446e-01
      vertex  7.099237e+00 -2.162277e-01 -1.116205e-01
    endloop
  endfacet
  facet normal  9.951838e-01  -0.000000e+00  9.802625e-02
    outer loop
      vertex  7.099237e+00  2.162277e-01 -1.116205e-01
      vertex  7.099237e+00 -2.162277e-01 -1.116205e-01
      vertex  7.099429e+00  2.162277e-01 -1.135714e-01
    endloop
  endfacet
  facet normal  9.951838e-01  0.000000e+00  9.802625e-02
    outer loop
      vertex  7.099429e+00  2.162277e-01 -1.135714e-01
      vertex  7.099237e+00 -2.162277e-01 -1.116205e-01
      vertex  7.099429e+00 -2.162277e-01 -1.135714e-01
    endloop
  endfacet
  facet normal  9.951838e-01  0.000000e+00 -9.802625e-02
    outer loop
      vertex  7.099429e+00  2.162277e-01 -1.135714e-01
      vertex  7.099429e+00 -2.162277e-01 -1.135714e-01
      vertex  7.099237e+00  2.162277e-01 -1.155223e-01
    endloop
  endfacet
  facet normal  9.951838e-01  0.000000e+00 -9.802625e-02
    outer loop
      vertex  7.099237e+00  2.162277e-01 -1.155223e-01
      vertex  7.099429e+00 -2.162277e-01 -1.135714e-01
      vertex  7.099237e+00 -2.162277e-01 -1.155223e-01
    endloop
  endfacet
  facet normal  9.569674e-01  0.000000e+00 -2.901958e-01
    outer loop
      vertex  7.099237e+00  2.162277e-01 -1.155223e-01
      vertex  7.099237e+00 -2.162277e-01 -1.155223e-01
      vertex  7.098668e+00  2.162277e-01 -1.173983e-01
    endloop
  endfacet
  facet normal  9.569674e-01  0.000000e+00 -2.901958e-01
    outer loop
      vertex  7.098668e+00  2.162277e-01 -1.173983e-01
      vertex  7.099237e+00 -2.162277e-01 -1.155223e-01
      vertex  7.098668e+00 -2.162277e-01 -1.173983e-01
    endloop
  endfacet
  facet normal  8.819191e-01  0.000000e+00 -4.714008e-01
    outer loop
      vertex  7.098668e+00  2.162277e-01 -1.173983e-01
      vertex  7.098668e+00 -2.162277e-01 -1.173983e-01
      vertex  7.097744e+00  2.162277e-01 -1.191271e-01
    endloop
  endfacet
  facet normal  8.819191e-01  0.000000e+00 -4.714008e-01
    outer loop
      vertex  7.097744e+00  2.162277e-01 -1.191271e-01
      vertex  7.098668e+00 -2.162277e-01 -1.173983e-01
      vertex  7.097744e+00 -2.162277e-01 -1.191271e-01
    endloop
  endfacet
  facet normal  7.730199e-01  0.000000e+00 -6.343818e-01
    outer loop
      vertex  7.097744e+00  2.162277e-01 -1.191271e-01
      vertex  7.097744e+00 -2.162277e-01 -1.191271e-01
      vertex  7.096500e+00 -2.162277e-01 -1.206425e-01
    endloop
  endfacet
  facet normal  7.071061e-01 -2.787670e-06  7.071075e-01
    outer loop
      vertex  7.097071e+00 -2.162277e-01 -1.070711e-01
      vertex  7.002929e+00 -2.397916e-01 -1.292893e-02
      vertex  7.044881e+00 -2.343095e-01 -5.488143e-02
    endloop
  endfacet
  facet normal  7.071056e-01  0.000000e+00  7.071079e-01
    outer loop
      vertex  7.002929e+00 -2.397916e-01 -1.292893e-02
      vertex  7.097071e+00 -2.162277e-01 -1.070711e-01
      vertex  7.002929e+00  2.397916e-01 -1.292893e-02
    endloop
  endfacet
  facet normal  7.071051e-01 -2.115009e-07  7.071084e-01
    outer loop
      vertex  7.002929e+00  2.397916e-01 -1.292893e-02
      vertex  7.097071e+00 -2.162277e-01 -1.070711e-01
      vertex  7.096500e+00  2.165008e-01 -1.065002e-01
    endloop
  endfacet
  facet normal  7.071069e-01  1.403414e-05  7.071067e-01
    outer loop
      vertex  7.002929e+00  2.397916e-01 -1.292893e-02
      vertex  7.096500e+00  2.165008e-01 -1.065002e-01
      vertex  7.054363e+00  2.320039e-01 -6.436332e-02
    endloop
  endfacet
  facet normal  0.000000e+00 -9.988528e-01  4.788714e-02
    outer loop
      vertex  1.500000e+00 -2.497829e-01 -2.041667e-02
      vertex  6.995858e+00 -2.497829e-01 -2.041667e-02
      vertex  1.500000e+00 -2.496972e-01 -1.862948e-02
    endloop
  endfacet
  facet normal  0.000000e+00 -9.988528e-01  4.788714e-02
    outer loop
      vertex  1.500000e+00 -2.496972e-01 -1.862948e-02
      vertex  6.995858e+00 -2.497829e-01 -2.041667e-02
      vertex  6.995858e+00 -2.496972e-01 -1.862948e-02
    endloop
  endfacet
  facet normal  0.000000e+00 -9.743311e-01  2.251192e-01
    outer loop
      vertex  1.500000e+00 -2.496972e-01 -1.862948e-02
      vertex  6.995858e+00 -2.496972e-01 -1.862948e-02
      vertex  1.500000e+00 -2.492944e-01 -1.688616e-02
    endloop
  endfacet
  facet normal  0.000000e+00 -9.743311e-01  2.251192e-01
    outer loop
      vertex  1.500000e+00 -2.492944e-01 -1.688616e-02
      vertex  6.995858e+00 -2.496972e-01 -1.862948e-02
      vertex  6.995858e+00 -2.492944e-01 -1.688616e-02
    endloop
  endfacet
  facet normal  0.000000e+00 -9.186174e-01  3.951480e-01
    outer loop
      vertex  1.500000e+00 -2.492944e-01 -1.688616e-02
      vertex  6.995858e+00 -2.492944e-01 -1.688616e-02
      vertex  1.500000e+00 -2.485874e-01 -1.524253e-02
    endloop
  endfacet
  facet normal  0.000000e+00 -9.186174e-01  3.951480e-01
    outer loop
      vertex  1.500000e+00 -2.485874e-01 -1.524253e-02
      vertex  6.995858e+00 -2.492944e-01 -1.688616e-02
      vertex  6.995858e+00 -2.485874e-01 -1.524253e-02
    endloop
  endfacet
  facet normal  0.000000e+00 -8.334953e-01  5.525266e-01
    outer loop
      vertex  1.500000e+00 -2.485874e-01 -1.524253e-02
      vertex  6.995858e+00 -2.485874e-01 -1.524253e-02
      vertex  1.500000e+00 -2.475988e-01 -1.375121e-02
    endloop
  endfacet
  facet normal  0.000000e+00 -8.334953e-01  5.525266e-01
    outer loop
      vertex  1.500000e+00 -2.475988e-01 -1.375121e-02
      vertex  6.995858e+00 -2.485874e-01 -1.524253e-02
      vertex  6.995858e+00 -2.475988e-01 -1.375121e-02
    endloop
  endfacet
  facet normal  0.000000e+00 -7.216861e-01  6.922206e-01
    outer loop
      vertex  1.500000e+00 -2.475988e-01 -1.375121e-02
      vertex  6.995858e+00 -2.475988e-01 -1.375121e-02
      vertex  1.500000e+00 -2.463602e-01 -1.245993e-02
    endloop
  endfacet
  facet normal  0.000000e+00 -7.216861e-01  6.922206e-01
    outer loop
      vertex  1.500000e+00 -2.463602e-01 -1.245993e-02
      vertex  6.995858e+00 -2.475988e-01 -1.375121e-02
      vertex  6.995858e+00 -2.463602e-01 -1.245993e-02
    endloop
  endfacet
  facet normal  0.000000e+00 -5.867768e-01  8.097486e-01
    outer loop
      vertex  1.500000e+00 -2.463602e-01 -1.245993e-02
      vertex  6.995858e+00 -2.463602e-01 -1.245993e-02
      vertex  1.500000e+00 -2.449114e-01 -1.141004e-02
    endloop
  endfacet
  facet normal  0.000000e+00 -5.867768e-01  8.097486e-01
    outer loop
      vertex  1.500000e+00 -2.449114e-01 -1.141004e-02
      vertex  6.995858e+00 -2.463602e-01 -1.245993e-02
      vertex  6.995858e+00 -2.449114e-01 -1.141004e-02
    endloop
  endfacet
  facet normal  0.000000e+00 -4.330831e-01  9.013539e-01
    outer loop
      vertex  1.500000e+00 -2.449114e-01 -1.141004e-02
      vertex  6.995858e+00 -2.449114e-01 -1.141004e-02
      vertex  1.500000e+00 -2.432987e-01 -1.063515e-02
    endloop
  endfacet
  facet normal  0.000000e+00 -4.330831e-01  9.013539e-01
    outer loop
      vertex  1.500000e+00 -2.432987e-01 -1.063515e-02
      vertex  6.995858e+00 -2.449114e-01 -1.141004e-02
      vertex  6.995858e+00 -2.432987e-01 -1.063515e-02
    endloop
  endfacet
  facet normal  0.000000e+00 -2.655225e-01  9.641047e-01
    outer loop
      vertex  1.500000e+00 -2.432987e-01 -1.063515e-02
      vertex  6.995858e+00 -2.432987e-01 -1.063515e-02
      vertex  1.500000e+00 -2.415736e-01 -1.016007e-02
    endloop
  endfacet
  facet normal  0.000000e+00 -2.655225e-01  9.641047e-01
    outer loop
      vertex  1.500000e+00 -2.415736e-01 -1.016007e-02
      vertex  6.995858e+00 -2.432987e-01 -1.063515e-02
      vertex  6.995858e+00 -2.415736e-01 -1.016007e-02
    endloop
  endfacet
  facet normal  0.000000e+00 -8.939661e-02  9.959961e-01
    outer loop
      vertex  1.500000e+00 -2.415736e-01 -1.016007e-02
      vertex  6.995858e+00 -2.415736e-01 -1.016007e-02
      vertex  1.500000e+00 -2.397916e-01 -1.000012e-02
    endloop
  endfacet
  facet normal -2.143500e-08 -8.946218e-02  9.959902e-01
    outer loop
      vertex  1.500000e+00 -2.397916e-01 -1.000012e-02
      vertex  6.995858e+00 -2.415736e-01 -1.016007e-02
      vertex  6.995858e+00 -2.397916e-01 -1.000000e-02
    endloop
  endfacet
  facet normal -2.152129e-08  0.000000e+00  1.000000e+00
    outer loop
      vertex  6.995858e+00 -2.397916e-01 -1.000000e-02
      vertex  6.995858e+00  2.397916e-01 -1.000000e-02
      vertex  1.500000e+00 -2.397916e-01 -1.000012e-02
    endloop
  endfacet
  facet normal -2.152129e-08  0.000000e+00  1.000000e+00
    outer loop
      vertex  1.500000e+00 -2.397916e-01 -1.000012e-02
      vertex  6.995858e+00  2.397916e-01 -1.000000e-02
      vertex  1.500000e+00  2.397916e-01 -1.000012e-02
    endloop
  endfacet
  facet normal -2.143512e-08  8.939661e-02  9.959961e-01
    outer loop
      vertex  1.500000e+00  2.397916e-01 -1.000012e-02
      vertex  6.995858e+00  2.397916e-01 -1.000000e-02
      vertex  1.500000e+00  2.415736e-01 -1.016007e-02
    endloop
  endfacet
  facet normal  -0.000000e+00  8.946218e-02  9.959902e-01
    outer loop
      vertex  1.500000e+00  2.415736e-01 -1.016007e-02
      vertex  6.995858e+00  2.397916e-01 -1.000000e-02
      vertex  6.995858e+00  2.415736e-01 -1.016007e-02
    endloop
  endfacet
  facet normal  0.000000e+00  2.655225e-01  9.641047e-01
    outer loop
      vertex  1.500000e+00  2.415736e-01 -1.016007e-02
      vertex  6.995858e+00  2.415736e-01 -1.016007e-02
      vertex  1.500000e+00  2.432987e-01 -1.063515e-02
    endloop
  endfacet
  facet normal  -0.000000e+00  2.655225e-01  9.641047e-01
    outer loop
      vertex  1.500000e+00  2.432987e-01 -1.063515e-02
      vertex  6.995858e+00  2.415736e-01 -1.016007e-02
      vertex  6.995858e+00  2.432987e-01 -1.063515e-02
    endloop
  endfacet
  facet normal  0.000000e+00  4.330831e-01  9.013539e-01
    outer loop
      vertex  1.500000e+00  2.432987e-01 -1.063515e-02
      vertex  6.995858e+00  2.432987e-01 -1.063515e-02
      vertex  1.500000e+00  2.449114e-01 -1.141004e-02
    endloop
  endfacet
  facet normal  -0.000000e+00  4.330831e-01  9.013539e-01
    outer loop
      vertex  1.500000e+00  2.449114e-01 -1.141004e-02
      vertex  6.995858e+00  2.432987e-01 -1.063515e-02
      vertex  6.995858e+00  2.449114e-01 -1.141004e-02
    endloop
  endfacet
  facet normal  0.000000e+00  5.867768e-01  8.097486e-01
    outer loop
      vertex  1.500000e+00  2.449114e-01 -1.141004e-02
      vertex  6.995858e+00  2.449114e-01 -1.141004e-02
      vertex  1.500000e+00  2.463602e-01 -1.245993e-02
    endloop
  endfacet
  facet normal  -0.000000e+00  5.867768e-01  8.097486e-01
    outer loop
      vertex  1.500000e+00  2.463602e-01 -1.245993e-02
      vertex  6.995858e+00  2.449114e-01 -1.141004e-02
      vertex  6.995858e+00  2.463602e-01 -1.245993e-02
    endloop
  endfacet
  facet normal  0.000000e+00  7.216861e-01  6.922206e-01
    outer loop
      vertex  1.500000e+00  2.463602e-01 -1.245993e-02
      vertex  6.995858e+00  2.463602e-01 -1.245993e-02
      vertex  1.500000e+00  2.475988e-01 -1.375121e-02
    endloop
  endfacet
  facet normal  -0.000000e+00  7.216861e-01  6.922206e-01
    outer loop
      vertex  1.500000e+00  2.475988e-01 -1.375121e-02
      vertex  6.995858e+00  2.463602e-01 -1.245993e-02
      vertex  6.995858e+00  2.475988e-01 -1.375121e-02
    endloop
  endfacet
  facet normal  0.000000e+00  8.334953e-01  5.525266e-01
    outer loop
      vertex  1.500000e+00  2.475988e-01 -1.375121e-02
      vertex  6.995858e+00  2.475988e-01 -1.375121e-02
      vertex  1.500000e+00  2.485874e-01 -1.524253e-02
    endloop
  endfacet
  facet normal  -0.000000e+00  8.334953e-01  5.525266e-01
    outer loop
      vertex  1.500000e+00  2.485874e-01 -1.524253e-02
      vertex  6.995858e+00  2.475988e-01 -1.375121e-02
      vertex  6.995858e+00  2.485874e-01 -1.524253e-02
    endloop
  endfacet
  facet normal  0.000000e+00  9.186174e-01  3.951480e-01
    outer loop
      vertex  1.500000e+00  2.485874e-01 -1.524253e-02
      vertex  6.995858e+00  2.485874e-01 -1.524253e-02
      vertex  1.500000e+00  2.492944e-01 -1.688616e-02
    endloop
  endfacet
  facet normal  -0.000000e+00  9.186174e-01  3.951480e-01
    outer loop
      vertex  1.500000e+00  2.492944e-01 -1.688616e-02
      vertex  6.995858e+00  2.485874e-01 -1.524253e-02
      vertex  6.995858e+00  2.492944e-01 -1.688616e-02
    endloop
  endfacet
  facet normal  0.000000e+00  9.743311e-01  2.251192e-01
    outer loop
      vertex  1.500000e+00  2.492944e-01 -1.688616e-02
      vertex  6.995858e+00  2.492944e-01 -1.688616e-02
      vertex  1.500000e+00  2.496972e-01 -1.862948e-02
    endloop
  endfacet
  facet normal  -0.000000e+00  9.743311e-01  2.251192e-01
    outer loop
      vertex  1.500000e+00  2.496972e-01 -1.862948e-02
      vertex  6.995858e+00  2.492944e-01 -1.688616e-02
      vertex  6.995858e+00  2.496972e-01 -1.862948e-02
    endloop
  endfacet
  facet normal  0.000000e+00  9.988528e-01  4.788714e-02
    outer loop
      vertex  1.500000e+00  2.496972e-01 -1.862948e-02
      vertex  6.995858e+00  2.496972e-01 -1.862948e-02
      vertex  1.500000e+00  2.497829e-01 -2.041667e-02
    endloop
  endfacet
  facet normal  -0.000000e+00  9.988528e-01  4.788714e-02
    outer loop
      vertex  1.500000e+00  2.497829e-01 -2.041667e-02
      vertex  6.995858e+00  2.496972e-01 -1.862948e-02
      vertex  6.995858e+00  2.497829e-01 -2.041667e-02
    endloop
  endfacet
  facet normal  6.340090e-01  3.454108e-02  7.725539e-01
    outer loop
      vertex  7.002929e+00  2.397916e-01 -1.292893e-02
      vertex  7.002029e+00  2.411649e-01 -1.225230e-02
      vertex  7.001413e+00  2.397916e-01 -1.168530e-02
    endloop
  endfacet
  facet normal  6.825373e-01  8.958070e-02  7.253399e-01
    outer loop
      vertex  7.002929e+00  2.397916e-01 -1.292893e-02
      vertex  7.002854e+00  2.415595e-01 -1.307728e-02
      vertex  7.002029e+00  2.411649e-01 -1.225230e-02
    endloop
  endfacet
  facet normal  2.902921e-01 -1.442205e-03  9.569370e-01
    outer loop
      vertex  6.997809e+00  2.397916e-01 -1.019215e-02
      vertex  6.999685e+00  2.397916e-01 -1.076121e-02
      vertex  6.998408e+00  2.406909e-01 -1.037247e-02
    endloop
  endfacet
  facet normal  6.155024e-01  2.650400e-01  7.422335e-01
    outer loop
      vertex  7.002029e+00  2.411649e-01 -1.225230e-02
      vertex  7.002854e+00  2.415595e-01 -1.307728e-02
      vertex  7.002559e+00  2.432717e-01 -1.344392e-02
    endloop
  endfacet
  facet normal  6.615620e-01  2.361995e-01  7.117201e-01
    outer loop
      vertex  7.002029e+00  2.411649e-01 -1.225230e-02
      vertex  7.002559e+00  2.432717e-01 -1.344392e-02
      vertex  7.001698e+00  2.430897e-01 -1.258259e-02
    endloop
  endfacet
  facet normal  5.908718e-01  4.307863e-01  6.821244e-01
    outer loop
      vertex  7.001698e+00  2.430897e-01 -1.258259e-02
      vertex  7.002559e+00  2.432717e-01 -1.344392e-02
      vertex  7.002053e+00  2.448742e-01 -1.401728e-02
    endloop
  endfacet
  facet normal  5.908776e-01  4.307828e-01  6.821216e-01
    outer loop
      vertex  7.001698e+00  2.430897e-01 -1.258259e-02
      vertex  7.002053e+00  2.448742e-01 -1.401728e-02
      vertex  7.000794e+00  2.446084e-01 -1.275935e-02
    endloop
  endfacet
  facet normal  5.097557e-01  5.825780e-01  6.330498e-01
    outer loop
      vertex  7.000794e+00  2.446084e-01 -1.275935e-02
      vertex  7.002053e+00  2.448742e-01 -1.401728e-02
      vertex  7.001351e+00  2.463164e-01 -1.477929e-02
    endloop
  endfacet
  facet normal  5.705212e-01  5.429070e-01  6.162448e-01
    outer loop
      vertex  7.000794e+00  2.446084e-01 -1.275935e-02
      vertex  7.001351e+00  2.463164e-01 -1.477929e-02
      vertex  7.000533e+00  2.462475e-01 -1.396110e-02
    endloop
  endfacet
  facet normal  4.766514e-01  5.680156e-01  6.709410e-01
    outer loop
      vertex  6.999736e+00  2.459751e-01 -1.316442e-02
      vertex  7.000794e+00  2.446084e-01 -1.275935e-02
      vertex  7.000533e+00  2.462475e-01 -1.396110e-02
    endloop
  endfacet
  facet normal  5.900258e-01  2.343179e-01  7.726349e-01
    outer loop
      vertex  7.000935e+00  2.424950e-01 -1.181996e-02
      vertex  7.002029e+00  2.411649e-01 -1.225230e-02
      vertex  7.001698e+00  2.430897e-01 -1.258259e-02
    endloop
  endfacet
  facet normal  4.877979e-01  3.814788e-01  7.851925e-01
    outer loop
      vertex  7.000935e+00  2.424950e-01 -1.181996e-02
      vertex  7.001698e+00  2.430897e-01 -1.258259e-02
      vertex  7.000794e+00  2.446084e-01 -1.275935e-02
    endloop
  endfacet
  facet normal  4.878417e-01  3.814712e-01  7.851688e-01
    outer loop
      vertex  7.000935e+00  2.424950e-01 -1.181996e-02
      vertex  7.000794e+00  2.446084e-01 -1.275935e-02
      vertex  6.999681e+00  2.437398e-01 -1.164556e-02
    endloop
  endfacet
  facet normal  3.703783e-01  5.158067e-01  7.725046e-01
    outer loop
      vertex  6.999681e+00  2.437398e-01 -1.164556e-02
      vertex  7.000794e+00  2.446084e-01 -1.275935e-02
      vertex  6.999736e+00  2.459751e-01 -1.316442e-02
    endloop
  endfacet
  facet normal  4.382254e-01  4.977912e-01  7.484400e-01
    outer loop
      vertex  6.999681e+00  2.437398e-01 -1.164556e-02
      vertex  6.999736e+00  2.459751e-01 -1.316442e-02
      vertex  6.998986e+00  2.455077e-01 -1.241437e-02
    endloop
  endfacet
  facet normal  4.976667e-01  1.307553e-01  8.574560e-01
    outer loop
      vertex  7.001413e+00  2.397916e-01 -1.168530e-02
      vertex  7.002029e+00  2.411649e-01 -1.225230e-02
      vertex  7.000935e+00  2.424950e-01 -1.181996e-02
    endloop
  endfacet
  facet normal  5.740007e-01  1.417215e-01  8.064975e-01
    outer loop
      vertex  7.001413e+00  2.397916e-01 -1.168530e-02
      vertex  7.000935e+00  2.424950e-01 -1.181996e-02
      vertex  7.000367e+00  2.415619e-01 -1.125147e-02
    endloop
  endfacet
  facet normal  4.032055e-01  2.843462e-01  8.698118e-01
    outer loop
      vertex  7.000367e+00  2.415619e-01 -1.125147e-02
      vertex  7.000935e+00  2.424950e-01 -1.181996e-02
      vertex  6.999681e+00  2.437398e-01 -1.164556e-02
    endloop
  endfacet
  facet normal  4.030645e-01  2.843155e-01  8.698872e-01
    outer loop
      vertex  7.000367e+00  2.415619e-01 -1.125147e-02
      vertex  6.999681e+00  2.437398e-01 -1.164556e-02
      vertex  6.998850e+00  2.423771e-01 -1.081531e-02
    endloop
  endfacet
  facet normal  2.558031e-01  3.844961e-01  8.869766e-01
    outer loop
      vertex  6.998850e+00  2.423771e-01 -1.081531e-02
      vertex  6.999681e+00  2.437398e-01 -1.164556e-02
      vertex  6.998306e+00  2.448601e-01 -1.173460e-02
    endloop
  endfacet
  facet normal  3.254605e-01  3.902536e-01  8.612651e-01
    outer loop
      vertex  6.998850e+00  2.423771e-01 -1.081531e-02
      vertex  6.998306e+00  2.448601e-01 -1.173460e-02
      vertex  6.997718e+00  2.440526e-01 -1.114655e-02
    endloop
  endfacet
  facet normal  1.375146e-01  5.157272e-01  8.456448e-01
    outer loop
      vertex  6.997718e+00  2.440526e-01 -1.114655e-02
      vertex  6.998306e+00  2.448601e-01 -1.173460e-02
      vertex  6.996854e+00  2.458206e-01 -1.208426e-02
    endloop
  endfacet
  facet normal -1.098293e-01  4.233072e-01  8.993044e-01
    outer loop
      vertex  6.997718e+00  2.440526e-01 -1.114655e-02
      vertex  6.996854e+00  2.458206e-01 -1.208426e-02
      vertex  6.995858e+00  2.463602e-01 -1.245993e-02
    endloop
  endfacet
  facet normal  1.288390e-01  7.156712e-01  6.864512e-01
    outer loop
      vertex  6.995858e+00  2.463602e-01 -1.245993e-02
      vertex  6.996854e+00  2.458206e-01 -1.208426e-02
      vertex  6.995858e+00  2.475988e-01 -1.375121e-02
    endloop
  endfacet
  facet normal  2.379981e-01  3.406832e-01  9.095559e-01
    outer loop
      vertex  6.997240e+00  2.431108e-01 -1.066876e-02
      vertex  6.998850e+00  2.423771e-01 -1.081531e-02
      vertex  6.997718e+00  2.440526e-01 -1.114655e-02
    endloop
  endfacet
  facet normal  4.705451e-01  6.250722e-02  8.801591e-01
    outer loop
      vertex  6.999685e+00  2.397916e-01 -1.076121e-02
      vertex  7.001413e+00  2.397916e-01 -1.168530e-02
      vertex  7.000367e+00  2.415619e-01 -1.125147e-02
    endloop
  endfacet
  facet normal  3.372697e-01  1.283661e-01  9.326152e-01
    outer loop
      vertex  6.999685e+00  2.397916e-01 -1.076121e-02
      vertex  7.000367e+00  2.415619e-01 -1.125147e-02
      vertex  6.998850e+00  2.423771e-01 -1.081531e-02
    endloop
  endfacet
  facet normal  3.779387e-01  1.411233e-01  9.150118e-01
    outer loop
      vertex  6.999685e+00  2.397916e-01 -1.076121e-02
      vertex  6.998850e+00  2.423771e-01 -1.081531e-02
      vertex  6.998408e+00  2.406909e-01 -1.037247e-02
    endloop
  endfacet
  facet normal  1.809904e-01  2.051115e-01  9.618586e-01
    outer loop
      vertex  6.998408e+00  2.406909e-01 -1.037247e-02
      vertex  6.998850e+00  2.423771e-01 -1.081531e-02
      vertex  6.997240e+00  2.431108e-01 -1.066876e-02
    endloop
  endfacet
  facet normal  2.460993e-01  2.339280e-01  9.405918e-01
    outer loop
      vertex  6.998408e+00  2.406909e-01 -1.037247e-02
      vertex  6.997240e+00  2.431108e-01 -1.066876e-02
      vertex  6.996888e+00  2.420643e-01 -1.031629e-02
    endloop
  endfacet
  facet normal  2.333581e-01  4.211261e-01  8.764684e-01
    outer loop
      vertex  6.996888e+00  2.420643e-01 -1.031629e-02
      vertex  6.995858e+00  2.449114e-01 -1.141004e-02
      vertex  6.995858e+00  2.432987e-01 -1.063515e-02
    endloop
  endfacet
  facet normal  1.973998e-02  2.654707e-01  9.639168e-01
    outer loop
      vertex  6.995858e+00  2.415736e-01 -1.016007e-02
      vertex  6.996888e+00  2.420643e-01 -1.031629e-02
      vertex  6.995858e+00  2.432987e-01 -1.063515e-02
    endloop
  endfacet
  facet normal  9.761252e-02  8.903496e-02  9.912338e-01
    outer loop
      vertex  6.995858e+00  2.397916e-01 -1.000000e-02
      vertex  6.997809e+00  2.397916e-01 -1.019215e-02
      vertex  6.995858e+00  2.415736e-01 -1.016007e-02
    endloop
  endfacet
  facet normal  1.223121e-01  1.161790e-01  9.856684e-01
    outer loop
      vertex  6.995858e+00  2.415736e-01 -1.016007e-02
      vertex  6.997809e+00  2.397916e-01 -1.019215e-02
      vertex  6.998408e+00  2.406909e-01 -1.037247e-02
    endloop
  endfacet
  facet normal  1.109946e-01  8.234338e-02  9.904038e-01
    outer loop
      vertex  6.995858e+00  2.415736e-01 -1.016007e-02
      vertex  6.998408e+00  2.406909e-01 -1.037247e-02
      vertex  6.996888e+00  2.420643e-01 -1.031629e-02
    endloop
  endfacet
  facet normal  4.613253e-01  7.176112e-01  5.217404e-01
    outer loop
      vertex  7.000533e+00  2.462475e-01 -1.396110e-02
      vertex  7.001351e+00  2.463164e-01 -1.477929e-02
      vertex  6.999502e+00  2.474710e-01 -1.473268e-02
    endloop
  endfacet
  facet normal  4.613359e-01  7.176296e-01  5.217059e-01
    outer loop
      vertex  6.999502e+00  2.474710e-01 -1.473268e-02
      vertex  7.001351e+00  2.463164e-01 -1.477929e-02
      vertex  7.000475e+00  2.475528e-01 -1.570592e-02
    endloop
  endfacet
  facet normal  3.591579e-01  8.288901e-01  4.288901e-01
    outer loop
      vertex  6.999502e+00  2.474710e-01 -1.473268e-02
      vertex  7.000475e+00  2.475528e-01 -1.570592e-02
      vertex  6.998357e+00  2.484522e-01 -1.567035e-02
    endloop
  endfacet
  facet normal  3.591521e-01  8.288751e-01  4.289240e-01
    outer loop
      vertex  6.998357e+00  2.484522e-01 -1.567035e-02
      vertex  7.000475e+00  2.475528e-01 -1.570592e-02
      vertex  6.999455e+00  2.485446e-01 -1.676795e-02
    endloop
  endfacet
  facet normal  2.457044e-01  9.140759e-01  3.226372e-01
    outer loop
      vertex  6.998357e+00  2.484522e-01 -1.567035e-02
      vertex  6.999455e+00  2.485446e-01 -1.676795e-02
      vertex  6.997133e+00  2.491604e-01 -1.674455e-02
    endloop
  endfacet
  facet normal  2.456997e-01  9.140558e-01  3.226978e-01
    outer loop
      vertex  6.997133e+00  2.491604e-01 -1.674455e-02
      vertex  6.999455e+00  2.485446e-01 -1.676795e-02
      vertex  6.998321e+00  2.492603e-01 -1.793190e-02
    endloop
  endfacet
  facet normal  1.164389e-01  9.731877e-01  1.983626e-01
    outer loop
      vertex  6.997133e+00  2.491604e-01 -1.674455e-02
      vertex  6.998321e+00  2.492603e-01 -1.793190e-02
      vertex  6.995858e+00  2.496972e-01 -1.862948e-02
    endloop
  endfacet
  facet normal  1.092600e-01  9.690995e-01  2.211526e-01
    outer loop
      vertex  6.995858e+00  2.496972e-01 -1.862948e-02
      vertex  6.998321e+00  2.492603e-01 -1.793190e-02
      vertex  6.997109e+00  2.496774e-01 -1.916105e-02
    endloop
  endfacet
  facet normal  3.609483e-02  9.982019e-01  4.785593e-02
    outer loop
      vertex  6.995858e+00  2.496972e-01 -1.862948e-02
      vertex  6.997109e+00  2.496774e-01 -1.916105e-02
      vertex  6.995858e+00  2.497829e-01 -2.041667e-02
    endloop
  endfacet
  facet normal  3.720929e-01  6.986892e-01  6.110485e-01
    outer loop
      vertex  6.999736e+00  2.459751e-01 -1.316442e-02
      vertex  7.000533e+00  2.462475e-01 -1.396110e-02
      vertex  6.998555e+00  2.471469e-01 -1.378503e-02
    endloop
  endfacet
  facet normal  3.721119e-01  6.987460e-01  6.109719e-01
    outer loop
      vertex  6.998555e+00  2.471469e-01 -1.378503e-02
      vertex  7.000533e+00  2.462475e-01 -1.396110e-02
      vertex  6.999502e+00  2.474710e-01 -1.473268e-02
    endloop
  endfacet
  facet normal  2.560507e-01  8.071110e-01  5.319867e-01
    outer loop
      vertex  6.998555e+00  2.471469e-01 -1.378503e-02
      vertex  6.999502e+00  2.474710e-01 -1.473268e-02
      vertex  6.997289e+00  2.480868e-01 -1.460161e-02
    endloop
  endfacet
  facet normal  2.560504e-01  8.071092e-01  5.319897e-01
    outer loop
      vertex  6.997289e+00  2.480868e-01 -1.460161e-02
      vertex  6.999502e+00  2.474710e-01 -1.473268e-02
      vertex  6.998357e+00  2.484522e-01 -1.567035e-02
    endloop
  endfacet
  facet normal  1.038530e-01  9.047058e-01  4.131851e-01
    outer loop
      vertex  6.997289e+00  2.480868e-01 -1.460161e-02
      vertex  6.998357e+00  2.484522e-01 -1.567035e-02
      vertex  6.995858e+00  2.492944e-01 -1.688616e-02
    endloop
  endfacet
  facet normal  3.103557e-02  8.503774e-01  5.252571e-01
    outer loop
      vertex  6.995858e+00  2.492944e-01 -1.688616e-02
      vertex  6.998357e+00  2.484522e-01 -1.567035e-02
      vertex  6.997133e+00  2.491604e-01 -1.674455e-02
    endloop
  endfacet
  facet normal  7.714987e-02  9.714272e-01  2.244482e-01
    outer loop
      vertex  6.995858e+00  2.492944e-01 -1.688616e-02
      vertex  6.997133e+00  2.491604e-01 -1.674455e-02
      vertex  6.995858e+00  2.496972e-01 -1.862948e-02
    endloop
  endfacet
  facet normal  2.866140e-01  6.577941e-01  6.965338e-01
    outer loop
      vertex  6.998986e+00  2.455077e-01 -1.241437e-02
      vertex  6.999736e+00  2.459751e-01 -1.316442e-02
      vertex  6.997663e+00  2.465909e-01 -1.289284e-02
    endloop
  endfacet
  facet normal  2.866152e-01  6.578016e-01  6.965262e-01
    outer loop
      vertex  6.997663e+00  2.465909e-01 -1.289284e-02
      vertex  6.999736e+00  2.459751e-01 -1.316442e-02
      vertex  6.998555e+00  2.471469e-01 -1.378503e-02
    endloop
  endfacet
  facet normal  1.018906e-01  7.953522e-01  5.975227e-01
    outer loop
      vertex  6.997663e+00  2.465909e-01 -1.289284e-02
      vertex  6.998555e+00  2.471469e-01 -1.378503e-02
      vertex  6.995858e+00  2.485874e-01 -1.524253e-02
    endloop
  endfacet
  facet normal -2.363656e-01  4.360462e-01  8.683289e-01
    outer loop
      vertex  6.995858e+00  2.485874e-01 -1.524253e-02
      vertex  6.998555e+00  2.471469e-01 -1.378503e-02
      vertex  6.997289e+00  2.480868e-01 -1.460161e-02
    endloop
  endfacet
  facet normal  1.429072e-01  9.091889e-01  3.910922e-01
    outer loop
      vertex  6.995858e+00  2.485874e-01 -1.524253e-02
      vertex  6.997289e+00  2.480868e-01 -1.460161e-02
      vertex  6.995858e+00  2.492944e-01 -1.688616e-02
    endloop
  endfacet
  facet normal  1.986256e-01  8.168883e-01  5.415177e-01
    outer loop
      vertex  6.995858e+00  2.485874e-01 -1.524253e-02
      vertex  6.995858e+00  2.475988e-01 -1.375121e-02
      vertex  6.997663e+00  2.465909e-01 -1.289284e-02
    endloop
  endfacet
  facet normal  4.979613e-02  6.977702e-01  7.145887e-01
    outer loop
      vertex  6.997663e+00  2.465909e-01 -1.289284e-02
      vertex  6.995858e+00  2.475988e-01 -1.375121e-02
      vertex  6.996854e+00  2.458206e-01 -1.208426e-02
    endloop
  endfacet
  facet normal  2.075716e-01  5.961519e-01  7.755753e-01
    outer loop
      vertex  6.997663e+00  2.465909e-01 -1.289284e-02
      vertex  6.996854e+00  2.458206e-01 -1.208426e-02
      vertex  6.998986e+00  2.455077e-01 -1.241437e-02
    endloop
  endfacet
  facet normal  2.075709e-01  5.961286e-01  7.755935e-01
    outer loop
      vertex  6.998986e+00  2.455077e-01 -1.241437e-02
      vertex  6.996854e+00  2.458206e-01 -1.208426e-02
      vertex  6.998306e+00  2.448601e-01 -1.173460e-02
    endloop
  endfacet
  facet normal  3.427798e-01  4.847239e-01  8.047017e-01
    outer loop
      vertex  6.998986e+00  2.455077e-01 -1.241437e-02
      vertex  6.998306e+00  2.448601e-01 -1.173460e-02
      vertex  6.999681e+00  2.437398e-01 -1.164556e-02
    endloop
  endfacet
  facet normal -4.155092e-02  4.687097e-01  8.823745e-01
    outer loop
      vertex  6.997718e+00  2.440526e-01 -1.114655e-02
      vertex  6.995858e+00  2.463602e-01 -1.245993e-02
      vertex  6.997240e+00  2.431108e-01 -1.066876e-02
    endloop
  endfacet
  facet normal  3.134549e-01  5.572050e-01  7.689399e-01
    outer loop
      vertex  6.997240e+00  2.431108e-01 -1.066876e-02
      vertex  6.995858e+00  2.463602e-01 -1.245993e-02
      vertex  6.995858e+00  2.449114e-01 -1.141004e-02
    endloop
  endfacet
  facet normal -6.367015e-02  3.377291e-01  9.390875e-01
    outer loop
      vertex  6.997240e+00  2.431108e-01 -1.066876e-02
      vertex  6.995858e+00  2.449114e-01 -1.141004e-02
      vertex  6.996888e+00  2.420643e-01 -1.031629e-02
    endloop
  endfacet
  facet normal  6.343876e-01  0.000000e+00  7.730151e-01
    outer loop
      vertex  7.002929e+00 -2.397916e-01 -1.292893e-02
      vertex  7.002929e+00  2.397916e-01 -1.292893e-02
      vertex  7.001413e+00 -2.397916e-01 -1.168530e-02
    endloop
  endfacet
  facet normal  6.343876e-01  -0.000000e+00  7.730151e-01
    outer loop
      vertex  7.001413e+00 -2.397916e-01 -1.168530e-02
      vertex  7.002929e+00  2.397916e-01 -1.292893e-02
      vertex  7.001413e+00  2.397916e-01 -1.168530e-02
    endloop
  endfacet
  facet normal  4.714671e-01  0.000000e+00  8.818836e-01
    outer loop
      vertex  7.001413e+00 -2.397916e-01 -1.168530e-02
      vertex  7.001413e+00  2.397916e-01 -1.168530e-02
      vertex  6.999685e+00 -2.397916e-01 -1.076121e-02
    endloop
  endfacet
  facet normal  4.714671e-01  -0.000000e+00  8.818836e-01
    outer loop
      vertex  6.999685e+00 -2.397916e-01 -1.076121e-02
      vertex  7.001413e+00  2.397916e-01 -1.168530e-02
      vertex  6.999685e+00  2.397916e-01 -1.076121e-02
    endloop
  endfacet
  facet normal  2.902924e-01  0.000000e+00  9.569380e-01
    outer loop
      vertex  6.999685e+00 -2.397916e-01 -1.076121e-02
      vertex  6.999685e+00  2.397916e-01 -1.076121e-02
      vertex  6.997809e+00 -2.397916e-01 -1.019215e-02
    endloop
  endfacet
  facet normal  2.902924e-01  -0.000000e+00  9.569380e-01
    outer loop
      vertex  6.997809e+00 -2.397916e-01 -1.019215e-02
      vertex  6.999685e+00  2.397916e-01 -1.076121e-02
      vertex  6.997809e+00  2.397916e-01 -1.019215e-02
    endloop
  endfacet
  facet normal  9.800175e-02  0.000000e+00  9.951863e-01
    outer loop
      vertex  6.997809e+00 -2.397916e-01 -1.019215e-02
      vertex  6.997809e+00  2.397916e-01 -1.019215e-02
      vertex  6.995858e+00 -2.397916e-01 -1.000000e-02
    endloop
  endfacet
  facet normal  9.800175e-02  -0.000000e+00  9.951863e-01
    outer loop
      vertex  6.995858e+00 -2.397916e-01 -1.000000e-02
      vertex  6.997809e+00  2.397916e-01 -1.019215e-02
      vertex  6.995858e+00  2.397916e-01 -1.000000e-02
    endloop
  endfacet
  facet normal  6.757510e-01 -8.982353e-02  7.316367e-01
    outer loop
      vertex  7.002929e+00 -2.397916e-01 -1.292893e-02
      vertex  7.001870e+00 -2.409461e-01 -1.209296e-02
      vertex  7.002854e+00 -2.415595e-01 -1.307728e-02
    endloop
  endfacet
  facet normal  6.342350e-01 -2.193373e-02  7.728292e-01
    outer loop
      vertex  7.002929e+00 -2.397916e-01 -1.292893e-02
      vertex  7.001413e+00 -2.397916e-01 -1.168530e-02
      vertex  7.001870e+00 -2.409461e-01 -1.209296e-02
    endloop
  endfacet
  facet normal  9.686735e-02 -1.517133e-01  9.836665e-01
    outer loop
      vertex  6.995858e+00 -2.397916e-01 -1.000000e-02
      vertex  6.998576e+00 -2.415619e-01 -1.054075e-02
      vertex  6.997809e+00 -2.397916e-01 -1.019215e-02
    endloop
  endfacet
  facet normal  1.385114e-01 -8.859985e-02  9.863897e-01
    outer loop
      vertex  6.995858e+00 -2.397916e-01 -1.000000e-02
      vertex  6.995858e+00 -2.415736e-01 -1.016007e-02
      vertex  6.998576e+00 -2.415619e-01 -1.054075e-02
    endloop
  endfacet
  facet normal  5.491962e-01 -5.834274e-01  5.983277e-01
    outer loop
      vertex  7.001351e+00 -2.463164e-01 -1.477929e-02
      vertex  7.002053e+00 -2.448742e-01 -1.401728e-02
      vertex  7.000533e+00 -2.462475e-01 -1.396110e-02
    endloop
  endfacet
  facet normal  1.092600e-01 -9.690995e-01  2.211526e-01
    outer loop
      vertex  6.998321e+00 -2.492603e-01 -1.793190e-02
      vertex  6.995858e+00 -2.496972e-01 -1.862948e-02
      vertex  6.997109e+00 -2.496774e-01 -1.916105e-02
    endloop
  endfacet
  facet normal  3.609483e-02 -9.982019e-01  4.785593e-02
    outer loop
      vertex  6.995858e+00 -2.497829e-01 -2.041667e-02
      vertex  6.997109e+00 -2.496774e-01 -1.916105e-02
      vertex  6.995858e+00 -2.496972e-01 -1.862948e-02
    endloop
  endfacet
  facet normal  4.678356e-01 -1.238768e-01  8.750911e-01
    outer loop
      vertex  7.001870e+00 -2.409461e-01 -1.209296e-02
      vertex  7.001413e+00 -2.397916e-01 -1.168530e-02
      vertex  6.999685e+00 -2.397916e-01 -1.076121e-02
    endloop
  endfacet
  facet normal  5.199623e-01 -1.102520e-03  8.541884e-01
    outer loop
      vertex  7.001870e+00 -2.409461e-01 -1.209296e-02
      vertex  6.999685e+00 -2.397916e-01 -1.076121e-02
      vertex  7.000179e+00 -2.410038e-01 -1.106348e-02
    endloop
  endfacet
  facet normal  2.882136e-01 -1.194582e-01  9.500856e-01
    outer loop
      vertex  7.000179e+00 -2.410038e-01 -1.106348e-02
      vertex  6.999685e+00 -2.397916e-01 -1.076121e-02
      vertex  6.997809e+00 -2.397916e-01 -1.019215e-02
    endloop
  endfacet
  facet normal  3.240886e-01 -4.561381e-02  9.449264e-01
    outer loop
      vertex  7.000179e+00 -2.410038e-01 -1.106348e-02
      vertex  6.997809e+00 -2.397916e-01 -1.019215e-02
      vertex  6.998576e+00 -2.415619e-01 -1.054075e-02
    endloop
  endfacet
  facet normal  1.387442e-01 -2.397533e-02  9.900380e-01
    outer loop
      vertex  6.996888e+00 -2.420643e-01 -1.031629e-02
      vertex  6.998576e+00 -2.415619e-01 -1.054075e-02
      vertex  6.995858e+00 -2.415736e-01 -1.016007e-02
    endloop
  endfacet
  facet normal  1.973998e-02 -2.654707e-01  9.639168e-01
    outer loop
      vertex  6.995858e+00 -2.415736e-01 -1.016007e-02
      vertex  6.995858e+00 -2.432987e-01 -1.063515e-02
      vertex  6.996888e+00 -2.420643e-01 -1.031629e-02
    endloop
  endfacet
  facet normal  5.184743e-01 -1.361655e-01  8.441821e-01
    outer loop
      vertex  7.000621e+00 -2.420643e-01 -1.150631e-02
      vertex  7.001870e+00 -2.409461e-01 -1.209296e-02
      vertex  7.000179e+00 -2.410038e-01 -1.106348e-02
    endloop
  endfacet
  facet normal  3.712782e-01 -2.215976e-01  9.016913e-01
    outer loop
      vertex  7.000621e+00 -2.420643e-01 -1.150631e-02
      vertex  7.000179e+00 -2.410038e-01 -1.106348e-02
      vertex  6.998576e+00 -2.415619e-01 -1.054075e-02
    endloop
  endfacet
  facet normal  3.713041e-01 -2.215116e-01  9.017016e-01
    outer loop
      vertex  7.000621e+00 -2.420643e-01 -1.150631e-02
      vertex  6.998576e+00 -2.415619e-01 -1.054075e-02
      vertex  6.999223e+00 -2.431108e-01 -1.118749e-02
    endloop
  endfacet
  facet normal  2.127559e-01 -2.995415e-01  9.300591e-01
    outer loop
      vertex  6.999223e+00 -2.431108e-01 -1.118749e-02
      vertex  6.998576e+00 -2.415619e-01 -1.054075e-02
      vertex  6.996888e+00 -2.420643e-01 -1.031629e-02
    endloop
  endfacet
  facet normal  2.460901e-01 -2.339317e-01  9.405933e-01
    outer loop
      vertex  6.999223e+00 -2.431108e-01 -1.118749e-02
      vertex  6.996888e+00 -2.420643e-01 -1.031629e-02
      vertex  6.997240e+00 -2.431108e-01 -1.066876e-02
    endloop
  endfacet
  facet normal  6.380331e-02 -2.991754e-01  9.520626e-01
    outer loop
      vertex  6.996888e+00 -2.420643e-01 -1.031629e-02
      vertex  6.995858e+00 -2.432987e-01 -1.063515e-02
      vertex  6.997240e+00 -2.431108e-01 -1.066876e-02
    endloop
  endfacet
  facet normal  8.050776e-02 -4.316773e-01  8.984282e-01
    outer loop
      vertex  6.997240e+00 -2.431108e-01 -1.066876e-02
      vertex  6.995858e+00 -2.432987e-01 -1.063515e-02
      vertex  6.995858e+00 -2.449114e-01 -1.141004e-02
    endloop
  endfacet
  facet normal  2.379701e-01 -3.406983e-01  9.095575e-01
    outer loop
      vertex  6.997718e+00 -2.440526e-01 -1.114655e-02
      vertex  6.999223e+00 -2.431108e-01 -1.118749e-02
      vertex  6.997240e+00 -2.431108e-01 -1.066876e-02
    endloop
  endfacet
  facet normal  5.941698e-01 -2.652111e-01  7.593585e-01
    outer loop
      vertex  7.002854e+00 -2.415595e-01 -1.307728e-02
      vertex  7.001870e+00 -2.409461e-01 -1.209296e-02
      vertex  7.000621e+00 -2.420643e-01 -1.150631e-02
    endloop
  endfacet
  facet normal  5.924311e-01 -1.699940e-01  7.874817e-01
    outer loop
      vertex  7.002854e+00 -2.415595e-01 -1.307728e-02
      vertex  7.000621e+00 -2.420643e-01 -1.150631e-02
      vertex  7.001297e+00 -2.428404e-01 -1.218253e-02
    endloop
  endfacet
  facet normal  4.424261e-01 -3.382291e-01  8.305783e-01
    outer loop
      vertex  7.001297e+00 -2.428404e-01 -1.218253e-02
      vertex  7.000621e+00 -2.420643e-01 -1.150631e-02
      vertex  6.999223e+00 -2.431108e-01 -1.118749e-02
    endloop
  endfacet
  facet normal  4.424267e-01 -3.382170e-01  8.305829e-01
    outer loop
      vertex  7.001297e+00 -2.428404e-01 -1.218253e-02
      vertex  6.999223e+00 -2.431108e-01 -1.118749e-02
      vertex  7.000210e+00 -2.442443e-01 -1.217508e-02
    endloop
  endfacet
  facet normal  3.089396e-01 -4.573869e-01  8.338786e-01
    outer loop
      vertex  7.000210e+00 -2.442443e-01 -1.217508e-02
      vertex  6.999223e+00 -2.431108e-01 -1.118749e-02
      vertex  6.997718e+00 -2.440526e-01 -1.114655e-02
    endloop
  endfacet
  facet normal  3.254007e-01 -3.902987e-01  8.612673e-01
    outer loop
      vertex  7.000210e+00 -2.442443e-01 -1.217508e-02
      vertex  6.997718e+00 -2.440526e-01 -1.114655e-02
      vertex  6.998306e+00 -2.448601e-01 -1.173460e-02
    endloop
  endfacet
  facet normal -5.484672e-01  6.282150e-01  5.518421e-01
    outer loop
      vertex  6.998306e+00 -2.448601e-01 -1.173460e-02
      vertex  6.995858e+00 -2.463602e-01 -1.245993e-02
      vertex  6.996854e+00 -2.458206e-01 -1.208426e-02
    endloop
  endfacet
  facet normal  1.288389e-01 -7.156712e-01  6.864512e-01
    outer loop
      vertex  6.995858e+00 -2.463602e-01 -1.245993e-02
      vertex  6.995858e+00 -2.475988e-01 -1.375121e-02
      vertex  6.996854e+00 -2.458206e-01 -1.208426e-02
    endloop
  endfacet
  facet normal  6.349778e-01 -2.648588e-01  7.257086e-01
    outer loop
      vertex  7.002559e+00 -2.432717e-01 -1.344392e-02
      vertex  7.002854e+00 -2.415595e-01 -1.307728e-02
      vertex  7.001297e+00 -2.428404e-01 -1.218253e-02
    endloop
  endfacet
  facet normal  5.604205e-01 -4.302466e-01  7.076840e-01
    outer loop
      vertex  7.002559e+00 -2.432717e-01 -1.344392e-02
      vertex  7.001297e+00 -2.428404e-01 -1.218253e-02
      vertex  7.000210e+00 -2.442443e-01 -1.217508e-02
    endloop
  endfacet
  facet normal  5.604236e-01 -4.302976e-01  7.076507e-01
    outer loop
      vertex  7.002559e+00 -2.432717e-01 -1.344392e-02
      vertex  7.000210e+00 -2.442443e-01 -1.217508e-02
      vertex  7.002053e+00 -2.448742e-01 -1.401728e-02
    endloop
  endfacet
  facet normal  4.681999e-01 -5.800199e-01  6.666076e-01
    outer loop
      vertex  7.002053e+00 -2.448742e-01 -1.401728e-02
      vertex  7.000210e+00 -2.442443e-01 -1.217508e-02
      vertex  6.998986e+00 -2.455077e-01 -1.241437e-02
    endloop
  endfacet
  facet normal  1.018906e-01 -7.953522e-01  5.975227e-01
    outer loop
      vertex  6.998555e+00 -2.471469e-01 -1.378503e-02
      vertex  6.997663e+00 -2.465909e-01 -1.289284e-02
      vertex  6.995858e+00 -2.485874e-01 -1.524253e-02
    endloop
  endfacet
  facet normal -2.363656e-01 -4.360462e-01  8.683289e-01
    outer loop
      vertex  6.998555e+00 -2.471469e-01 -1.378503e-02
      vertex  6.995858e+00 -2.485874e-01 -1.524253e-02
      vertex  6.997289e+00 -2.480868e-01 -1.460161e-02
    endloop
  endfacet
  facet normal  1.429072e-01 -9.091889e-01  3.910923e-01
    outer loop
      vertex  6.995858e+00 -2.485874e-01 -1.524253e-02
      vertex  6.995858e+00 -2.492944e-01 -1.688616e-02
      vertex  6.997289e+00 -2.480868e-01 -1.460161e-02
    endloop
  endfacet
  facet normal  5.029182e-01 -5.287070e-01  6.837707e-01
    outer loop
      vertex  7.000533e+00 -2.462475e-01 -1.396110e-02
      vertex  7.002053e+00 -2.448742e-01 -1.401728e-02
      vertex  6.999736e+00 -2.459751e-01 -1.316442e-02
    endloop
  endfacet
  facet normal  3.103557e-02 -8.503774e-01  5.252571e-01
    outer loop
      vertex  6.998357e+00 -2.484522e-01 -1.567035e-02
      vertex  6.995858e+00 -2.492944e-01 -1.688616e-02
      vertex  6.997133e+00 -2.491604e-01 -1.674455e-02
    endloop
  endfacet
  facet normal  7.714986e-02 -9.714272e-01  2.244482e-01
    outer loop
      vertex  6.995858e+00 -2.492944e-01 -1.688616e-02
      vertex  6.995858e+00 -2.496972e-01 -1.862948e-02
      vertex  6.997133e+00 -2.491604e-01 -1.674455e-02
    endloop
  endfacet
  facet normal  4.613115e-01 -7.176290e-01  5.217281e-01
    outer loop
      vertex  7.001351e+00 -2.463164e-01 -1.477929e-02
      vertex  7.000533e+00 -2.462475e-01 -1.396110e-02
      vertex  7.000475e+00 -2.475528e-01 -1.570592e-02
    endloop
  endfacet
  facet normal  4.613475e-01 -7.176146e-01  5.217161e-01
    outer loop
      vertex  7.000475e+00 -2.475528e-01 -1.570592e-02
      vertex  7.000533e+00 -2.462475e-01 -1.396110e-02
      vertex  6.999502e+00 -2.474710e-01 -1.473268e-02
    endloop
  endfacet
  facet normal  3.591734e-01 -8.288760e-01  4.289044e-01
    outer loop
      vertex  7.000475e+00 -2.475528e-01 -1.570592e-02
      vertex  6.999502e+00 -2.474710e-01 -1.473268e-02
      vertex  6.999455e+00 -2.485446e-01 -1.676795e-02
    endloop
  endfacet
  facet normal  3.591385e-01 -8.288876e-01  4.289113e-01
    outer loop
      vertex  6.999455e+00 -2.485446e-01 -1.676795e-02
      vertex  6.999502e+00 -2.474710e-01 -1.473268e-02
      vertex  6.998357e+00 -2.484522e-01 -1.567035e-02
    endloop
  endfacet
  facet normal  2.457342e-01 -9.140579e-01  3.226655e-01
    outer loop
      vertex  6.999455e+00 -2.485446e-01 -1.676795e-02
      vertex  6.998357e+00 -2.484522e-01 -1.567035e-02
      vertex  6.998321e+00 -2.492603e-01 -1.793190e-02
    endloop
  endfacet
  facet normal  2.456721e-01 -9.140723e-01  3.226716e-01
    outer loop
      vertex  6.998321e+00 -2.492603e-01 -1.793190e-02
      vertex  6.998357e+00 -2.484522e-01 -1.567035e-02
      vertex  6.997133e+00 -2.491604e-01 -1.674455e-02
    endloop
  endfacet
  facet normal  1.164389e-01 -9.731877e-01  1.983626e-01
    outer loop
      vertex  6.998321e+00 -2.492603e-01 -1.793190e-02
      vertex  6.997133e+00 -2.491604e-01 -1.674455e-02
      vertex  6.995858e+00 -2.496972e-01 -1.862948e-02
    endloop
  endfacet
  facet normal  6.773333e-02 -4.238359e-01  9.032028e-01
    outer loop
      vertex  6.997240e+00 -2.431108e-01 -1.066876e-02
      vertex  6.995858e+00 -2.449114e-01 -1.141004e-02
      vertex  6.997718e+00 -2.440526e-01 -1.114655e-02
    endloop
  endfacet
  facet normal  1.543262e-01 -5.797473e-01  8.000479e-01
    outer loop
      vertex  6.997718e+00 -2.440526e-01 -1.114655e-02
      vertex  6.995858e+00 -2.449114e-01 -1.141004e-02
      vertex  6.995858e+00 -2.463602e-01 -1.245993e-02
    endloop
  endfacet
  facet normal  8.652228e-02 -5.445571e-01  8.342490e-01
    outer loop
      vertex  6.997718e+00 -2.440526e-01 -1.114655e-02
      vertex  6.995858e+00 -2.463602e-01 -1.245993e-02
      vertex  6.998306e+00 -2.448601e-01 -1.173460e-02
    endloop
  endfacet
  facet normal  4.907839e-01 -7.262089e-01  4.814060e-01
    outer loop
      vertex  6.995858e+00 -2.475988e-01 -1.375121e-02
      vertex  6.995858e+00 -2.485874e-01 -1.524253e-02
      vertex  6.996854e+00 -2.458206e-01 -1.208426e-02
    endloop
  endfacet
  facet normal -4.339924e-02 -7.446504e-01  6.660422e-01
    outer loop
      vertex  6.996854e+00 -2.458206e-01 -1.208426e-02
      vertex  6.995858e+00 -2.485874e-01 -1.524253e-02
      vertex  6.997663e+00 -2.465909e-01 -1.289284e-02
    endloop
  endfacet
  facet normal  2.075839e-01 -5.961428e-01  7.755790e-01
    outer loop
      vertex  6.996854e+00 -2.458206e-01 -1.208426e-02
      vertex  6.997663e+00 -2.465909e-01 -1.289284e-02
      vertex  6.998306e+00 -2.448601e-01 -1.173460e-02
    endloop
  endfacet
  facet normal  2.075562e-01 -5.961393e-01  7.755890e-01
    outer loop
      vertex  6.998306e+00 -2.448601e-01 -1.173460e-02
      vertex  6.997663e+00 -2.465909e-01 -1.289284e-02
      vertex  6.998986e+00 -2.455077e-01 -1.241437e-02
    endloop
  endfacet
  facet normal  3.428350e-01 -4.846734e-01  8.047087e-01
    outer loop
      vertex  6.998306e+00 -2.448601e-01 -1.173460e-02
      vertex  6.998986e+00 -2.455077e-01 -1.241437e-02
      vertex  7.000210e+00 -2.442443e-01 -1.217508e-02
    endloop
  endfacet
  facet normal  2.866193e-01 -6.577980e-01  6.965280e-01
    outer loop
      vertex  6.997663e+00 -2.465909e-01 -1.289284e-02
      vertex  6.998555e+00 -2.471469e-01 -1.378503e-02
      vertex  6.998986e+00 -2.455077e-01 -1.241437e-02
    endloop
  endfacet
  facet normal  2.866092e-01 -6.577985e-01  6.965318e-01
    outer loop
      vertex  6.998986e+00 -2.455077e-01 -1.241437e-02
      vertex  6.998555e+00 -2.471469e-01 -1.378503e-02
      vertex  6.999736e+00 -2.459751e-01 -1.316442e-02
    endloop
  endfacet
  facet normal  4.859512e-01 -4.358380e-01  7.575597e-01
    outer loop
      vertex  6.998986e+00 -2.455077e-01 -1.241437e-02
      vertex  6.999736e+00 -2.459751e-01 -1.316442e-02
      vertex  7.002053e+00 -2.448742e-01 -1.401728e-02
    endloop
  endfacet
  facet normal  3.720545e-01 -6.987307e-01  6.110243e-01
    outer loop
      vertex  7.000533e+00 -2.462475e-01 -1.396110e-02
      vertex  6.999736e+00 -2.459751e-01 -1.316442e-02
      vertex  6.999502e+00 -2.474710e-01 -1.473268e-02
    endloop
  endfacet
  facet normal  3.721442e-01 -6.987112e-01  6.109923e-01
    outer loop
      vertex  6.999502e+00 -2.474710e-01 -1.473268e-02
      vertex  6.999736e+00 -2.459751e-01 -1.316442e-02
      vertex  6.998555e+00 -2.471469e-01 -1.378503e-02
    endloop
  endfacet
  facet normal  2.560523e-01 -8.071097e-01  5.319879e-01
    outer loop
      vertex  6.999502e+00 -2.474710e-01 -1.473268e-02
      vertex  6.998555e+00 -2.471469e-01 -1.378503e-02
      vertex  6.998357e+00 -2.484522e-01 -1.567035e-02
    endloop
  endfacet
  facet normal  2.560490e-01 -8.071102e-01  5.319887e-01
    outer loop
      vertex  6.998357e+00 -2.484522e-01 -1.567035e-02
      vertex  6.998555e+00 -2.471469e-01 -1.378503e-02
      vertex  6.997289e+00 -2.480868e-01 -1.460161e-02
    endloop
  endfacet
  facet normal  1.038531e-01 -9.047058e-01  4.131851e-01
    outer loop
      vertex  6.998357e+00 -2.484522e-01 -1.567035e-02
      vertex  6.997289e+00 -2.480868e-01 -1.460161e-02
      vertex  6.995858e+00 -2.492944e-01 -1.688616e-02
    endloop
  endfacet
  facet normal  7.174038e-01 -7.363307e-02 -6.927554e-01
    outer loop
      vertex  5.496760e+00 -2.179216e-01  1.069199e-01
      vertex  5.444961e+00 -2.361909e-01  5.521941e-02
      vertex  5.496500e+00 -2.165016e-01  1.065004e-01
    endloop
  endfacet
  facet normal  7.199274e-01 -9.326319e-02 -6.877546e-01
    outer loop
      vertex  5.444961e+00 -2.361909e-01  5.521941e-02
      vertex  5.444881e+00 -2.343095e-01  5.488143e-02
      vertex  5.496500e+00 -2.165016e-01  1.065004e-01
    endloop
  endfacet
  facet normal  6.094130e-01 -7.037819e-01 -3.651123e-01
    outer loop
      vertex  5.495428e+00 -2.241539e-01  1.112339e-01
      vertex  5.443664e+00 -2.411615e-01  5.761819e-02
      vertex  5.496360e+00 -2.224368e-01  1.094800e-01
    endloop
  endfacet
  facet normal  5.865394e-01 -7.387801e-01 -3.319268e-01
    outer loop
      vertex  5.495428e+00 -2.241539e-01  1.112339e-01
      vertex  5.442773e+00 -2.423914e-01  5.878172e-02
      vertex  5.443664e+00 -2.411615e-01  5.761819e-02
    endloop
  endfacet
  facet normal  4.847043e-01 -8.538625e-01 -1.896854e-01
    outer loop
      vertex  5.442773e+00 -2.423914e-01  5.878172e-02
      vertex  5.495428e+00 -2.241539e-01  1.112339e-01
      vertex  5.494081e+00 -2.253435e-01  1.131490e-01
    endloop
  endfacet
  facet normal  6.571951e-01 -6.051970e-01 -4.492565e-01
    outer loop
      vertex  5.443664e+00 -2.411615e-01  5.761819e-02
      vertex  5.444341e+00 -2.396807e-01  5.661330e-02
      vertex  5.496360e+00 -2.224368e-01  1.094800e-01
    endloop
  endfacet
  facet normal  7.058547e-01 -4.485763e-01 -5.482228e-01
    outer loop
      vertex  5.496360e+00 -2.224368e-01  1.094800e-01
      vertex  5.444341e+00 -2.396807e-01  5.661330e-02
      vertex  5.444778e+00 -2.380034e-01  5.580383e-02
    endloop
  endfacet
  facet normal  6.906359e-01 -5.056555e-01 -5.170439e-01
    outer loop
      vertex  5.496360e+00 -2.224368e-01  1.094800e-01
      vertex  5.444778e+00 -2.380034e-01  5.580383e-02
      vertex  5.496815e+00 -2.203105e-01  1.080082e-01
    endloop
  endfacet
  facet normal  7.258731e-01 -2.762451e-01 -6.299180e-01
    outer loop
      vertex  5.496815e+00 -2.203105e-01  1.080082e-01
      vertex  5.444778e+00 -2.380034e-01  5.580383e-02
      vertex  5.444961e+00 -2.361909e-01  5.521941e-02
    endloop
  endfacet
  facet normal  7.261911e-01 -2.711434e-01 -6.317656e-01
    outer loop
      vertex  5.496815e+00 -2.203105e-01  1.080082e-01
      vertex  5.444961e+00 -2.361909e-01  5.521941e-02
      vertex  5.496760e+00 -2.179216e-01  1.069199e-01
    endloop
  endfacet
  facet normal  4.948911e-01 -8.451421e-01 -2.020338e-01
    outer loop
      vertex  5.442773e+00 -2.423914e-01  5.878172e-02
      vertex  5.494081e+00 -2.253435e-01  1.131490e-01
      vertex  5.441700e+00 -2.433255e-01  6.006131e-02
    endloop
  endfacet
  facet normal  3.265553e-01 -9.451759e-01 -2.054554e-03
    outer loop
      vertex  5.441700e+00 -2.433255e-01  6.006131e-02
      vertex  5.494081e+00 -2.253435e-01  1.131490e-01
      vertex  5.492415e+00 -2.259235e-01  1.150931e-01
    endloop
  endfacet
  facet normal  3.859419e-01 -9.202541e-01 -6.466302e-02
    outer loop
      vertex  5.441700e+00 -2.433255e-01  6.006131e-02
      vertex  5.492415e+00 -2.259235e-01  1.150931e-01
      vertex  5.440486e+00 -2.439297e-01  6.141011e-02
    endloop
  endfacet
  facet normal  1.456790e-01 -9.718692e-01  1.850620e-01
    outer loop
      vertex  5.440486e+00 -2.439297e-01  6.141011e-02
      vertex  5.492415e+00 -2.259235e-01  1.150931e-01
      vertex  5.490542e+00 -2.258539e-01  1.169324e-01
    endloop
  endfacet
  facet normal  2.634408e-01 -9.617097e-01  7.558671e-02
    outer loop
      vertex  5.440486e+00 -2.439297e-01  6.141011e-02
      vertex  5.490542e+00 -2.258539e-01  1.169324e-01
      vertex  5.439173e+00 -2.441817e-01  6.277877e-02
    endloop
  endfacet
  facet normal -3.904593e-03 -9.460845e-01  3.238963e-01
    outer loop
      vertex  5.439173e+00 -2.441817e-01  6.277877e-02
      vertex  5.490542e+00 -2.258539e-01  1.169324e-01
      vertex  5.489429e+00 -2.255225e-01  1.178869e-01
    endloop
  endfacet
  facet normal  1.289912e-01 -9.690512e-01  2.104782e-01
    outer loop
      vertex  5.439173e+00 -2.441817e-01  6.277877e-02
      vertex  5.489429e+00 -2.255225e-01  1.178869e-01
      vertex  5.437810e+00 -2.440724e-01  6.411719e-02
    endloop
  endfacet
  facet normal  5.934370e-01 -6.197230e-01 -5.135912e-01
    outer loop
      vertex  5.443664e+00 -2.411615e-01  5.761819e-02
      vertex  5.402052e+00 -2.448742e-01  1.401728e-02
      vertex  5.444341e+00 -2.396807e-01  5.661330e-02
    endloop
  endfacet
  facet normal  6.666637e-01 -4.289673e-01 -6.095463e-01
    outer loop
      vertex  5.444341e+00 -2.396807e-01  5.661330e-02
      vertex  5.402052e+00 -2.448742e-01  1.401728e-02
      vertex  5.402559e+00 -2.432717e-01  1.344392e-02
    endloop
  endfacet
  facet normal  6.569564e-01 -4.596569e-01 -5.975984e-01
    outer loop
      vertex  5.444341e+00 -2.396807e-01  5.661330e-02
      vertex  5.402559e+00 -2.432717e-01  1.344392e-02
      vertex  5.444778e+00 -2.380034e-01  5.580383e-02
    endloop
  endfacet
  facet normal  6.995254e-01 -2.628793e-01 -6.644988e-01
    outer loop
      vertex  5.444778e+00 -2.380034e-01  5.580383e-02
      vertex  5.402559e+00 -2.432717e-01  1.344392e-02
      vertex  5.402854e+00 -2.415595e-01  1.307728e-02
    endloop
  endfacet
  facet normal  6.962966e-01 -2.828602e-01 -6.596676e-01
    outer loop
      vertex  5.444778e+00 -2.380034e-01  5.580383e-02
      vertex  5.402854e+00 -2.415595e-01  1.307728e-02
      vertex  5.444961e+00 -2.361909e-01  5.521941e-02
    endloop
  endfacet
  facet normal  7.102476e-01 -8.848402e-02 -6.983688e-01
    outer loop
      vertex  5.444961e+00 -2.361909e-01  5.521941e-02
      vertex  5.402854e+00 -2.415595e-01  1.307728e-02
      vertex  5.402929e+00 -2.397916e-01  1.292893e-02
    endloop
  endfacet
  facet normal  7.100861e-01 -9.544819e-02 -6.976154e-01
    outer loop
      vertex  5.444961e+00 -2.361909e-01  5.521941e-02
      vertex  5.402929e+00 -2.397916e-01  1.292893e-02
      vertex  5.444881e+00 -2.343095e-01  5.488143e-02
    endloop
  endfacet
  facet normal  6.128540e-01 -5.811632e-01 -5.354058e-01
    outer loop
      vertex  5.402052e+00 -2.448742e-01  1.401728e-02
      vertex  5.443664e+00 -2.411615e-01  5.761819e-02
      vertex  5.401350e+00 -2.463164e-01  1.477929e-02
    endloop
  endfacet
  facet normal  5.082518e-01 -7.568371e-01 -4.109470e-01
    outer loop
      vertex  5.401350e+00 -2.463164e-01  1.477929e-02
      vertex  5.443664e+00 -2.411615e-01  5.761819e-02
      vertex  5.442773e+00 -2.423914e-01  5.878172e-02
    endloop
  endfacet
  facet normal  5.397688e-01 -7.149847e-01 -4.443496e-01
    outer loop
      vertex  5.401350e+00 -2.463164e-01  1.477929e-02
      vertex  5.442773e+00 -2.423914e-01  5.878172e-02
      vertex  5.400476e+00 -2.475528e-01  1.570592e-02
    endloop
  endfacet
  facet normal  4.044155e-01 -8.662649e-01 -2.933142e-01
    outer loop
      vertex  5.400476e+00 -2.475528e-01  1.570592e-02
      vertex  5.442773e+00 -2.423914e-01  5.878172e-02
      vertex  5.441700e+00 -2.433255e-01  6.006131e-02
    endloop
  endfacet
  facet normal  4.497919e-01 -8.261698e-01 -3.393092e-01
    outer loop
      vertex  5.400476e+00 -2.475528e-01  1.570592e-02
      vertex  5.441700e+00 -2.433255e-01  6.006131e-02
      vertex  5.399455e+00 -2.485446e-01  1.676795e-02
    endloop
  endfacet
  facet normal  2.859700e-01 -9.438799e-01 -1.652630e-01
    outer loop
      vertex  5.399455e+00 -2.485446e-01  1.676795e-02
      vertex  5.441700e+00 -2.433255e-01  6.006131e-02
      vertex  5.440486e+00 -2.439297e-01  6.141011e-02
    endloop
  endfacet
  facet normal  3.456728e-01 -9.113498e-01 -2.234987e-01
    outer loop
      vertex  5.399455e+00 -2.485446e-01  1.676795e-02
      vertex  5.440486e+00 -2.439297e-01  6.141011e-02
      vertex  5.398321e+00 -2.492603e-01  1.793190e-02
    endloop
  endfacet
  facet normal  1.569718e-01 -9.871098e-01 -3.120765e-02
    outer loop
      vertex  5.398321e+00 -2.492603e-01  1.793190e-02
      vertex  5.440486e+00 -2.439297e-01  6.141011e-02
      vertex  5.439173e+00 -2.441817e-01  6.277877e-02
    endloop
  endfacet
  facet normal  2.309417e-01 -9.677337e-01 -1.007836e-01
    outer loop
      vertex  5.398321e+00 -2.492603e-01  1.793190e-02
      vertex  5.439173e+00 -2.441817e-01  6.277877e-02
      vertex  5.397109e+00 -2.496774e-01  1.916105e-02
    endloop
  endfacet
  facet normal  2.223523e-02 -9.943451e-01  1.038425e-01
    outer loop
      vertex  5.397109e+00 -2.496774e-01  1.916105e-02
      vertex  5.439173e+00 -2.441817e-01  6.277877e-02
      vertex  5.437810e+00 -2.440724e-01  6.411719e-02
    endloop
  endfacet
  facet normal  1.090216e-01 -9.937202e-01  2.519203e-02
    outer loop
      vertex  5.397109e+00 -2.496774e-01  1.916105e-02
      vertex  5.437810e+00 -2.440724e-01  6.411719e-02
      vertex  5.395858e+00 -2.497829e-01  2.041667e-02
    endloop
  endfacet
  facet normal  7.264401e-01  3.393800e-01 -5.975834e-01
    outer loop
      vertex  5.496650e+00  2.214162e-01  1.087020e-01
      vertex  5.497620e+00  2.183503e-01  1.081398e-01
      vertex  5.454328e+00  2.357358e-01  6.538691e-02
    endloop
  endfacet
  facet normal  7.250061e-01  1.335814e-01 -6.756642e-01
    outer loop
      vertex  5.454363e+00  2.320039e-01  6.436332e-02
      vertex  5.496851e+00  2.191389e-01  1.074107e-01
      vertex  5.497071e+00  2.162277e-01  1.070711e-01
    endloop
  endfacet
  facet normal  7.224573e-01  9.388591e-02 -6.850116e-01
    outer loop
      vertex  5.454482e+00  2.339054e-01  6.474865e-02
      vertex  5.496851e+00  2.191389e-01  1.074107e-01
      vertex  5.454363e+00  2.320039e-01  6.436332e-02
    endloop
  endfacet
  facet normal  7.278863e-01  2.794062e-01 -6.261899e-01
    outer loop
      vertex  5.496851e+00  2.191389e-01  1.074107e-01
      vertex  5.454482e+00  2.339054e-01  6.474865e-02
      vertex  5.454328e+00  2.357358e-01  6.538691e-02
    endloop
  endfacet
  facet normal -7.107391e-01 -4.319917e-02  7.021281e-01
    outer loop
      vertex  5.496851e+00  2.191389e-01  1.074107e-01
      vertex  5.454328e+00  2.357358e-01  6.538691e-02
      vertex  5.497620e+00  2.183503e-01  1.081398e-01
    endloop
  endfacet
  facet normal  7.077457e-01  4.537064e-01 -5.415223e-01
    outer loop
      vertex  5.453908e+00  2.374251e-01  6.625384e-02
      vertex  5.496650e+00  2.214162e-01  1.087020e-01
      vertex  5.454328e+00  2.357358e-01  6.538691e-02
    endloop
  endfacet
  facet normal  2.504756e-01  9.624755e-01  1.044157e-01
    outer loop
      vertex  5.450023e+00  2.416222e-01  7.125093e-02
      vertex  5.491497e+00  2.259706e-01  1.160340e-01
      vertex  5.493281e+00  2.257132e-01  1.141258e-01
    endloop
  endfacet
  facet normal  6.176249e-01  5.807904e-01 -5.303038e-01
    outer loop
      vertex  5.401350e+00  2.463164e-01  1.477929e-02
      vertex  5.453908e+00  2.374251e-01  6.625384e-02
      vertex  5.402052e+00  2.448742e-01  1.401728e-02
    endloop
  endfacet
  facet normal  6.601898e-01  4.662060e-01 -5.888984e-01
    outer loop
      vertex  5.402052e+00  2.448742e-01  1.401728e-02
      vertex  5.453908e+00  2.374251e-01  6.625384e-02
      vertex  5.454328e+00  2.357358e-01  6.538691e-02
    endloop
  endfacet
  facet normal  6.702296e-01  4.287468e-01 -6.057792e-01
    outer loop
      vertex  5.402052e+00  2.448742e-01  1.401728e-02
      vertex  5.454328e+00  2.357358e-01  6.538691e-02
      vertex  5.402559e+00  2.432717e-01  1.344392e-02
    endloop
  endfacet
  facet normal  6.989890e-01  2.870293e-01 -6.550027e-01
    outer loop
      vertex  5.402559e+00  2.432717e-01  1.344392e-02
      vertex  5.454328e+00  2.357358e-01  6.538691e-02
      vertex  5.454482e+00  2.339054e-01  6.474865e-02
    endloop
  endfacet
  facet normal  7.017341e-01  2.627695e-01 -6.622096e-01
    outer loop
      vertex  5.402559e+00  2.432717e-01  1.344392e-02
      vertex  5.454482e+00  2.339054e-01  6.474865e-02
      vertex  5.402854e+00  2.415595e-01  1.307728e-02
    endloop
  endfacet
  facet normal  7.112204e-01  9.686640e-02 -6.962632e-01
    outer loop
      vertex  5.402854e+00  2.415595e-01  1.307728e-02
      vertex  5.454482e+00  2.339054e-01  6.474865e-02
      vertex  5.454363e+00  2.320039e-01  6.436332e-02
    endloop
  endfacet
  facet normal  7.109988e-01  8.845114e-02 -6.976082e-01
    outer loop
      vertex  5.402854e+00  2.415595e-01  1.307728e-02
      vertex  5.454363e+00  2.320039e-01  6.436332e-02
      vertex  5.402929e+00  2.397916e-01  1.292893e-02
    endloop
  endfacet
  facet normal  5.963623e-01  6.275647e-01 -5.005144e-01
    outer loop
      vertex  5.453908e+00  2.374251e-01  6.625384e-02
      vertex  5.401350e+00  2.463164e-01  1.477929e-02
      vertex  5.453238e+00  2.389094e-01  6.731667e-02
    endloop
  endfacet
  facet normal  5.455800e-01  7.144221e-01 -4.381138e-01
    outer loop
      vertex  5.453238e+00  2.389094e-01  6.731667e-02
      vertex  5.401350e+00  2.463164e-01  1.477929e-02
      vertex  5.400476e+00  2.475528e-01  1.570592e-02
    endloop
  endfacet
  facet normal  5.100754e-01  7.649119e-01 -3.933612e-01
    outer loop
      vertex  5.453238e+00  2.389094e-01  6.731667e-02
      vertex  5.400476e+00  2.475528e-01  1.570592e-02
      vertex  5.452344e+00  2.401326e-01  6.853520e-02
    endloop
  endfacet
  facet normal  4.564432e-01  8.254077e-01 -3.322072e-01
    outer loop
      vertex  5.452344e+00  2.401326e-01  6.853520e-02
      vertex  5.400476e+00  2.475528e-01  1.570592e-02
      vertex  5.399455e+00  2.485446e-01  1.676795e-02
    endloop
  endfacet
  facet normal  4.045725e-01  8.732962e-01 -2.714311e-01
    outer loop
      vertex  5.452344e+00  2.401326e-01  6.853520e-02
      vertex  5.399455e+00  2.485446e-01  1.676795e-02
      vertex  5.451258e+00  2.410484e-01  6.986336e-02
    endloop
  endfacet
  facet normal  3.529510e-01  9.104090e-01 -2.158264e-01
    outer loop
      vertex  5.451258e+00  2.410484e-01  6.986336e-02
      vertex  5.399455e+00  2.485446e-01  1.676795e-02
      vertex  5.398321e+00  2.492603e-01  1.793190e-02
    endloop
  endfacet
  facet normal  2.839598e-01  9.486410e-01 -1.394530e-01
    outer loop
      vertex  5.451258e+00  2.410484e-01  6.986336e-02
      vertex  5.398321e+00  2.492603e-01  1.793190e-02
      vertex  5.450023e+00  2.416222e-01  7.125093e-02
    endloop
  endfacet
  facet normal  2.385931e-01  9.666679e-01 -9.287965e-02
    outer loop
      vertex  5.450023e+00  2.416222e-01  7.125093e-02
      vertex  5.398321e+00  2.492603e-01  1.793190e-02
      vertex  5.397109e+00  2.496774e-01  1.916105e-02
    endloop
  endfacet
  facet normal  1.526920e-01  9.882712e-01 -2.279605e-03
    outer loop
      vertex  5.450023e+00  2.416222e-01  7.125093e-02
      vertex  5.397109e+00  2.496774e-01  1.916105e-02
      vertex  5.448684e+00  2.418323e-01  7.264543e-02
    endloop
  endfacet
  facet normal  1.167650e-01  9.926111e-01  3.300155e-02
    outer loop
      vertex  5.448684e+00  2.418323e-01  7.264543e-02
      vertex  5.397109e+00  2.496774e-01  1.916105e-02
      vertex  5.395858e+00  2.497829e-01  2.041667e-02
    endloop
  endfacet
  facet normal  1.573030e-02  9.907336e-01  1.349054e-01
    outer loop
      vertex  5.448684e+00  2.418323e-01  7.264543e-02
      vertex  5.395858e+00  2.497829e-01  2.041667e-02
      vertex  5.447292e+00  2.416707e-01  7.399414e-02
    endloop
  endfacet
  facet normal  3.814503e-01  9.234247e-01 -4.222095e-02
    outer loop
      vertex  5.450023e+00  2.416222e-01  7.125093e-02
      vertex  5.493281e+00  2.257132e-01  1.141258e-01
      vertex  5.451258e+00  2.410484e-01  6.986336e-02
    endloop
  endfacet
  facet normal  4.202817e-01  9.033034e-01 -8.605947e-02
    outer loop
      vertex  5.451258e+00  2.410484e-01  6.986336e-02
      vertex  5.493281e+00  2.257132e-01  1.141258e-01
      vertex  5.494801e+00  2.248207e-01  1.121794e-01
    endloop
  endfacet
  facet normal  4.940183e-01  8.501188e-01 -1.823297e-01
    outer loop
      vertex  5.451258e+00  2.410484e-01  6.986336e-02
      vertex  5.494801e+00  2.248207e-01  1.121794e-01
      vertex  5.452344e+00  2.401326e-01  6.853520e-02
    endloop
  endfacet
  facet normal  5.609456e-01  7.821406e-01 -2.712859e-01
    outer loop
      vertex  5.452344e+00  2.401326e-01  6.853520e-02
      vertex  5.494801e+00  2.248207e-01  1.121794e-01
      vertex  5.495950e+00  2.233547e-01  1.103289e-01
    endloop
  endfacet
  facet normal  5.885604e-01  7.444674e-01 -3.152220e-01
    outer loop
      vertex  5.452344e+00  2.401326e-01  6.853520e-02
      vertex  5.495950e+00  2.233547e-01  1.103289e-01
      vertex  5.453238e+00  2.389094e-01  6.731667e-02
    endloop
  endfacet
  facet normal  6.626665e-01  6.071349e-01 -4.384750e-01
    outer loop
      vertex  5.453238e+00  2.389094e-01  6.731667e-02
      vertex  5.495950e+00  2.233547e-01  1.103289e-01
      vertex  5.496650e+00  2.214162e-01  1.087020e-01
    endloop
  endfacet
  facet normal  6.613891e-01  6.105104e-01 -4.357082e-01
    outer loop
      vertex  5.453238e+00  2.389094e-01  6.731667e-02
      vertex  5.496650e+00  2.214162e-01  1.087020e-01
      vertex  5.453908e+00  2.374251e-01  6.625384e-02
    endloop
  endfacet
  facet normal  2.550140e-01  9.617564e-01  9.996136e-02
    outer loop
      vertex  5.450023e+00  2.416222e-01  7.125093e-02
      vertex  5.448684e+00  2.418323e-01  7.264543e-02
      vertex  5.491497e+00  2.259706e-01  1.160340e-01
    endloop
  endfacet
  facet normal  1.174453e-01  9.644601e-01  2.366929e-01
    outer loop
      vertex  5.491497e+00  2.259706e-01  1.160340e-01
      vertex  5.448684e+00  2.418323e-01  7.264543e-02
      vertex  5.447292e+00  2.416707e-01  7.399414e-02
    endloop
  endfacet
  facet normal  5.792015e-02  9.536628e-01  2.952500e-01
    outer loop
      vertex  5.491497e+00  2.259706e-01  1.160340e-01
      vertex  5.447292e+00  2.416707e-01  7.399414e-02
      vertex  5.489429e+00  2.255225e-01  1.178869e-01
    endloop
  endfacet
  facet normal  1.576170e-04  9.887534e-01  1.495555e-01
    outer loop
      vertex  5.395858e+00  2.497829e-01  2.041667e-02
      vertex  1.500000e+00  2.432550e-01  6.768021e-02
      vertex  5.447292e+00  2.416707e-01  7.399414e-02
    endloop
  endfacet
  facet normal  -0.000000e+00  9.905962e-01  1.368179e-01
    outer loop
      vertex  5.395858e+00  2.497829e-01  2.041667e-02
      vertex  1.500000e+00  2.497829e-01  2.041667e-02
      vertex  1.500000e+00  2.432550e-01  6.768021e-02
    endloop
  endfacet
  facet normal -3.191265e-05  8.969503e-01  4.421314e-01
    outer loop
      vertex  5.489429e+00  2.255225e-01  1.178869e-01
      vertex  1.500000e+00  2.278670e-01  1.128428e-01
      vertex  5.484352e+00  2.229155e-01  1.231755e-01
    endloop
  endfacet
  facet normal  1.151093e-04  9.385371e-01  3.451784e-01
    outer loop
      vertex  5.489429e+00  2.255225e-01  1.178869e-01
      vertex  5.447292e+00  2.416707e-01  7.399414e-02
      vertex  1.500000e+00  2.278670e-01  1.128428e-01
    endloop
  endfacet
  facet normal -1.657819e-04 -7.579263e-01  6.523401e-01
    outer loop
      vertex  1.500000e+00 -1.730547e-01  1.904220e-01
      vertex  1.500000e+00 -2.041793e-01  1.542596e-01
      vertex  5.448084e+00 -1.992802e-01  1.609549e-01
    endloop
  endfacet
  facet normal  1.491125e-04 -7.369931e-01  6.759002e-01
    outer loop
      vertex  5.448084e+00 -1.992802e-01  1.609549e-01
      vertex  5.414948e+00 -1.676321e-01  1.954710e-01
      vertex  1.500000e+00 -1.730547e-01  1.904220e-01
    endloop
  endfacet
  facet normal -1.526587e-04 -6.201932e-01  7.844491e-01
    outer loop
      vertex  1.500000e+00 -1.356269e-01  2.200128e-01
      vertex  1.500000e+00 -1.730547e-01  1.904220e-01
      vertex  5.414948e+00 -1.676321e-01  1.954710e-01
    endloop
  endfacet
  facet normal  5.928096e-05 -6.039244e-01  7.970417e-01
    outer loop
      vertex  5.414948e+00 -1.676321e-01  1.954710e-01
      vertex  5.389912e+00 -1.332155e-01  2.215505e-01
      vertex  1.500000e+00 -1.356269e-01  2.200128e-01
    endloop
  endfacet
  facet normal -2.908411e-04 -2.827975e-01  9.591796e-01
    outer loop
      vertex  1.500000e+00 -9.325907e-02  2.419542e-01
      vertex  5.362009e+00 -6.784943e-02  2.506168e-01
      vertex  1.500000e+00 -4.749449e-02  2.554471e-01
    endloop
  endfacet
  facet normal  1.329008e-04 -2.069492e-01  9.783517e-01
    outer loop
      vertex  5.362009e+00 -6.784943e-02  2.506168e-01
      vertex  5.355421e+00 -3.541013e-02  2.574795e-01
      vertex  1.500000e+00 -4.749449e-02  2.554471e-01
    endloop
  endfacet
  facet normal -2.850319e-04  9.542421e-02  9.954366e-01
    outer loop
      vertex  1.500000e+00 -9.571422e-17  2.600000e-01
      vertex  5.354557e+00  2.842249e-02  2.583791e-01
      vertex  1.500000e+00  4.749449e-02  2.554471e-01
    endloop
  endfacet
  facet normal  1.382141e-04  1.791782e-01  9.838166e-01
    outer loop
      vertex  5.354557e+00  2.842249e-02  2.583791e-01
      vertex  5.360250e+00  6.098184e-02  2.524484e-01
      vertex  1.500000e+00  4.749449e-02  2.554471e-01
    endloop
  endfacet
  facet normal -2.803831e-04  4.598705e-01  8.879859e-01
    outer loop
      vertex  1.500000e+00  9.325907e-02  2.419542e-01
      vertex  5.377645e+00  1.103462e-01  2.343295e-01
      vertex  1.500000e+00  1.356269e-01  2.200128e-01
    endloop
  endfacet
  facet normal  9.992277e-05  5.043396e-01  8.635054e-01
    outer loop
      vertex  5.377645e+00  1.103462e-01  2.343295e-01
      vertex  5.394946e+00  1.411997e-01  2.163072e-01
      vertex  1.500000e+00  1.356269e-01  2.200128e-01
    endloop
  endfacet
  facet normal -2.450572e-04  7.579263e-01  6.523401e-01
    outer loop
      vertex  1.500000e+00  1.730547e-01  1.904220e-01
      vertex  5.443343e+00  1.954413e-01  1.658932e-01
      vertex  1.500000e+00  2.041793e-01  1.542596e-01
    endloop
  endfacet
  facet normal  2.670360e-04  8.409474e-01  5.411168e-01
    outer loop
      vertex  1.500000e+00  2.041793e-01  1.542596e-01
      vertex  5.443343e+00  1.954413e-01  1.658932e-01
      vertex  5.484352e+00  2.229155e-01  1.231755e-01
    endloop
  endfacet
  facet normal -2.087409e-04  8.680536e-01  4.964704e-01
    outer loop
      vertex  1.500000e+00  2.041793e-01  1.542596e-01
      vertex  5.484352e+00  2.229155e-01  1.231755e-01
      vertex  1.500000e+00  2.278670e-01  1.128428e-01
    endloop
  endfacet
  facet normal -1.359800e-04  9.465633e-01  3.225179e-01
    outer loop
      vertex  1.500000e+00  2.278670e-01  1.128428e-01
      vertex  5.447292e+00  2.416707e-01  7.399414e-02
      vertex  1.500000e+00  2.432550e-01  6.768021e-02
    endloop
  endfacet
  facet normal  1.769358e-04 -8.538853e-01  5.204613e-01
    outer loop
      vertex  5.489429e+00 -2.255225e-01  1.178869e-01
      vertex  5.448084e+00 -1.992802e-01  1.609549e-01
      vertex  1.500000e+00 -2.041793e-01  1.542596e-01
    endloop
  endfacet
  facet normal -1.175954e-04 -8.680537e-01  4.964705e-01
    outer loop
      vertex  5.489429e+00 -2.255225e-01  1.178869e-01
      vertex  1.500000e+00 -2.041793e-01  1.542596e-01
      vertex  1.500000e+00 -2.278670e-01  1.128428e-01
    endloop
  endfacet
  facet normal  1.484798e-04 -9.465634e-01  3.225179e-01
    outer loop
      vertex  5.489429e+00 -2.255225e-01  1.178869e-01
      vertex  1.500000e+00 -2.278670e-01  1.128428e-01
      vertex  1.500000e+00 -2.432550e-01  6.768021e-02
    endloop
  endfacet
  facet normal  9.877775e-05 -9.453557e-01  3.260407e-01
    outer loop
      vertex  5.489429e+00 -2.255225e-01  1.178869e-01
      vertex  1.500000e+00 -2.432550e-01  6.768021e-02
      vertex  5.437810e+00 -2.440724e-01  6.411719e-02
    endloop
  endfacet
  facet normal -8.850692e-05 -9.915591e-01  1.296554e-01
    outer loop
      vertex  5.437810e+00 -2.440724e-01  6.411719e-02
      vertex  1.500000e+00 -2.432550e-01  6.768021e-02
      vertex  5.395858e+00 -2.497829e-01  2.041667e-02
    endloop
  endfacet
  facet normal  0.000000e+00 -9.905962e-01  1.368179e-01
    outer loop
      vertex  5.395858e+00 -2.497829e-01  2.041667e-02
      vertex  1.500000e+00 -2.432550e-01  6.768021e-02
      vertex  1.500000e+00 -2.497829e-01  2.041667e-02
    endloop
  endfacet
  facet normal -6.596965e-05 -4.598705e-01  8.879861e-01
    outer loop
      vertex  1.500000e+00 -1.356269e-01  2.200128e-01
      vertex  5.389912e+00 -1.332155e-01  2.215505e-01
      vertex  1.500000e+00 -9.325907e-02  2.419542e-01
    endloop
  endfacet
  facet normal -1.622633e-04 -4.672685e-01  8.841155e-01
    outer loop
      vertex  1.500000e+00 -9.325907e-02  2.419542e-01
      vertex  5.389912e+00 -1.332155e-01  2.215505e-01
      vertex  5.372918e+00 -9.971486e-02  2.392530e-01
    endloop
  endfacet
  facet normal  9.707539e-05 -3.358690e-01  9.419087e-01
    outer loop
      vertex  1.500000e+00 -9.325907e-02  2.419542e-01
      vertex  5.372918e+00 -9.971486e-02  2.392530e-01
      vertex  5.362009e+00 -6.784943e-02  2.506168e-01
    endloop
  endfacet
  facet normal -2.256676e-04 -9.542422e-02  9.954367e-01
    outer loop
      vertex  1.500000e+00 -4.749449e-02  2.554471e-01
      vertex  5.355421e+00 -3.541013e-02  2.574795e-01
      vertex  1.500000e+00 -9.571422e-17  2.600000e-01
    endloop
  endfacet
  facet normal -8.577728e-05 -8.028810e-02  9.967716e-01
    outer loop
      vertex  1.500000e+00 -9.571422e-17  2.600000e-01
      vertex  5.355421e+00 -3.541013e-02  2.574795e-01
      vertex  5.353042e+00 -4.654069e-03  2.599567e-01
    endloop
  endfacet
  facet normal  6.876823e-05  4.763859e-02  9.988647e-01
    outer loop
      vertex  1.500000e+00 -9.571422e-17  2.600000e-01
      vertex  5.353042e+00 -4.654069e-03  2.599567e-01
      vertex  5.354557e+00  2.842249e-02  2.583791e-01
    endloop
  endfacet
  facet normal -2.429605e-04  2.827975e-01  9.591796e-01
    outer loop
      vertex  1.500000e+00  4.749449e-02  2.554471e-01
      vertex  5.360250e+00  6.098184e-02  2.524484e-01
      vertex  1.500000e+00  9.325907e-02  2.419542e-01
    endloop
  endfacet
  facet normal -2.818157e-04  2.785541e-01  9.604205e-01
    outer loop
      vertex  1.500000e+00  9.325907e-02  2.419542e-01
      vertex  5.360250e+00  6.098184e-02  2.524484e-01
      vertex  5.365035e+00  7.816975e-02  2.474647e-01
    endloop
  endfacet
  facet normal  1.553030e-04  3.778939e-01  9.258490e-01
    outer loop
      vertex  1.500000e+00  9.325907e-02  2.419542e-01
      vertex  5.365035e+00  7.816975e-02  2.474647e-01
      vertex  5.377645e+00  1.103462e-01  2.343295e-01
    endloop
  endfacet
  facet normal -1.410521e-04  6.201932e-01  7.844490e-01
    outer loop
      vertex  1.500000e+00  1.356269e-01  2.200128e-01
      vertex  5.394946e+00  1.411997e-01  2.163072e-01
      vertex  1.500000e+00  1.730547e-01  1.904220e-01
    endloop
  endfacet
  facet normal -1.464993e-04  6.197877e-01  7.847696e-01
    outer loop
      vertex  1.500000e+00  1.730547e-01  1.904220e-01
      vertex  5.394946e+00  1.411997e-01  2.163072e-01
      vertex  5.415216e+00  1.679397e-01  1.951925e-01
    endloop
  endfacet
  facet normal  1.185048e-04  7.290638e-01  6.844457e-01
    outer loop
      vertex  1.500000e+00  1.730547e-01  1.904220e-01
      vertex  5.415216e+00  1.679397e-01  1.951925e-01
      vertex  5.443343e+00  1.954413e-01  1.658932e-01
    endloop
  endfacet
  facet normal  7.070835e-01  2.433483e-08  7.071301e-01
    outer loop
      vertex  5.496500e+00  2.059418e-09  1.206425e-01
      vertex  5.496500e+00  2.165016e-01  1.206425e-01
      vertex  5.491423e+00  2.139989e-01  1.257195e-01
    endloop
  endfacet
  facet normal  7.071071e-01  1.145643e-06  7.071065e-01
    outer loop
      vertex  5.496500e+00  2.059418e-09  1.206425e-01
      vertex  5.491423e+00  2.139989e-01  1.257195e-01
      vertex  5.450414e+00  1.876237e-01  1.667285e-01
    endloop
  endfacet
  facet normal  7.071080e-01  1.559129e-06  7.071056e-01
    outer loop
      vertex  5.496500e+00  2.059418e-09  1.206425e-01
      vertex  5.450414e+00  1.876237e-01  1.667285e-01
      vertex  5.422287e+00  1.612221e-01  1.948559e-01
    endloop
  endfacet
  facet normal  7.071087e-01  2.291452e-06  7.071048e-01
    outer loop
      vertex  5.496500e+00  2.059418e-09  1.206425e-01
      vertex  5.422287e+00  1.612221e-01  1.948559e-01
      vertex  5.402017e+00  1.355517e-01  2.151259e-01
    endloop
  endfacet
  facet normal  7.071056e-01 -1.920408e-06  7.071078e-01
    outer loop
      vertex  5.496500e+00  2.059418e-09  1.206425e-01
      vertex  5.402017e+00  1.355517e-01  2.151259e-01
      vertex  5.384716e+00  1.059323e-01  2.324274e-01
    endloop
  endfacet
  facet normal  7.071056e-01 -2.114351e-06  7.071080e-01
    outer loop
      vertex  5.496500e+00  2.059418e-09  1.206425e-01
      vertex  5.384716e+00  1.059323e-01  2.324274e-01
      vertex  5.372106e+00  7.504296e-02  2.450372e-01
    endloop
  endfacet
  facet normal  7.071087e-01  7.885057e-06  7.071050e-01
    outer loop
      vertex  5.496500e+00  2.059418e-09  1.206425e-01
      vertex  5.372106e+00  7.504296e-02  2.450372e-01
      vertex  5.367321e+00  5.854257e-02  2.498215e-01
    endloop
  endfacet
  facet normal  7.071069e-01  6.120575e-07  7.071065e-01
    outer loop
      vertex  5.496500e+00  2.059418e-09  1.206425e-01
      vertex  5.367321e+00  5.854257e-02  2.498215e-01
      vertex  5.361628e+00  2.728559e-02  2.555150e-01
    endloop
  endfacet
  facet normal  7.071059e-01 -9.214136e-06  7.071076e-01
    outer loop
      vertex  5.496500e+00  2.059418e-09  1.206425e-01
      vertex  5.361628e+00  2.728559e-02  2.555150e-01
      vertex  5.360113e+00 -4.467906e-03  2.570295e-01
    endloop
  endfacet
  facet normal  7.071056e-01  8.901323e-06  7.071079e-01
    outer loop
      vertex  5.496500e+00  2.059418e-09  1.206425e-01
      vertex  5.360113e+00 -4.467906e-03  2.570295e-01
      vertex  5.362926e+00 -3.690560e-02  2.542166e-01
    endloop
  endfacet
  facet normal  7.071080e-01 -7.521653e-06  7.071056e-01
    outer loop
      vertex  5.496500e+00  2.059418e-09  1.206425e-01
      vertex  5.362926e+00 -3.690560e-02  2.542166e-01
      vertex  5.370404e+00 -6.966123e-02  2.467389e-01
    endloop
  endfacet
  facet normal  7.071053e-01  1.715629e-06  7.071081e-01
    outer loop
      vertex  5.496500e+00  2.059418e-09  1.206425e-01
      vertex  5.370404e+00 -6.966123e-02  2.467389e-01
      vertex  5.381839e+00 -9.987295e-02  2.353035e-01
    endloop
  endfacet
  facet normal  7.071069e-01 -1.604861e-06  7.071068e-01
    outer loop
      vertex  5.496500e+00  2.059418e-09  1.206425e-01
      vertex  5.381839e+00 -9.987295e-02  2.353035e-01
      vertex  5.399546e+00 -1.318686e-01  2.175970e-01
    endloop
  endfacet
  facet normal  7.071065e-01 -1.139169e-06  7.071070e-01
    outer loop
      vertex  5.496500e+00  2.059418e-09  1.206425e-01
      vertex  5.399546e+00 -1.318686e-01  2.175970e-01
      vertex  5.422019e+00 -1.609268e-01  1.951232e-01
    endloop
  endfacet
  facet normal  7.071061e-01 -7.586653e-07  7.071074e-01
    outer loop
      vertex  5.496500e+00  2.059418e-09  1.206425e-01
      vertex  5.422019e+00 -1.609268e-01  1.951232e-01
      vertex  5.455155e+00 -1.913090e-01  1.619878e-01
    endloop
  endfacet
  facet normal  7.071043e-01  0.000000e+00  7.071092e-01
    outer loop
      vertex  5.496500e+00  2.059418e-09  1.206425e-01
      vertex  5.455155e+00 -1.913090e-01  1.619878e-01
      vertex  5.496500e+00 -2.162277e-01  1.206425e-01
    endloop
  endfacet
  facet normal  6.020258e-01  7.641699e-01 -2.315371e-01
    outer loop
      vertex  5.494801e+00  2.248207e-01  1.121794e-01
      vertex  5.495944e+00  2.240083e-01  1.124690e-01
      vertex  5.495950e+00  2.233547e-01  1.103289e-01
    endloop
  endfacet
  facet normal  7.982571e-01  2.440208e-01  5.506718e-01
    outer loop
      vertex  5.497097e+00  2.199759e-01  1.189697e-01
      vertex  5.497169e+00  2.180868e-01  1.197024e-01
      vertex  5.497926e+00  2.191346e-01  1.181405e-01
    endloop
  endfacet
  facet normal  8.181272e-01  3.884544e-01  4.239944e-01
    outer loop
      vertex  5.497097e+00  2.199759e-01  1.189697e-01
      vertex  5.497926e+00  2.191346e-01  1.181405e-01
      vertex  5.498159e+00  2.203241e-01  1.165998e-01
    endloop
  endfacet
  facet normal  8.401253e-01  3.356056e-01  4.260966e-01
    outer loop
      vertex  5.497097e+00  2.199759e-01  1.189697e-01
      vertex  5.498159e+00  2.203241e-01  1.165998e-01
      vertex  5.497599e+00  2.210158e-01  1.171606e-01
    endloop
  endfacet
  facet normal  7.446135e-01  2.658663e-01  6.122629e-01
    outer loop
      vertex  5.496438e+00  2.184498e-01  1.204332e-01
      vertex  5.497169e+00  2.180868e-01  1.197024e-01
      vertex  5.497097e+00  2.199759e-01  1.189697e-01
    endloop
  endfacet
  facet normal  7.914649e-01  4.086108e-01  4.545553e-01
    outer loop
      vertex  5.496956e+00  2.215455e-01  1.178036e-01
      vertex  5.497097e+00  2.199759e-01  1.189697e-01
      vertex  5.497599e+00  2.210158e-01  1.171606e-01
    endloop
  endfacet
  facet normal  7.258754e-01  2.864805e-01  6.253271e-01
    outer loop
      vertex  5.496106e+00  2.203231e-01  1.199603e-01
      vertex  5.496438e+00  2.184498e-01  1.204332e-01
      vertex  5.497097e+00  2.199759e-01  1.189697e-01
    endloop
  endfacet
  facet normal  7.024701e-01  4.639160e-01  5.397385e-01
    outer loop
      vertex  5.496106e+00  2.203231e-01  1.199603e-01
      vertex  5.497097e+00  2.199759e-01  1.189697e-01
      vertex  5.496956e+00  2.215455e-01  1.178036e-01
    endloop
  endfacet
  facet normal  7.373275e-01  4.203831e-01  5.287971e-01
    outer loop
      vertex  5.496106e+00  2.203231e-01  1.199603e-01
      vertex  5.496956e+00  2.215455e-01  1.178036e-01
      vertex  5.496253e+00  2.218943e-01  1.185058e-01
    endloop
  endfacet
  facet normal  4.922972e-01  8.611300e-01  1.268798e-01
    outer loop
      vertex  5.494772e+00  2.245723e-01  1.160855e-01
      vertex  5.494874e+00  2.248893e-01  1.135382e-01
      vertex  5.493281e+00  2.257132e-01  1.141258e-01
    endloop
  endfacet
  facet normal  4.382644e-01  8.962117e-01 -6.876743e-02
    outer loop
      vertex  5.493281e+00  2.257132e-01  1.141258e-01
      vertex  5.494874e+00  2.248893e-01  1.135382e-01
      vertex  5.494801e+00  2.248207e-01  1.121794e-01
    endloop
  endfacet
  facet normal  7.741870e-01  1.406184e-02  6.328007e-01
    outer loop
      vertex  5.496500e+00  2.165016e-01  1.206425e-01
      vertex  5.497744e+00  2.162277e-01  1.191271e-01
      vertex  5.497646e+00  2.172241e-01  1.192252e-01
    endloop
  endfacet
  facet normal  7.602980e-01  6.298561e-02  6.465137e-01
    outer loop
      vertex  5.496500e+00  2.165016e-01  1.206425e-01
      vertex  5.497646e+00  2.172241e-01  1.192252e-01
      vertex  5.497169e+00  2.180868e-01  1.197024e-01
    endloop
  endfacet
  facet normal  7.274647e-01  9.629828e-02  6.793540e-01
    outer loop
      vertex  5.496500e+00  2.165016e-01  1.206425e-01
      vertex  5.497169e+00  2.180868e-01  1.197024e-01
      vertex  5.496438e+00  2.184498e-01  1.204332e-01
    endloop
  endfacet
  facet normal -7.060204e-01  5.321806e-02  7.061891e-01
    outer loop
      vertex  5.496500e+00  2.165016e-01  1.206425e-01
      vertex  5.496438e+00  2.184498e-01  1.204332e-01
      vertex  5.496106e+00  2.203231e-01  1.199603e-01
    endloop
  endfacet
  facet normal -7.061213e-01  5.319003e-02  7.060903e-01
    outer loop
      vertex  5.496500e+00  2.165016e-01  1.206425e-01
      vertex  5.496106e+00  2.203231e-01  1.199603e-01
      vertex  5.495518e+00  2.220496e-01  1.192418e-01
    endloop
  endfacet
  facet normal -7.060173e-01  5.323388e-02  7.061911e-01
    outer loop
      vertex  5.496500e+00  2.165016e-01  1.206425e-01
      vertex  5.495518e+00  2.220496e-01  1.192418e-01
      vertex  5.494695e+00  2.235628e-01  1.183053e-01
    endloop
  endfacet
  facet normal -7.061512e-01  5.315723e-02  7.060629e-01
    outer loop
      vertex  5.496500e+00  2.165016e-01  1.206425e-01
      vertex  5.494695e+00  2.235628e-01  1.183053e-01
      vertex  5.493670e+00  2.248047e-01  1.171870e-01
    endloop
  endfacet
  facet normal -3.396939e-01  2.603482e-01  9.037847e-01
    outer loop
      vertex  5.496500e+00  2.165016e-01  1.206425e-01
      vertex  5.493670e+00  2.248047e-01  1.171870e-01
      vertex  5.491497e+00  2.259706e-01  1.160340e-01
    endloop
  endfacet
  facet normal  4.734739e-01  5.749592e-01  6.672664e-01
    outer loop
      vertex  5.496500e+00  2.165016e-01  1.206425e-01
      vertex  5.491497e+00  2.259706e-01  1.160340e-01
      vertex  5.489429e+00  2.255225e-01  1.178869e-01
    endloop
  endfacet
  facet normal  6.698748e-01  3.204969e-01 -6.697384e-01
    outer loop
      vertex  5.496500e+00  2.165016e-01  1.206425e-01
      vertex  5.489429e+00  2.255225e-01  1.178869e-01
      vertex  5.490759e+00  2.248589e-01  1.188995e-01
    endloop
  endfacet
  facet normal  6.698485e-01  3.204705e-01 -6.697774e-01
    outer loop
      vertex  5.496500e+00  2.165016e-01  1.206425e-01
      vertex  5.490759e+00  2.248589e-01  1.188995e-01
      vertex  5.492046e+00  2.239248e-01  1.197397e-01
    endloop
  endfacet
  facet normal  6.697187e-01  3.203712e-01 -6.699545e-01
    outer loop
      vertex  5.496500e+00  2.165016e-01  1.206425e-01
      vertex  5.492046e+00  2.239248e-01  1.197397e-01
      vertex  5.493249e+00  2.227506e-01  1.203803e-01
    endloop
  endfacet
  facet normal  6.699949e-01  3.205297e-01 -6.696025e-01
    outer loop
      vertex  5.496500e+00  2.165016e-01  1.206425e-01
      vertex  5.493249e+00  2.227506e-01  1.203803e-01
      vertex  5.494328e+00  2.213743e-01  1.208008e-01
    endloop
  endfacet
  facet normal  6.699909e-01  3.205280e-01 -6.696073e-01
    outer loop
      vertex  5.496500e+00  2.165016e-01  1.206425e-01
      vertex  5.494328e+00  2.213743e-01  1.208008e-01
      vertex  5.495248e+00  2.198404e-01  1.209873e-01
    endloop
  endfacet
  facet normal  6.694326e-01  3.203834e-01 -6.702346e-01
    outer loop
      vertex  5.496500e+00  2.165016e-01  1.206425e-01
      vertex  5.495248e+00  2.198404e-01  1.209873e-01
      vertex  5.495980e+00  2.181985e-01  1.209340e-01
    endloop
  endfacet
  facet normal  8.811944e-01  4.052997e-02  4.710134e-01
    outer loop
      vertex  5.497646e+00  2.172241e-01  1.192252e-01
      vertex  5.497744e+00  2.162277e-01  1.191271e-01
      vertex  5.498668e+00  2.162277e-01  1.173983e-01
    endloop
  endfacet
  facet normal  8.974502e-01  1.991342e-01  3.936099e-01
    outer loop
      vertex  5.497646e+00  2.172241e-01  1.192252e-01
      vertex  5.498668e+00  2.162277e-01  1.173983e-01
      vertex  5.499167e+00  2.175488e-01  1.155926e-01
    endloop
  endfacet
  facet normal  1.724904e-01  9.720703e-01  1.591432e-01
    outer loop
      vertex  5.497646e+00  2.172241e-01  1.192252e-01
      vertex  5.499167e+00  2.175488e-01  1.155926e-01
      vertex  5.499340e+00  2.178345e-01  1.136609e-01
    endloop
  endfacet
  facet normal  2.755085e-02  9.927156e-01  1.172894e-01
    outer loop
      vertex  5.497646e+00  2.172241e-01  1.192252e-01
      vertex  5.499340e+00  2.178345e-01  1.136609e-01
      vertex  5.499132e+00  2.180689e-01  1.117257e-01
    endloop
  endfacet
  facet normal -3.747661e-02  9.938154e-01  1.045297e-01
    outer loop
      vertex  5.497646e+00  2.172241e-01  1.192252e-01
      vertex  5.499132e+00  2.180689e-01  1.117257e-01
      vertex  5.498551e+00  2.182431e-01  1.098615e-01
    endloop
  endfacet
  facet normal -7.240877e-02  9.922497e-01  1.009830e-01
    outer loop
      vertex  5.497646e+00  2.172241e-01  1.192252e-01
      vertex  5.498551e+00  2.182431e-01  1.098615e-01
      vertex  5.497620e+00  2.183503e-01  1.081398e-01
    endloop
  endfacet
  facet normal  9.545175e-01  2.968470e-01  2.790115e-02
    outer loop
      vertex  5.497646e+00  2.172241e-01  1.192252e-01
      vertex  5.497620e+00  2.183503e-01  1.081398e-01
      vertex  5.496650e+00  2.214162e-01  1.087020e-01
    endloop
  endfacet
  facet normal  7.074709e-01 -6.309896e-01 -3.183351e-01
    outer loop
      vertex  5.497646e+00  2.172241e-01  1.192252e-01
      vertex  5.496650e+00  2.214162e-01  1.087020e-01
      vertex  5.497639e+00  2.214797e-01  1.107738e-01
    endloop
  endfacet
  facet normal  4.655243e-01 -7.903147e-01 -3.983589e-01
    outer loop
      vertex  5.497646e+00  2.172241e-01  1.192252e-01
      vertex  5.497639e+00  2.214797e-01  1.107738e-01
      vertex  5.498311e+00  2.209818e-01  1.125468e-01
    endloop
  endfacet
  facet normal  5.226356e-01 -7.641906e-01 -3.779749e-01
    outer loop
      vertex  5.497646e+00  2.172241e-01  1.192252e-01
      vertex  5.498311e+00  2.209818e-01  1.125468e-01
      vertex  5.498641e+00  2.203117e-01  1.143592e-01
    endloop
  endfacet
  facet normal  6.436553e-01 -6.989212e-01 -3.117965e-01
    outer loop
      vertex  5.497646e+00  2.172241e-01  1.192252e-01
      vertex  5.498641e+00  2.203117e-01  1.143592e-01
      vertex  5.498618e+00  2.194952e-01  1.161413e-01
    endloop
  endfacet
  facet normal  9.406632e-01  5.252755e-02  3.352516e-01
    outer loop
      vertex  5.497646e+00  2.172241e-01  1.192252e-01
      vertex  5.498618e+00  2.194952e-01  1.161413e-01
      vertex  5.497926e+00  2.191346e-01  1.181405e-01
    endloop
  endfacet
  facet normal  8.353887e-01  1.736914e-01  5.214949e-01
    outer loop
      vertex  5.497646e+00  2.172241e-01  1.192252e-01
      vertex  5.497926e+00  2.191346e-01  1.181405e-01
      vertex  5.497169e+00  2.180868e-01  1.197024e-01
    endloop
  endfacet
  facet normal  8.078099e-01  1.281290e-01 -5.753487e-01
    outer loop
      vertex  5.497071e+00  2.162277e-01  1.070711e-01
      vertex  5.496851e+00  2.191389e-01  1.074107e-01
      vertex  5.497744e+00  2.162277e-01  1.080157e-01
    endloop
  endfacet
  facet normal  7.293015e-01  8.247427e-02 -6.792035e-01
    outer loop
      vertex  5.497744e+00  2.162277e-01  1.080157e-01
      vertex  5.496851e+00  2.191389e-01  1.074107e-01
      vertex  5.497620e+00  2.183503e-01  1.081398e-01
    endloop
  endfacet
  facet normal  8.791611e-01  7.902428e-02 -4.699266e-01
    outer loop
      vertex  5.497744e+00  2.162277e-01  1.080157e-01
      vertex  5.497620e+00  2.183503e-01  1.081398e-01
      vertex  5.498668e+00  2.162277e-01  1.097446e-01
    endloop
  endfacet
  facet normal  8.788975e-01  7.844872e-02 -4.705156e-01
    outer loop
      vertex  5.498668e+00  2.162277e-01  1.097446e-01
      vertex  5.497620e+00  2.183503e-01  1.081398e-01
      vertex  5.498551e+00  2.182431e-01  1.098615e-01
    endloop
  endfacet
  facet normal  9.544598e-01  7.234266e-02 -2.894354e-01
    outer loop
      vertex  5.498668e+00  2.162277e-01  1.097446e-01
      vertex  5.498551e+00  2.182431e-01  1.098615e-01
      vertex  5.499237e+00  2.162277e-01  1.116205e-01
    endloop
  endfacet
  facet normal  9.541861e-01  7.122070e-02 -2.906141e-01
    outer loop
      vertex  5.499237e+00  2.162277e-01  1.116205e-01
      vertex  5.498551e+00  2.182431e-01  1.098615e-01
      vertex  5.499132e+00  2.180689e-01  1.117257e-01
    endloop
  endfacet
  facet normal  9.932420e-01  6.243946e-02 -9.783497e-02
    outer loop
      vertex  5.499237e+00  2.162277e-01  1.116205e-01
      vertex  5.499132e+00  2.180689e-01  1.117257e-01
      vertex  5.499429e+00  2.162277e-01  1.135714e-01
    endloop
  endfacet
  facet normal  9.931877e-01  6.094304e-02 -9.931899e-02
    outer loop
      vertex  5.499429e+00  2.162277e-01  1.135714e-01
      vertex  5.499132e+00  2.180689e-01  1.117257e-01
      vertex  5.499340e+00  2.178345e-01  1.136609e-01
    endloop
  endfacet
  facet normal  9.939390e-01  5.000163e-02  9.790364e-02
    outer loop
      vertex  5.499429e+00  2.162277e-01  1.135714e-01
      vertex  5.499340e+00  2.178345e-01  1.136609e-01
      vertex  5.499237e+00  2.162277e-01  1.155223e-01
    endloop
  endfacet
  facet normal  9.942509e-01  4.764783e-02  9.588902e-02
    outer loop
      vertex  5.499237e+00  2.162277e-01  1.155223e-01
      vertex  5.499340e+00  2.178345e-01  1.136609e-01
      vertex  5.499167e+00  2.175488e-01  1.155926e-01
    endloop
  endfacet
  facet normal  9.563706e-01  3.530676e-02  2.900148e-01
    outer loop
      vertex  5.499237e+00  2.162277e-01  1.155223e-01
      vertex  5.499167e+00  2.175488e-01  1.155926e-01
      vertex  5.498668e+00  2.162277e-01  1.173983e-01
    endloop
  endfacet
  facet normal  7.328009e-01  5.727569e-01 -3.673587e-01
    outer loop
      vertex  5.496650e+00  2.214162e-01  1.087020e-01
      vertex  5.495950e+00  2.233547e-01  1.103289e-01
      vertex  5.497639e+00  2.214797e-01  1.107738e-01
    endloop
  endfacet
  facet normal  7.397936e-01  5.890849e-01 -3.250914e-01
    outer loop
      vertex  5.497639e+00  2.214797e-01  1.107738e-01
      vertex  5.495950e+00  2.233547e-01  1.103289e-01
      vertex  5.496876e+00  2.228581e-01  1.115364e-01
    endloop
  endfacet
  facet normal  8.238426e-01  5.439342e-01 -1.594333e-01
    outer loop
      vertex  5.497639e+00  2.214797e-01  1.107738e-01
      vertex  5.496876e+00  2.228581e-01  1.115364e-01
      vertex  5.498311e+00  2.209818e-01  1.125468e-01
    endloop
  endfacet
  facet normal  8.238452e-01  5.439233e-01 -1.594571e-01
    outer loop
      vertex  5.498311e+00  2.209818e-01  1.125468e-01
      vertex  5.496876e+00  2.228581e-01  1.115364e-01
      vertex  5.497624e+00  2.222223e-01  1.132331e-01
    endloop
  endfacet
  facet normal  8.786590e-01  4.771819e-01  1.599274e-02
    outer loop
      vertex  5.498311e+00  2.209818e-01  1.125468e-01
      vertex  5.497624e+00  2.222223e-01  1.132331e-01
      vertex  5.498641e+00  2.203117e-01  1.143592e-01
    endloop
  endfacet
  facet normal  8.786384e-01  4.772173e-01  1.607131e-02
    outer loop
      vertex  5.498641e+00  2.203117e-01  1.143592e-01
      vertex  5.497624e+00  2.222223e-01  1.132331e-01
      vertex  5.498058e+00  2.213667e-01  1.149428e-01
    endloop
  endfacet
  facet normal  8.998515e-01  3.919652e-01  1.913908e-01
    outer loop
      vertex  5.498641e+00  2.203117e-01  1.143592e-01
      vertex  5.498058e+00  2.213667e-01  1.149428e-01
      vertex  5.498618e+00  2.194952e-01  1.161413e-01
    endloop
  endfacet
  facet normal  8.998007e-01  3.920249e-01  1.915078e-01
    outer loop
      vertex  5.498618e+00  2.194952e-01  1.161413e-01
      vertex  5.498058e+00  2.213667e-01  1.149428e-01
      vertex  5.498159e+00  2.203241e-01  1.165998e-01
    endloop
  endfacet
  facet normal  8.863759e-01  2.916177e-01  3.595789e-01
    outer loop
      vertex  5.498618e+00  2.194952e-01  1.161413e-01
      vertex  5.498159e+00  2.203241e-01  1.165998e-01
      vertex  5.497926e+00  2.191346e-01  1.181405e-01
    endloop
  endfacet
  facet normal  8.412780e-01  4.793381e-01  2.499727e-01
    outer loop
      vertex  5.497599e+00  2.210158e-01  1.171606e-01
      vertex  5.498159e+00  2.203241e-01  1.165998e-01
      vertex  5.497344e+00  2.222470e-01  1.156566e-01
    endloop
  endfacet
  facet normal  8.412428e-01  4.793603e-01  2.500483e-01
    outer loop
      vertex  5.497344e+00  2.222470e-01  1.156566e-01
      vertex  5.498159e+00  2.203241e-01  1.165998e-01
      vertex  5.498058e+00  2.213667e-01  1.149428e-01
    endloop
  endfacet
  facet normal  8.072889e-01  5.836363e-01  8.748174e-02
    outer loop
      vertex  5.497344e+00  2.222470e-01  1.156566e-01
      vertex  5.498058e+00  2.213667e-01  1.149428e-01
      vertex  5.496785e+00  2.232575e-01  1.140724e-01
    endloop
  endfacet
  facet normal  8.073133e-01  5.836151e-01  8.739994e-02
    outer loop
      vertex  5.496785e+00  2.232575e-01  1.140724e-01
      vertex  5.498058e+00  2.213667e-01  1.149428e-01
      vertex  5.497624e+00  2.222223e-01  1.132331e-01
    endloop
  endfacet
  facet normal  7.424726e-01  6.652988e-01 -7.817890e-02
    outer loop
      vertex  5.496785e+00  2.232575e-01  1.140724e-01
      vertex  5.497624e+00  2.222223e-01  1.132331e-01
      vertex  5.495944e+00  2.240083e-01  1.124690e-01
    endloop
  endfacet
  facet normal  7.424574e-01  6.653274e-01 -7.807879e-02
    outer loop
      vertex  5.495944e+00  2.240083e-01  1.124690e-01
      vertex  5.497624e+00  2.222223e-01  1.132331e-01
      vertex  5.496876e+00  2.228581e-01  1.115364e-01
    endloop
  endfacet
  facet normal  6.651902e-01  7.146811e-01 -2.162238e-01
    outer loop
      vertex  5.495944e+00  2.240083e-01  1.124690e-01
      vertex  5.496876e+00  2.228581e-01  1.115364e-01
      vertex  5.495950e+00  2.233547e-01  1.103289e-01
    endloop
  endfacet
  facet normal  7.721164e-01  5.495607e-01  3.190918e-01
    outer loop
      vertex  5.496956e+00  2.215455e-01  1.178036e-01
      vertex  5.497599e+00  2.210158e-01  1.171606e-01
      vertex  5.496526e+00  2.229213e-01  1.164750e-01
    endloop
  endfacet
  facet normal  7.720735e-01  5.495687e-01  3.191814e-01
    outer loop
      vertex  5.496526e+00  2.229213e-01  1.164750e-01
      vertex  5.497599e+00  2.210158e-01  1.171606e-01
      vertex  5.497344e+00  2.222470e-01  1.156566e-01
    endloop
  endfacet
  facet normal  7.230541e-01  6.691183e-01  1.716784e-01
    outer loop
      vertex  5.496526e+00  2.229213e-01  1.164750e-01
      vertex  5.497344e+00  2.222470e-01  1.156566e-01
      vertex  5.495823e+00  2.240503e-01  1.150347e-01
    endloop
  endfacet
  facet normal  7.230380e-01  6.691225e-01  1.717300e-01
    outer loop
      vertex  5.495823e+00  2.240503e-01  1.150347e-01
      vertex  5.497344e+00  2.222470e-01  1.156566e-01
      vertex  5.496785e+00  2.232575e-01  1.140724e-01
    endloop
  endfacet
  facet normal  6.463365e-01  7.628444e-01  1.781817e-02
    outer loop
      vertex  5.495823e+00  2.240503e-01  1.150347e-01
      vertex  5.496785e+00  2.232575e-01  1.140724e-01
      vertex  5.494874e+00  2.248893e-01  1.135382e-01
    endloop
  endfacet
  facet normal  6.463079e-01  7.628648e-01  1.798237e-02
    outer loop
      vertex  5.494874e+00  2.248893e-01  1.135382e-01
      vertex  5.496785e+00  2.232575e-01  1.140724e-01
      vertex  5.495944e+00  2.240083e-01  1.124690e-01
    endloop
  endfacet
  facet normal  5.900595e-01  8.041188e-01 -7.226866e-02
    outer loop
      vertex  5.494874e+00  2.248893e-01  1.135382e-01
      vertex  5.495944e+00  2.240083e-01  1.124690e-01
      vertex  5.494801e+00  2.248207e-01  1.121794e-01
    endloop
  endfacet
  facet normal  6.945778e-01  6.001300e-01  3.967438e-01
    outer loop
      vertex  5.496253e+00  2.218943e-01  1.185058e-01
      vertex  5.496956e+00  2.215455e-01  1.178036e-01
      vertex  5.495632e+00  2.233652e-01  1.173686e-01
    endloop
  endfacet
  facet normal  6.946728e-01  6.001515e-01  3.965452e-01
    outer loop
      vertex  5.495632e+00  2.233652e-01  1.173686e-01
      vertex  5.496956e+00  2.215455e-01  1.178036e-01
      vertex  5.496526e+00  2.229213e-01  1.164750e-01
    endloop
  endfacet
  facet normal  6.288199e-01  7.306917e-01  2.658479e-01
    outer loop
      vertex  5.495632e+00  2.233652e-01  1.173686e-01
      vertex  5.496526e+00  2.229213e-01  1.164750e-01
      vertex  5.494772e+00  2.245723e-01  1.160855e-01
    endloop
  endfacet
  facet normal  6.287907e-01  7.306828e-01  2.659414e-01
    outer loop
      vertex  5.494772e+00  2.245723e-01  1.160855e-01
      vertex  5.496526e+00  2.229213e-01  1.164750e-01
      vertex  5.495823e+00  2.240503e-01  1.150347e-01
    endloop
  endfacet
  facet normal  5.389301e-01  8.329874e-01  1.252459e-01
    outer loop
      vertex  5.494772e+00  2.245723e-01  1.160855e-01
      vertex  5.495823e+00  2.240503e-01  1.150347e-01
      vertex  5.494874e+00  2.248893e-01  1.135382e-01
    endloop
  endfacet
  facet normal  3.786975e-01  8.956164e-01  2.333653e-01
    outer loop
      vertex  5.493281e+00  2.257132e-01  1.141258e-01
      vertex  5.491497e+00  2.259706e-01  1.160340e-01
      vertex  5.494772e+00  2.245723e-01  1.160855e-01
    endloop
  endfacet
  facet normal  3.827714e-01  9.036420e-01  1.921385e-01
    outer loop
      vertex  5.494772e+00  2.245723e-01  1.160855e-01
      vertex  5.491497e+00  2.259706e-01  1.160340e-01
      vertex  5.493670e+00  2.248047e-01  1.171870e-01
    endloop
  endfacet
  facet normal  5.281362e-01  7.659755e-01  3.665428e-01
    outer loop
      vertex  5.494772e+00  2.245723e-01  1.160855e-01
      vertex  5.493670e+00  2.248047e-01  1.171870e-01
      vertex  5.495632e+00  2.233652e-01  1.173686e-01
    endloop
  endfacet
  facet normal  5.281054e-01  7.659467e-01  3.666473e-01
    outer loop
      vertex  5.495632e+00  2.233652e-01  1.173686e-01
      vertex  5.493670e+00  2.248047e-01  1.171870e-01
      vertex  5.494695e+00  2.235628e-01  1.183053e-01
    endloop
  endfacet
  facet normal  6.119287e-01  6.290913e-01  4.793615e-01
    outer loop
      vertex  5.495632e+00  2.233652e-01  1.173686e-01
      vertex  5.494695e+00  2.235628e-01  1.183053e-01
      vertex  5.496253e+00  2.218943e-01  1.185058e-01
    endloop
  endfacet
  facet normal  6.120453e-01  6.291700e-01  4.791091e-01
    outer loop
      vertex  5.496253e+00  2.218943e-01  1.185058e-01
      vertex  5.494695e+00  2.235628e-01  1.183053e-01
      vertex  5.495518e+00  2.220496e-01  1.192418e-01
    endloop
  endfacet
  facet normal  6.724435e-01  4.678662e-01  5.735163e-01
    outer loop
      vertex  5.496253e+00  2.218943e-01  1.185058e-01
      vertex  5.495518e+00  2.220496e-01  1.192418e-01
      vertex  5.496106e+00  2.203231e-01  1.199603e-01
    endloop
  endfacet
  facet normal  4.512898e-01  4.880200e-01  7.471105e-01
    outer loop
      vertex  5.484352e+00  2.229155e-01  1.231755e-01
      vertex  5.443343e+00  1.954413e-01  1.658932e-01
      vertex  5.450414e+00  1.876237e-01  1.667285e-01
    endloop
  endfacet
  facet normal  3.926226e-01  4.413431e-01  8.068851e-01
    outer loop
      vertex  5.450414e+00  1.876237e-01  1.667285e-01
      vertex  5.443343e+00  1.954413e-01  1.658932e-01
      vertex  5.422287e+00  1.612221e-01  1.948559e-01
    endloop
  endfacet
  facet normal  3.872333e-01  9.925034e-02  9.166240e-01
    outer loop
      vertex  5.360250e+00  6.098184e-02  2.524484e-01
      vertex  5.354557e+00  2.842249e-02  2.583791e-01
      vertex  5.361628e+00  2.728559e-02  2.555150e-01
    endloop
  endfacet
  facet normal  3.817614e-01  2.658047e-02  9.238786e-01
    outer loop
      vertex  5.354557e+00  2.842249e-02  2.583791e-01
      vertex  5.353042e+00 -4.654069e-03  2.599567e-01
      vertex  5.360113e+00 -4.467906e-03  2.570295e-01
    endloop
  endfacet
  facet normal  3.788869e-01  2.604573e-02  9.250764e-01
    outer loop
      vertex  5.361628e+00  2.728559e-02  2.555150e-01
      vertex  5.354557e+00  2.842249e-02  2.583791e-01
      vertex  5.360113e+00 -4.467906e-03  2.570295e-01
    endloop
  endfacet
  facet normal  3.909437e-01 -4.381461e-02  9.193711e-01
    outer loop
      vertex  5.353042e+00 -4.654069e-03  2.599567e-01
      vertex  5.355421e+00 -3.541013e-02  2.574795e-01
      vertex  5.362926e+00 -3.690560e-02  2.542166e-01
    endloop
  endfacet
  facet normal  3.831264e-01 -4.676925e-02  9.225110e-01
    outer loop
      vertex  5.360113e+00 -4.467906e-03  2.570295e-01
      vertex  5.353042e+00 -4.654069e-03  2.599567e-01
      vertex  5.362926e+00 -3.690560e-02  2.542166e-01
    endloop
  endfacet
  facet normal  3.953836e-01 -1.176998e-01  9.109439e-01
    outer loop
      vertex  5.370404e+00 -6.966123e-02  2.467389e-01
      vertex  5.362926e+00 -3.690560e-02  2.542166e-01
      vertex  5.362009e+00 -6.784943e-02  2.506168e-01
    endloop
  endfacet
  facet normal  3.760143e-01 -1.180694e-01  9.190608e-01
    outer loop
      vertex  5.362926e+00 -3.690560e-02  2.542166e-01
      vertex  5.355421e+00 -3.541013e-02  2.574795e-01
      vertex  5.362009e+00 -6.784943e-02  2.506168e-01
    endloop
  endfacet
  facet normal  3.945245e-01 -1.908861e-01  8.988397e-01
    outer loop
      vertex  5.381839e+00 -9.987295e-02  2.353035e-01
      vertex  5.370404e+00 -6.966123e-02  2.467389e-01
      vertex  5.372918e+00 -9.971486e-02  2.392530e-01
    endloop
  endfacet
  facet normal  3.765285e-01 -1.941339e-01  9.058357e-01
    outer loop
      vertex  5.370404e+00 -6.966123e-02  2.467389e-01
      vertex  5.362009e+00 -6.784943e-02  2.506168e-01
      vertex  5.372918e+00 -9.971486e-02  2.392530e-01
    endloop
  endfacet
  facet normal  3.975781e-01 -2.659651e-01  8.781767e-01
    outer loop
      vertex  5.399546e+00 -1.318686e-01  2.175970e-01
      vertex  5.381839e+00 -9.987295e-02  2.353035e-01
      vertex  5.389912e+00 -1.332155e-01  2.215505e-01
    endloop
  endfacet
  facet normal  3.857009e-01 -2.704562e-01  8.820931e-01
    outer loop
      vertex  5.381839e+00 -9.987295e-02  2.353035e-01
      vertex  5.372918e+00 -9.971486e-02  2.392530e-01
      vertex  5.389912e+00 -1.332155e-01  2.215505e-01
    endloop
  endfacet
  facet normal  3.837914e-01 -3.606362e-01  8.500857e-01
    outer loop
      vertex  5.422019e+00 -1.609268e-01  1.951232e-01
      vertex  5.399546e+00 -1.318686e-01  2.175970e-01
      vertex  5.414948e+00 -1.676321e-01  1.954710e-01
    endloop
  endfacet
  facet normal  3.970324e-01 -3.531202e-01  8.471549e-01
    outer loop
      vertex  5.399546e+00 -1.318686e-01  2.175970e-01
      vertex  5.389912e+00 -1.332155e-01  2.215505e-01
      vertex  5.414948e+00 -1.676321e-01  1.954710e-01
    endloop
  endfacet
  facet normal  4.286808e-01 -4.103172e-01  8.049054e-01
    outer loop
      vertex  5.422019e+00 -1.609268e-01  1.951232e-01
      vertex  5.414948e+00 -1.676321e-01  1.954710e-01
      vertex  5.455155e+00 -1.913090e-01  1.619878e-01
    endloop
  endfacet
  facet normal  6.220164e-02  8.702282e-01  4.887065e-01
    outer loop
      vertex  5.484352e+00  2.229155e-01  1.231755e-01
      vertex  5.490759e+00  2.248589e-01  1.188995e-01
      vertex  5.489429e+00  2.255225e-01  1.178869e-01
    endloop
  endfacet
  facet normal  7.023682e-02  2.597110e-01  9.631287e-01
    outer loop
      vertex  5.365035e+00  7.816975e-02  2.474647e-01
      vertex  5.360250e+00  6.098184e-02  2.524484e-01
      vertex  5.366620e+00  7.765548e-02  2.474878e-01
    endloop
  endfacet
  facet normal  6.832914e-01  8.490673e-02  7.251921e-01
    outer loop
      vertex  5.491423e+00  2.139989e-01  1.257195e-01
      vertex  5.496500e+00  2.165016e-01  1.206425e-01
      vertex  5.495980e+00  2.181985e-01  1.209340e-01
    endloop
  endfacet
  facet normal  5.902984e-01  2.382648e-01  7.712184e-01
    outer loop
      vertex  5.491423e+00  2.139989e-01  1.257195e-01
      vertex  5.495980e+00  2.181985e-01  1.209340e-01
      vertex  5.495248e+00  2.198404e-01  1.209873e-01
    endloop
  endfacet
  facet normal  4.473747e-01  3.675702e-01  8.153208e-01
    outer loop
      vertex  5.491423e+00  2.139989e-01  1.257195e-01
      vertex  5.495248e+00  2.198404e-01  1.209873e-01
      vertex  5.494328e+00  2.213743e-01  1.208008e-01
    endloop
  endfacet
  facet normal  2.601409e-01  4.627397e-01  8.474661e-01
    outer loop
      vertex  5.491423e+00  2.139989e-01  1.257195e-01
      vertex  5.494328e+00  2.213743e-01  1.208008e-01
      vertex  5.493249e+00  2.227506e-01  1.203803e-01
    endloop
  endfacet
  facet normal  4.478176e-02  5.134531e-01  8.569484e-01
    outer loop
      vertex  5.491423e+00  2.139989e-01  1.257195e-01
      vertex  5.493249e+00  2.227506e-01  1.203803e-01
      vertex  5.492046e+00  2.239248e-01  1.197397e-01
    endloop
  endfacet
  facet normal -1.729859e-01  5.162021e-01  8.388155e-01
    outer loop
      vertex  5.491423e+00  2.139989e-01  1.257195e-01
      vertex  5.492046e+00  2.239248e-01  1.197397e-01
      vertex  5.490759e+00  2.248589e-01  1.188995e-01
    endloop
  endfacet
  facet normal  3.644629e-01  5.111176e-01  7.784123e-01
    outer loop
      vertex  5.491423e+00  2.139989e-01  1.257195e-01
      vertex  5.490759e+00  2.248589e-01  1.188995e-01
      vertex  5.484352e+00  2.229155e-01  1.231755e-01
    endloop
  endfacet
  facet normal  4.027654e-01  5.319232e-01  7.448744e-01
    outer loop
      vertex  5.491423e+00  2.139989e-01  1.257195e-01
      vertex  5.484352e+00  2.229155e-01  1.231755e-01
      vertex  5.450414e+00  1.876237e-01  1.667285e-01
    endloop
  endfacet
  facet normal  1.098407e-01  5.633497e-01  8.188847e-01
    outer loop
      vertex  5.415216e+00  1.679397e-01  1.951925e-01
      vertex  5.394946e+00  1.411997e-01  2.163072e-01
      vertex  5.396586e+00  1.403339e-01  2.166827e-01
    endloop
  endfacet
  facet normal  2.726676e-01  4.696600e-01  8.396856e-01
    outer loop
      vertex  5.415216e+00  1.679397e-01  1.951925e-01
      vertex  5.396586e+00  1.403339e-01  2.166827e-01
      vertex  5.398168e+00  1.392968e-01  2.167492e-01
    endloop
  endfacet
  facet normal  4.298787e-01  3.654913e-01  8.256031e-01
    outer loop
      vertex  5.415216e+00  1.679397e-01  1.951925e-01
      vertex  5.398168e+00  1.392968e-01  2.167492e-01
      vertex  5.399634e+00  1.381255e-01  2.165042e-01
    endloop
  endfacet
  facet normal  5.755537e-01  2.546826e-01  7.770938e-01
    outer loop
      vertex  5.415216e+00  1.679397e-01  1.951925e-01
      vertex  5.399634e+00  1.381255e-01  2.165042e-01
      vertex  5.400933e+00  1.368621e-01  2.159566e-01
    endloop
  endfacet
  facet normal  7.040344e-01  1.414137e-01  6.959438e-01
    outer loop
      vertex  5.415216e+00  1.679397e-01  1.951925e-01
      vertex  5.400933e+00  1.368621e-01  2.159566e-01
      vertex  5.402017e+00  1.355517e-01  2.151259e-01
    endloop
  endfacet
  facet normal  3.862920e-01  3.641481e-01  8.474518e-01
    outer loop
      vertex  5.415216e+00  1.679397e-01  1.951925e-01
      vertex  5.402017e+00  1.355517e-01  2.151259e-01
      vertex  5.422287e+00  1.612221e-01  1.948559e-01
    endloop
  endfacet
  facet normal  4.310543e-01  4.135441e-01  8.019809e-01
    outer loop
      vertex  5.415216e+00  1.679397e-01  1.951925e-01
      vertex  5.422287e+00  1.612221e-01  1.948559e-01
      vertex  5.443343e+00  1.954413e-01  1.658932e-01
    endloop
  endfacet
  facet normal  6.500537e-01  3.166352e-02  7.592281e-01
    outer loop
      vertex  5.367321e+00  5.854257e-02  2.498215e-01
      vertex  5.372106e+00  7.504296e-02  2.450372e-01
      vertex  5.370943e+00  7.574397e-02  2.460037e-01
    endloop
  endfacet
  facet normal  5.180398e-01  7.995808e-02  8.516111e-01
    outer loop
      vertex  5.367321e+00  5.854257e-02  2.498215e-01
      vertex  5.370943e+00  7.574397e-02  2.460037e-01
      vertex  5.369616e+00  7.642550e-02  2.467470e-01
    endloop
  endfacet
  facet normal  3.665338e-01  1.117816e-01  9.236655e-01
    outer loop
      vertex  5.367321e+00  5.854257e-02  2.498215e-01
      vertex  5.369616e+00  7.642550e-02  2.467470e-01
      vertex  5.368161e+00  7.706863e-02  2.472463e-01
    endloop
  endfacet
  facet normal  2.002214e-01  1.259854e-01  9.716167e-01
    outer loop
      vertex  5.367321e+00  5.854257e-02  2.498215e-01
      vertex  5.368161e+00  7.706863e-02  2.472463e-01
      vertex  5.366620e+00  7.765548e-02  2.474878e-01
    endloop
  endfacet
  facet normal  3.833184e-01  1.257930e-01  9.150099e-01
    outer loop
      vertex  5.367321e+00  5.854257e-02  2.498215e-01
      vertex  5.366620e+00  7.765548e-02  2.474878e-01
      vertex  5.360250e+00  6.098184e-02  2.524484e-01
    endloop
  endfacet
  facet normal  3.764209e-01  9.921754e-02  9.211207e-01
    outer loop
      vertex  5.367321e+00  5.854257e-02  2.498215e-01
      vertex  5.360250e+00  6.098184e-02  2.524484e-01
      vertex  5.361628e+00  2.728559e-02  2.555150e-01
    endloop
  endfacet
  facet normal  1.717326e-02 -8.464244e-01  5.322318e-01
    outer loop
      vertex  5.448084e+00 -1.992802e-01  1.609549e-01
      vertex  5.489429e+00 -2.255225e-01  1.178869e-01
      vertex  5.490759e+00 -2.248589e-01  1.188995e-01
    endloop
  endfacet
  facet normal  1.519338e-01 -7.684811e-01  6.215731e-01
    outer loop
      vertex  5.448084e+00 -1.992802e-01  1.609549e-01
      vertex  5.490759e+00 -2.248589e-01  1.188995e-01
      vertex  5.492046e+00 -2.239248e-01  1.197397e-01
    endloop
  endfacet
  facet normal  2.784801e-01 -6.639100e-01  6.940262e-01
    outer loop
      vertex  5.448084e+00 -1.992802e-01  1.609549e-01
      vertex  5.492046e+00 -2.239248e-01  1.197397e-01
      vertex  5.493249e+00 -2.227506e-01  1.203804e-01
    endloop
  endfacet
  facet normal  3.927463e-01 -5.360522e-01  7.472606e-01
    outer loop
      vertex  5.448084e+00 -1.992802e-01  1.609549e-01
      vertex  5.493249e+00 -2.227506e-01  1.203804e-01
      vertex  5.494328e+00 -2.213743e-01  1.208008e-01
    endloop
  endfacet
  facet normal  4.908271e-01 -3.892780e-01  7.794559e-01
    outer loop
      vertex  5.448084e+00 -1.992802e-01  1.609549e-01
      vertex  5.494328e+00 -2.213743e-01  1.208008e-01
      vertex  5.495248e+00 -2.198404e-01  1.209873e-01
    endloop
  endfacet
  facet normal  5.695432e-01 -2.284062e-01  7.895892e-01
    outer loop
      vertex  5.448084e+00 -1.992802e-01  1.609549e-01
      vertex  5.495248e+00 -2.198404e-01  1.209873e-01
      vertex  5.495980e+00 -2.181985e-01  1.209340e-01
    endloop
  endfacet
  facet normal  6.284054e-01 -5.107305e-02  7.762076e-01
    outer loop
      vertex  5.448084e+00 -1.992802e-01  1.609549e-01
      vertex  5.495980e+00 -2.181985e-01  1.209340e-01
      vertex  5.496500e+00 -2.162277e-01  1.206425e-01
    endloop
  endfacet
  facet normal  4.477907e-01 -4.938085e-01  7.454105e-01
    outer loop
      vertex  5.448084e+00 -1.992802e-01  1.609549e-01
      vertex  5.496500e+00 -2.162277e-01  1.206425e-01
      vertex  5.455155e+00 -1.913090e-01  1.619878e-01
    endloop
  endfacet
  facet normal  3.962911e-01 -4.548769e-01  7.975214e-01
    outer loop
      vertex  5.448084e+00 -1.992802e-01  1.609549e-01
      vertex  5.455155e+00 -1.913090e-01  1.619878e-01
      vertex  5.414948e+00 -1.676321e-01  1.954710e-01
    endloop
  endfacet
  facet normal  2.593146e-01  3.712128e-01  8.916036e-01
    outer loop
      vertex  5.380810e+00  1.088195e-01  2.343918e-01
      vertex  5.396586e+00  1.403339e-01  2.166827e-01
      vertex  5.379252e+00  1.096406e-01  2.345031e-01
    endloop
  endfacet
  facet normal  5.230471e-02  4.791593e-01  8.761682e-01
    outer loop
      vertex  5.379252e+00  1.096406e-01  2.345031e-01
      vertex  5.396586e+00  1.403339e-01  2.166827e-01
      vertex  5.394946e+00  1.411997e-01  2.163072e-01
    endloop
  endfacet
  facet normal  1.051722e-01  4.569539e-01  8.832508e-01
    outer loop
      vertex  5.379252e+00  1.096406e-01  2.345031e-01
      vertex  5.394946e+00  1.411997e-01  2.163072e-01
      vertex  5.377645e+00  1.103462e-01  2.343295e-01
    endloop
  endfacet
  facet normal  2.195527e-01  3.920944e-01  8.933412e-01
    outer loop
      vertex  5.396586e+00  1.403339e-01  2.166827e-01
      vertex  5.380810e+00  1.088195e-01  2.343918e-01
      vertex  5.398168e+00  1.392968e-01  2.167492e-01
    endloop
  endfacet
  facet normal  4.054983e-01  2.738940e-01  8.720970e-01
    outer loop
      vertex  5.398168e+00  1.392968e-01  2.167492e-01
      vertex  5.380810e+00  1.088195e-01  2.343918e-01
      vertex  5.382270e+00  1.079086e-01  2.339993e-01
    endloop
  endfacet
  facet normal  3.790545e-01  2.908035e-01  8.784935e-01
    outer loop
      vertex  5.398168e+00  1.392968e-01  2.167492e-01
      vertex  5.382270e+00  1.079086e-01  2.339993e-01
      vertex  5.399634e+00  1.381255e-01  2.165042e-01
    endloop
  endfacet
  facet normal  5.393160e-01  1.678542e-01  8.252050e-01
    outer loop
      vertex  5.399634e+00  1.381255e-01  2.165042e-01
      vertex  5.382270e+00  1.079086e-01  2.339993e-01
      vertex  5.383585e+00  1.069361e-01  2.333376e-01
    endloop
  endfacet
  facet normal  5.250179e-01  1.789185e-01  8.320723e-01
    outer loop
      vertex  5.399634e+00  1.381255e-01  2.165042e-01
      vertex  5.383585e+00  1.069361e-01  2.333376e-01
      vertex  5.400933e+00  1.368621e-01  2.159566e-01
    endloop
  endfacet
  facet normal  6.561486e-01  5.668692e-02  7.524995e-01
    outer loop
      vertex  5.400933e+00  1.368621e-01  2.159566e-01
      vertex  5.383585e+00  1.069361e-01  2.333376e-01
      vertex  5.384716e+00  1.059323e-01  2.324274e-01
    endloop
  endfacet
  facet normal  6.520872e-01  6.053387e-02  7.557236e-01
    outer loop
      vertex  5.400933e+00  1.368621e-01  2.159566e-01
      vertex  5.384716e+00  1.059323e-01  2.324274e-01
      vertex  5.402017e+00  1.355517e-01  2.151259e-01
    endloop
  endfacet
  facet normal  2.509446e-01  2.773818e-01  9.274083e-01
    outer loop
      vertex  5.368161e+00  7.706863e-02  2.472463e-01
      vertex  5.379252e+00  1.096406e-01  2.345031e-01
      vertex  5.366620e+00  7.765548e-02  2.474878e-01
    endloop
  endfacet
  facet normal  5.579060e-02  3.565658e-01  9.326029e-01
    outer loop
      vertex  5.366620e+00  7.765548e-02  2.474878e-01
      vertex  5.379252e+00  1.096406e-01  2.345031e-01
      vertex  5.377645e+00  1.103462e-01  2.343295e-01
    endloop
  endfacet
  facet normal  9.769864e-02  3.430801e-01  9.342116e-01
    outer loop
      vertex  5.366620e+00  7.765548e-02  2.474878e-01
      vertex  5.377645e+00  1.103462e-01  2.343295e-01
      vertex  5.365035e+00  7.816975e-02  2.474647e-01
    endloop
  endfacet
  facet normal  2.192720e-01  2.898166e-01  9.316255e-01
    outer loop
      vertex  5.379252e+00  1.096406e-01  2.345031e-01
      vertex  5.368161e+00  7.706863e-02  2.472463e-01
      vertex  5.380810e+00  1.088195e-01  2.343918e-01
    endloop
  endfacet
  facet normal  3.973472e-01  2.039336e-01  8.947213e-01
    outer loop
      vertex  5.380810e+00  1.088195e-01  2.343918e-01
      vertex  5.368161e+00  7.706863e-02  2.472463e-01
      vertex  5.369616e+00  7.642550e-02  2.467470e-01
    endloop
  endfacet
  facet normal  3.760037e-01  2.139275e-01  9.015855e-01
    outer loop
      vertex  5.380810e+00  1.088195e-01  2.343918e-01
      vertex  5.369616e+00  7.642550e-02  2.467470e-01
      vertex  5.382270e+00  1.079086e-01  2.339993e-01
    endloop
  endfacet
  facet normal  5.328362e-01  1.247294e-01  8.369756e-01
    outer loop
      vertex  5.382270e+00  1.079086e-01  2.339993e-01
      vertex  5.369616e+00  7.642550e-02  2.467470e-01
      vertex  5.370943e+00  7.574397e-02  2.460037e-01
    endloop
  endfacet
  facet normal  5.212598e-01  1.311515e-01  8.432600e-01
    outer loop
      vertex  5.382270e+00  1.079086e-01  2.339993e-01
      vertex  5.370943e+00  7.574397e-02  2.460037e-01
      vertex  5.383585e+00  1.069361e-01  2.333376e-01
    endloop
  endfacet
  facet normal  6.534598e-01  4.205192e-02  7.557923e-01
    outer loop
      vertex  5.383585e+00  1.069361e-01  2.333376e-01
      vertex  5.370943e+00  7.574397e-02  2.460037e-01
      vertex  5.372106e+00  7.504296e-02  2.450372e-01
    endloop
  endfacet
  facet normal  6.500589e-01  4.430284e-02  7.585912e-01
    outer loop
      vertex  5.383585e+00  1.069361e-01  2.333376e-01
      vertex  5.372106e+00  7.504296e-02  2.450372e-01
      vertex  5.384716e+00  1.059323e-01  2.324274e-01
    endloop
  endfacet
  facet normal  8.458555e-01 -1.415455e-01 -5.142891e-01
    outer loop
      vertex  5.494695e+00 -2.235627e-01  1.183055e-01
      vertex  5.496696e+00 -2.183953e-01  1.201748e-01
      vertex  5.495518e+00 -2.220495e-01  1.192419e-01
    endloop
  endfacet
  facet normal  9.538611e-01 -2.800405e-01 -1.082885e-01
    outer loop
      vertex  5.495518e+00 -2.220495e-01  1.192419e-01
      vertex  5.496696e+00 -2.183953e-01  1.201748e-01
      vertex  5.496106e+00 -2.203231e-01  1.199603e-01
    endloop
  endfacet
  facet normal  7.775878e-01 -4.617667e-01 -4.267654e-01
    outer loop
      vertex  5.496815e+00 -2.203105e-01  1.080082e-01
      vertex  5.497638e+00 -2.214801e-01  1.107742e-01
      vertex  5.496360e+00 -2.224368e-01  1.094800e-01
    endloop
  endfacet
  facet normal  6.633389e-01 -2.732651e-01  6.966403e-01
    outer loop
      vertex  5.496696e+00 -2.183953e-01  1.201748e-01
      vertex  5.495980e+00 -2.181985e-01  1.209340e-01
      vertex  5.495248e+00 -2.198404e-01  1.209873e-01
    endloop
  endfacet
  facet normal  6.672640e-01 -2.810729e-01  6.897513e-01
    outer loop
      vertex  5.496696e+00 -2.183953e-01  1.201748e-01
      vertex  5.495248e+00 -2.198404e-01  1.209873e-01
      vertex  5.496106e+00 -2.203231e-01  1.199603e-01
    endloop
  endfacet
  facet normal  5.813316e-01 -4.325928e-01  6.891423e-01
    outer loop
      vertex  5.496106e+00 -2.203231e-01  1.199603e-01
      vertex  5.495248e+00 -2.198404e-01  1.209873e-01
      vertex  5.494328e+00 -2.213743e-01  1.208008e-01
    endloop
  endfacet
  facet normal  3.502049e-01 -6.989317e-01  6.235791e-01
    outer loop
      vertex  5.493749e+00 -2.235069e-01  1.192518e-01
      vertex  5.493249e+00 -2.227506e-01  1.203804e-01
      vertex  5.492046e+00 -2.239248e-01  1.197397e-01
    endloop
  endfacet
  facet normal  3.445077e-01 -7.594385e-01  5.518766e-01
    outer loop
      vertex  5.493749e+00 -2.235069e-01  1.192518e-01
      vertex  5.492046e+00 -2.239248e-01  1.197397e-01
      vertex  5.492558e+00 -2.247390e-01  1.182999e-01
    endloop
  endfacet
  facet normal  7.914433e-01 -4.086827e-01  4.545282e-01
    outer loop
      vertex  5.497599e+00 -2.210159e-01  1.171609e-01
      vertex  5.497540e+00 -2.196111e-01  1.185269e-01
      vertex  5.496956e+00 -2.215455e-01  1.178038e-01
    endloop
  endfacet
  facet normal  5.963692e-01 -8.003181e-01  6.192613e-02
    outer loop
      vertex  5.496785e+00 -2.232576e-01  1.140728e-01
      vertex  5.494081e+00 -2.253435e-01  1.131490e-01
      vertex  5.495944e+00 -2.240085e-01  1.124694e-01
    endloop
  endfacet
  facet normal  5.457717e-01 -8.277074e-01 -1.305133e-01
    outer loop
      vertex  5.494081e+00 -2.253435e-01  1.131490e-01
      vertex  5.495428e+00 -2.241539e-01  1.112339e-01
      vertex  5.495944e+00 -2.240085e-01  1.124694e-01
    endloop
  endfacet
  facet normal  8.286358e-01 -2.065361e-01  5.202937e-01
    outer loop
      vertex  5.498241e+00 -2.185638e-01  1.178248e-01
      vertex  5.497365e+00 -2.178439e-01  1.195056e-01
      vertex  5.497540e+00 -2.196111e-01  1.185269e-01
    endloop
  endfacet
  facet normal  8.664488e-01 -3.288428e-01  3.756710e-01
    outer loop
      vertex  5.498241e+00 -2.185638e-01  1.178248e-01
      vertex  5.497540e+00 -2.196111e-01  1.185269e-01
      vertex  5.497599e+00 -2.210159e-01  1.171609e-01
    endloop
  endfacet
  facet normal  8.672948e-01 -8.846134e-02  4.898716e-01
    outer loop
      vertex  5.497744e+00 -2.162277e-01  1.191271e-01
      vertex  5.497365e+00 -2.178439e-01  1.195056e-01
      vertex  5.498241e+00 -2.185638e-01  1.178248e-01
    endloop
  endfacet
  facet normal  8.863382e-01 -2.915531e-01  3.597243e-01
    outer loop
      vertex  5.498618e+00 -2.194954e-01  1.161415e-01
      vertex  5.498241e+00 -2.185638e-01  1.178248e-01
      vertex  5.498159e+00 -2.203242e-01  1.166000e-01
    endloop
  endfacet
  facet normal  8.794457e-01 -7.484002e-02  4.700787e-01
    outer loop
      vertex  5.498668e+00 -2.162277e-01  1.173983e-01
      vertex  5.497744e+00 -2.162277e-01  1.191271e-01
      vertex  5.498241e+00 -2.185638e-01  1.178248e-01
    endloop
  endfacet
  facet normal  9.518766e-01 -1.226118e-01  2.808868e-01
    outer loop
      vertex  5.498668e+00 -2.162277e-01  1.173983e-01
      vertex  5.498241e+00 -2.185638e-01  1.178248e-01
      vertex  5.498618e+00 -2.194954e-01  1.161415e-01
    endloop
  endfacet
  facet normal  8.931781e-01 -1.732827e-01  4.149769e-01
    outer loop
      vertex  5.498668e+00 -2.162277e-01  1.173983e-01
      vertex  5.498618e+00 -2.194954e-01  1.161415e-01
      vertex  5.498958e+00 -2.185593e-01  1.158017e-01
    endloop
  endfacet
  facet normal  9.306172e-01 -1.210003e-01  3.454135e-01
    outer loop
      vertex  5.499166e+00 -2.175492e-01  1.155928e-01
      vertex  5.498668e+00 -2.162277e-01  1.173983e-01
      vertex  5.498958e+00 -2.185593e-01  1.158017e-01
    endloop
  endfacet
  facet normal  8.424160e-01 -3.166946e-01 -4.359355e-01
    outer loop
      vertex  5.498551e+00 -2.182437e-01  1.098618e-01
      vertex  5.496815e+00 -2.203105e-01  1.080082e-01
      vertex  5.497620e+00 -2.183510e-01  1.081401e-01
    endloop
  endfacet
  facet normal  7.424718e-01 -2.635254e-01 -6.158652e-01
    outer loop
      vertex  5.496815e+00 -2.203105e-01  1.080082e-01
      vertex  5.496760e+00 -2.179216e-01  1.069199e-01
      vertex  5.497620e+00 -2.183510e-01  1.081401e-01
    endloop
  endfacet
  facet normal  7.135639e-01 -8.551195e-02  6.953518e-01
    outer loop
      vertex  5.496500e+00 -2.162277e-01  1.206425e-01
      vertex  5.495980e+00 -2.181985e-01  1.209340e-01
      vertex  5.496696e+00 -2.183953e-01  1.201748e-01
    endloop
  endfacet
  facet normal  7.365928e-01 -7.834470e-02  6.717834e-01
    outer loop
      vertex  5.496500e+00 -2.162277e-01  1.206425e-01
      vertex  5.496696e+00 -2.183953e-01  1.201748e-01
      vertex  5.497365e+00 -2.178439e-01  1.195056e-01
    endloop
  endfacet
  facet normal  7.726110e-01 -3.252317e-02  6.340463e-01
    outer loop
      vertex  5.496500e+00 -2.162277e-01  1.206425e-01
      vertex  5.497365e+00 -2.178439e-01  1.195056e-01
      vertex  5.497744e+00 -2.162277e-01  1.191271e-01
    endloop
  endfacet
  facet normal  9.304721e-01 -3.660275e-01  1.566590e-02
    outer loop
      vertex  5.494081e+00 -2.253435e-01  1.131490e-01
      vertex  5.496696e+00 -2.183953e-01  1.201748e-01
      vertex  5.494695e+00 -2.235627e-01  1.183055e-01
    endloop
  endfacet
  facet normal  6.829779e-01 -7.116778e-01  1.644864e-01
    outer loop
      vertex  5.494081e+00 -2.253435e-01  1.131490e-01
      vertex  5.494695e+00 -2.235627e-01  1.183055e-01
      vertex  5.493670e+00 -2.248046e-01  1.171872e-01
    endloop
  endfacet
  facet normal  4.895071e-01 -8.564177e-01  1.641088e-01
    outer loop
      vertex  5.494081e+00 -2.253435e-01  1.131490e-01
      vertex  5.493670e+00 -2.248046e-01  1.171872e-01
      vertex  5.492415e+00 -2.259235e-01  1.150931e-01
    endloop
  endfacet
  facet normal -3.333778e-01 -6.053734e-01  7.227602e-01
    outer loop
      vertex  5.496696e+00 -2.183953e-01  1.201748e-01
      vertex  5.494081e+00 -2.253435e-01  1.131490e-01
      vertex  5.495822e+00 -2.240504e-01  1.150350e-01
    endloop
  endfacet
  facet normal -5.242003e-01 -5.269809e-01  6.689584e-01
    outer loop
      vertex  5.496696e+00 -2.183953e-01  1.201748e-01
      vertex  5.495822e+00 -2.240504e-01  1.150350e-01
      vertex  5.496525e+00 -2.229213e-01  1.164752e-01
    endloop
  endfacet
  facet normal -3.884286e-01 -5.743302e-01  7.206025e-01
    outer loop
      vertex  5.496696e+00 -2.183953e-01  1.201748e-01
      vertex  5.496525e+00 -2.229213e-01  1.164752e-01
      vertex  5.496956e+00 -2.215455e-01  1.178038e-01
    endloop
  endfacet
  facet normal  6.336045e-01 -4.312517e-01  6.423140e-01
    outer loop
      vertex  5.496696e+00 -2.183953e-01  1.201748e-01
      vertex  5.496956e+00 -2.215455e-01  1.178038e-01
      vertex  5.497540e+00 -2.196111e-01  1.185269e-01
    endloop
  endfacet
  facet normal  7.788538e-01 -2.434215e-01  5.780421e-01
    outer loop
      vertex  5.496696e+00 -2.183953e-01  1.201748e-01
      vertex  5.497540e+00 -2.196111e-01  1.185269e-01
      vertex  5.497365e+00 -2.178439e-01  1.195056e-01
    endloop
  endfacet
  facet normal  8.133977e-01 -2.314909e-02 -5.812473e-01
    outer loop
      vertex  5.496760e+00 -2.179216e-01  1.069199e-01
      vertex  5.496500e+00 -2.165016e-01  1.065004e-01
      vertex  5.497620e+00 -2.183510e-01  1.081401e-01
    endloop
  endfacet
  facet normal  7.776374e-01 -8.210116e-02 -6.233293e-01
    outer loop
      vertex  5.497620e+00 -2.183510e-01  1.081401e-01
      vertex  5.496500e+00 -2.165016e-01  1.065004e-01
      vertex  5.497744e+00 -2.162277e-01  1.080157e-01
    endloop
  endfacet
  facet normal  8.788692e-01 -7.907795e-02 -4.704631e-01
    outer loop
      vertex  5.497620e+00 -2.183510e-01  1.081401e-01
      vertex  5.497744e+00 -2.162277e-01  1.080157e-01
      vertex  5.498551e+00 -2.182437e-01  1.098618e-01
    endloop
  endfacet
  facet normal  8.791995e-01 -7.847323e-02 -4.699471e-01
    outer loop
      vertex  5.498551e+00 -2.182437e-01  1.098618e-01
      vertex  5.497744e+00 -2.162277e-01  1.080157e-01
      vertex  5.498668e+00 -2.162277e-01  1.097446e-01
    endloop
  endfacet
  facet normal  9.541351e-01 -7.240164e-02 -2.904896e-01
    outer loop
      vertex  5.498551e+00 -2.182437e-01  1.098618e-01
      vertex  5.498668e+00 -2.162277e-01  1.097446e-01
      vertex  5.499132e+00 -2.180695e-01  1.117260e-01
    endloop
  endfacet
  facet normal  9.545391e-01 -7.119171e-02 -2.894595e-01
    outer loop
      vertex  5.499132e+00 -2.180695e-01  1.117260e-01
      vertex  5.498668e+00 -2.162277e-01  1.097446e-01
      vertex  5.499237e+00 -2.162277e-01  1.116205e-01
    endloop
  endfacet
  facet normal  9.931107e-01 -6.249886e-02 -9.912128e-02
    outer loop
      vertex  5.499132e+00 -2.180695e-01  1.117260e-01
      vertex  5.499237e+00 -2.162277e-01  1.116205e-01
      vertex  5.499340e+00 -2.178350e-01  1.136611e-01
    endloop
  endfacet
  facet normal  9.933389e-01 -6.086333e-02 -9.784452e-02
    outer loop
      vertex  5.499340e+00 -2.178350e-01  1.136611e-01
      vertex  5.499237e+00 -2.162277e-01  1.116205e-01
      vertex  5.499429e+00 -2.162277e-01  1.135714e-01
    endloop
  endfacet
  facet normal  9.940751e-01 -5.005969e-02  9.648100e-02
    outer loop
      vertex  5.499340e+00 -2.178350e-01  1.136611e-01
      vertex  5.499429e+00 -2.162277e-01  1.135714e-01
      vertex  5.499166e+00 -2.175492e-01  1.155928e-01
    endloop
  endfacet
  facet normal  9.940432e-01 -4.786164e-02  9.791389e-02
    outer loop
      vertex  5.499166e+00 -2.175492e-01  1.155928e-01
      vertex  5.499429e+00 -2.162277e-01  1.135714e-01
      vertex  5.499237e+00 -2.162277e-01  1.155223e-01
    endloop
  endfacet
  facet normal  9.563605e-01 -3.560513e-02  2.900118e-01
    outer loop
      vertex  5.499166e+00 -2.175492e-01  1.155928e-01
      vertex  5.499237e+00 -2.162277e-01  1.155223e-01
      vertex  5.498668e+00 -2.162277e-01  1.173983e-01
    endloop
  endfacet
  facet normal  5.117753e-01 -5.914208e-01  6.231432e-01
    outer loop
      vertex  5.493249e+00 -2.227506e-01  1.203804e-01
      vertex  5.493749e+00 -2.235069e-01  1.192518e-01
      vertex  5.494328e+00 -2.213743e-01  1.208008e-01
    endloop
  endfacet
  facet normal  3.972368e-01 -6.074148e-01  6.879319e-01
    outer loop
      vertex  5.494328e+00 -2.213743e-01  1.208008e-01
      vertex  5.493749e+00 -2.235069e-01  1.192518e-01
      vertex  5.494774e+00 -2.220057e-01  1.199853e-01
    endloop
  endfacet
  facet normal  5.855453e-01 -4.534813e-01  6.719310e-01
    outer loop
      vertex  5.494328e+00 -2.213743e-01  1.208008e-01
      vertex  5.494774e+00 -2.220057e-01  1.199853e-01
      vertex  5.496106e+00 -2.203231e-01  1.199603e-01
    endloop
  endfacet
  facet normal  1.108741e-01 -8.916984e-01  4.388402e-01
    outer loop
      vertex  5.489429e+00 -2.255225e-01  1.178869e-01
      vertex  5.490542e+00 -2.258539e-01  1.169324e-01
      vertex  5.490759e+00 -2.248589e-01  1.188995e-01
    endloop
  endfacet
  facet normal  2.003612e-01 -8.829575e-01  4.245486e-01
    outer loop
      vertex  5.490759e+00 -2.248589e-01  1.188995e-01
      vertex  5.490542e+00 -2.258539e-01  1.169324e-01
      vertex  5.492558e+00 -2.247390e-01  1.182999e-01
    endloop
  endfacet
  facet normal  2.339556e-01 -8.083345e-01  5.402408e-01
    outer loop
      vertex  5.490759e+00 -2.248589e-01  1.188995e-01
      vertex  5.492558e+00 -2.247390e-01  1.182999e-01
      vertex  5.492046e+00 -2.239248e-01  1.197397e-01
    endloop
  endfacet
  facet normal  2.820362e-01 -9.039960e-01  3.213204e-01
    outer loop
      vertex  5.490542e+00 -2.258539e-01  1.169324e-01
      vertex  5.492415e+00 -2.259235e-01  1.150931e-01
      vertex  5.492558e+00 -2.247390e-01  1.182999e-01
    endloop
  endfacet
  facet normal  2.696375e-01 -9.071600e-01  3.230422e-01
    outer loop
      vertex  5.492558e+00 -2.247390e-01  1.182999e-01
      vertex  5.492415e+00 -2.259235e-01  1.150931e-01
      vertex  5.493670e+00 -2.248046e-01  1.171872e-01
    endloop
  endfacet
  facet normal  4.246209e-01 -7.737381e-01  4.701345e-01
    outer loop
      vertex  5.492558e+00 -2.247390e-01  1.182999e-01
      vertex  5.493670e+00 -2.248046e-01  1.171872e-01
      vertex  5.493749e+00 -2.235069e-01  1.192518e-01
    endloop
  endfacet
  facet normal  4.246312e-01 -7.737342e-01  4.701316e-01
    outer loop
      vertex  5.493749e+00 -2.235069e-01  1.192518e-01
      vertex  5.493670e+00 -2.248046e-01  1.171872e-01
      vertex  5.494695e+00 -2.235627e-01  1.183055e-01
    endloop
  endfacet
  facet normal  5.269359e-01 -6.355597e-01  5.642716e-01
    outer loop
      vertex  5.493749e+00 -2.235069e-01  1.192518e-01
      vertex  5.494695e+00 -2.235627e-01  1.183055e-01
      vertex  5.494774e+00 -2.220057e-01  1.199853e-01
    endloop
  endfacet
  facet normal  5.268919e-01 -6.355788e-01  5.642913e-01
    outer loop
      vertex  5.494774e+00 -2.220057e-01  1.199853e-01
      vertex  5.494695e+00 -2.235627e-01  1.183055e-01
      vertex  5.495518e+00 -2.220495e-01  1.192419e-01
    endloop
  endfacet
  facet normal  6.090921e-01 -4.726397e-01  6.368819e-01
    outer loop
      vertex  5.494774e+00 -2.220057e-01  1.199853e-01
      vertex  5.495518e+00 -2.220495e-01  1.192419e-01
      vertex  5.496106e+00 -2.203231e-01  1.199603e-01
    endloop
  endfacet
  facet normal  7.721063e-01 -5.495298e-01  3.191691e-01
    outer loop
      vertex  5.497599e+00 -2.210159e-01  1.171609e-01
      vertex  5.496956e+00 -2.215455e-01  1.178038e-01
      vertex  5.497344e+00 -2.222471e-01  1.156569e-01
    endloop
  endfacet
  facet normal  7.718480e-01 -5.498574e-01  3.192295e-01
    outer loop
      vertex  5.497344e+00 -2.222471e-01  1.156569e-01
      vertex  5.496956e+00 -2.215455e-01  1.178038e-01
      vertex  5.496525e+00 -2.229213e-01  1.164752e-01
    endloop
  endfacet
  facet normal  7.228270e-01 -6.693442e-01  1.717536e-01
    outer loop
      vertex  5.497344e+00 -2.222471e-01  1.156569e-01
      vertex  5.496525e+00 -2.229213e-01  1.164752e-01
      vertex  5.496785e+00 -2.232576e-01  1.140728e-01
    endloop
  endfacet
  facet normal  7.230036e-01 -6.691555e-01  1.717463e-01
    outer loop
      vertex  5.496785e+00 -2.232576e-01  1.140728e-01
      vertex  5.496525e+00 -2.229213e-01  1.164752e-01
      vertex  5.495822e+00 -2.240504e-01  1.150350e-01
    endloop
  endfacet
  facet normal  6.171380e-01 -7.862602e-01 -3.058602e-02
    outer loop
      vertex  5.496785e+00 -2.232576e-01  1.140728e-01
      vertex  5.495822e+00 -2.240504e-01  1.150350e-01
      vertex  5.494081e+00 -2.253435e-01  1.131490e-01
    endloop
  endfacet
  facet normal  7.354786e-01 -6.365033e-01 -2.322380e-01
    outer loop
      vertex  5.495428e+00 -2.241539e-01  1.112339e-01
      vertex  5.496360e+00 -2.224368e-01  1.094800e-01
      vertex  5.495944e+00 -2.240085e-01  1.124694e-01
    endloop
  endfacet
  facet normal  6.053563e-01 -7.361330e-01 -3.027408e-01
    outer loop
      vertex  5.495944e+00 -2.240085e-01  1.124694e-01
      vertex  5.496360e+00 -2.224368e-01  1.094800e-01
      vertex  5.496876e+00 -2.228584e-01  1.115368e-01
    endloop
  endfacet
  facet normal  7.425892e-01 -6.651821e-01 -7.806375e-02
    outer loop
      vertex  5.495944e+00 -2.240085e-01  1.124694e-01
      vertex  5.496876e+00 -2.228584e-01  1.115368e-01
      vertex  5.496785e+00 -2.232576e-01  1.140728e-01
    endloop
  endfacet
  facet normal  7.422857e-01 -6.655134e-01 -7.812683e-02
    outer loop
      vertex  5.496785e+00 -2.232576e-01  1.140728e-01
      vertex  5.496876e+00 -2.228584e-01  1.115368e-01
      vertex  5.497624e+00 -2.222225e-01  1.132334e-01
    endloop
  endfacet
  facet normal  8.071329e-01 -5.838563e-01  8.745389e-02
    outer loop
      vertex  5.496785e+00 -2.232576e-01  1.140728e-01
      vertex  5.497624e+00 -2.222225e-01  1.132334e-01
      vertex  5.497344e+00 -2.222471e-01  1.156569e-01
    endloop
  endfacet
  facet normal  8.072535e-01 -5.836874e-01  8.746957e-02
    outer loop
      vertex  5.497344e+00 -2.222471e-01  1.156569e-01
      vertex  5.497624e+00 -2.222225e-01  1.132334e-01
      vertex  5.498058e+00 -2.213669e-01  1.149431e-01
    endloop
  endfacet
  facet normal  8.412203e-01 -4.793979e-01  2.500520e-01
    outer loop
      vertex  5.497344e+00 -2.222471e-01  1.156569e-01
      vertex  5.498058e+00 -2.213669e-01  1.149431e-01
      vertex  5.497599e+00 -2.210159e-01  1.171609e-01
    endloop
  endfacet
  facet normal  8.412654e-01 -4.793203e-01  2.500491e-01
    outer loop
      vertex  5.497599e+00 -2.210159e-01  1.171609e-01
      vertex  5.498058e+00 -2.213669e-01  1.149431e-01
      vertex  5.498159e+00 -2.203242e-01  1.166000e-01
    endloop
  endfacet
  facet normal  8.401077e-01 -3.356009e-01  4.261350e-01
    outer loop
      vertex  5.497599e+00 -2.210159e-01  1.171609e-01
      vertex  5.498159e+00 -2.203242e-01  1.166000e-01
      vertex  5.498241e+00 -2.185638e-01  1.178248e-01
    endloop
  endfacet
  facet normal  8.997779e-01 -3.921919e-01  1.912724e-01
    outer loop
      vertex  5.498618e+00 -2.194954e-01  1.161415e-01
      vertex  5.498159e+00 -2.203242e-01  1.166000e-01
      vertex  5.498641e+00 -2.203120e-01  1.143595e-01
    endloop
  endfacet
  facet normal  8.999795e-01 -3.917066e-01  1.913184e-01
    outer loop
      vertex  5.498641e+00 -2.203120e-01  1.143595e-01
      vertex  5.498159e+00 -2.203242e-01  1.166000e-01
      vertex  5.498058e+00 -2.213669e-01  1.149431e-01
    endloop
  endfacet
  facet normal  8.787953e-01 -4.769265e-01  1.612091e-02
    outer loop
      vertex  5.498641e+00 -2.203120e-01  1.143595e-01
      vertex  5.498058e+00 -2.213669e-01  1.149431e-01
      vertex  5.498311e+00 -2.209822e-01  1.125472e-01
    endloop
  endfacet
  facet normal  8.786554e-01 -4.771862e-01  1.606447e-02
    outer loop
      vertex  5.498311e+00 -2.209822e-01  1.125472e-01
      vertex  5.498058e+00 -2.213669e-01  1.149431e-01
      vertex  5.497624e+00 -2.222225e-01  1.132334e-01
    endloop
  endfacet
  facet normal  8.237634e-01 -5.440065e-01 -1.595949e-01
    outer loop
      vertex  5.498311e+00 -2.209822e-01  1.125472e-01
      vertex  5.497624e+00 -2.222225e-01  1.132334e-01
      vertex  5.497638e+00 -2.214801e-01  1.107742e-01
    endloop
  endfacet
  facet normal  8.237512e-01 -5.440238e-01 -1.596001e-01
    outer loop
      vertex  5.497638e+00 -2.214801e-01  1.107742e-01
      vertex  5.497624e+00 -2.222225e-01  1.132334e-01
      vertex  5.496876e+00 -2.228584e-01  1.115368e-01
    endloop
  endfacet
  facet normal  7.499490e-01 -5.853595e-01 -3.081082e-01
    outer loop
      vertex  5.497638e+00 -2.214801e-01  1.107742e-01
      vertex  5.496876e+00 -2.228584e-01  1.115368e-01
      vertex  5.496360e+00 -2.224368e-01  1.094800e-01
    endloop
  endfacet
  facet normal  9.458477e-01 -2.902499e-01  1.453514e-01
    outer loop
      vertex  5.498958e+00 -2.185593e-01  1.158017e-01
      vertex  5.498618e+00 -2.194954e-01  1.161415e-01
      vertex  5.499074e+00 -2.191205e-01  1.139270e-01
    endloop
  endfacet
  facet normal  9.457674e-01 -2.905448e-01  1.452850e-01
    outer loop
      vertex  5.499074e+00 -2.191205e-01  1.139270e-01
      vertex  5.498618e+00 -2.194954e-01  1.161415e-01
      vertex  5.498641e+00 -2.203120e-01  1.143595e-01
    endloop
  endfacet
  facet normal  9.345382e-01 -3.536345e-01 -3.975936e-02
    outer loop
      vertex  5.499074e+00 -2.191205e-01  1.139270e-01
      vertex  5.498641e+00 -2.203120e-01  1.143595e-01
      vertex  5.498819e+00 -2.195811e-01  1.120386e-01
    endloop
  endfacet
  facet normal  9.346011e-01 -3.534749e-01 -3.970424e-02
    outer loop
      vertex  5.498819e+00 -2.195811e-01  1.120386e-01
      vertex  5.498641e+00 -2.203120e-01  1.143595e-01
      vertex  5.498311e+00 -2.209822e-01  1.125472e-01
    endloop
  endfacet
  facet normal  8.876125e-01 -4.029782e-01 -2.230534e-01
    outer loop
      vertex  5.498819e+00 -2.195811e-01  1.120386e-01
      vertex  5.498311e+00 -2.209822e-01  1.125472e-01
      vertex  5.498204e+00 -2.199233e-01  1.102092e-01
    endloop
  endfacet
  facet normal  8.873897e-01 -4.033747e-01 -2.232228e-01
    outer loop
      vertex  5.498204e+00 -2.199233e-01  1.102092e-01
      vertex  5.498311e+00 -2.209822e-01  1.125472e-01
      vertex  5.497638e+00 -2.214801e-01  1.107742e-01
    endloop
  endfacet
  facet normal  7.919906e-01 -4.409647e-01 -4.222569e-01
    outer loop
      vertex  5.498204e+00 -2.199233e-01  1.102092e-01
      vertex  5.497638e+00 -2.214801e-01  1.107742e-01
      vertex  5.496815e+00 -2.203105e-01  1.080082e-01
    endloop
  endfacet
  facet normal  9.773121e-01 -1.785193e-01  1.139813e-01
    outer loop
      vertex  5.499166e+00 -2.175492e-01  1.155928e-01
      vertex  5.498958e+00 -2.185593e-01  1.158017e-01
      vertex  5.499340e+00 -2.178350e-01  1.136611e-01
    endloop
  endfacet
  facet normal  9.772837e-01 -1.787233e-01  1.139072e-01
    outer loop
      vertex  5.499340e+00 -2.178350e-01  1.136611e-01
      vertex  5.498958e+00 -2.185593e-01  1.158017e-01
      vertex  5.499074e+00 -2.191205e-01  1.139270e-01
    endloop
  endfacet
  facet normal  9.729161e-01 -2.175424e-01 -7.816347e-02
    outer loop
      vertex  5.499340e+00 -2.178350e-01  1.136611e-01
      vertex  5.499074e+00 -2.191205e-01  1.139270e-01
      vertex  5.499132e+00 -2.180695e-01  1.117260e-01
    endloop
  endfacet
  facet normal  9.729280e-01 -2.174970e-01 -7.814152e-02
    outer loop
      vertex  5.499132e+00 -2.180695e-01  1.117260e-01
      vertex  5.499074e+00 -2.191205e-01  1.139270e-01
      vertex  5.498819e+00 -2.195811e-01  1.120386e-01
    endloop
  endfacet
  facet normal  9.312704e-01 -2.479277e-01 -2.669592e-01
    outer loop
      vertex  5.499132e+00 -2.180695e-01  1.117260e-01
      vertex  5.498819e+00 -2.195811e-01  1.120386e-01
      vertex  5.498551e+00 -2.182437e-01  1.098618e-01
    endloop
  endfacet
  facet normal  9.313759e-01 -2.476806e-01 -2.668204e-01
    outer loop
      vertex  5.498551e+00 -2.182437e-01  1.098618e-01
      vertex  5.498819e+00 -2.195811e-01  1.120386e-01
      vertex  5.498204e+00 -2.199233e-01  1.102092e-01
    endloop
  endfacet
  facet normal  8.347292e-01 -2.715932e-01 -4.790242e-01
    outer loop
      vertex  5.498551e+00 -2.182437e-01  1.098618e-01
      vertex  5.498204e+00 -2.199233e-01  1.102092e-01
      vertex  5.496815e+00 -2.203105e-01  1.080082e-01
    endloop
  endfacet
  facet normal  7.730213e-01  2.183124e-08  6.343800e-01
    outer loop
      vertex  5.496500e+00  2.165016e-01  1.206425e-01
      vertex  5.496500e+00  2.059418e-09  1.206425e-01
      vertex  5.497744e+00 -2.162277e-01  1.191271e-01
    endloop
  endfacet
  facet normal  7.730199e-01  0.000000e+00  6.343818e-01
    outer loop
      vertex  5.496500e+00 -2.162277e-01  1.206425e-01
      vertex  5.497744e+00 -2.162277e-01  1.191271e-01
      vertex  5.496500e+00  2.059418e-09  1.206425e-01
    endloop
  endfacet
  facet normal  7.730361e-01 -1.830106e-04 -6.343620e-01
    outer loop
      vertex  5.496500e+00 -2.165016e-01  1.065004e-01
      vertex  5.497071e+00  2.162277e-01  1.070711e-01
      vertex  5.497744e+00 -2.162277e-01  1.080157e-01
    endloop
  endfacet
  facet normal  8.145235e-01  0.000000e+00 -5.801304e-01
    outer loop
      vertex  5.497744e+00 -2.162277e-01  1.080157e-01
      vertex  5.497071e+00  2.162277e-01  1.070711e-01
      vertex  5.497744e+00  2.162277e-01  1.080157e-01
    endloop
  endfacet
  facet normal  8.819191e-01  0.000000e+00 -4.714008e-01
    outer loop
      vertex  5.497744e+00 -2.162277e-01  1.080157e-01
      vertex  5.497744e+00  2.162277e-01  1.080157e-01
      vertex  5.498668e+00 -2.162277e-01  1.097446e-01
    endloop
  endfacet
  facet normal  8.819191e-01  0.000000e+00 -4.714008e-01
    outer loop
      vertex  5.498668e+00 -2.162277e-01  1.097446e-01
      vertex  5.497744e+00  2.162277e-01  1.080157e-01
      vertex  5.498668e+00  2.162277e-01  1.097446e-01
    endloop
  endfacet
  facet normal  9.569674e-01  0.000000e+00 -2.901958e-01
    outer loop
      vertex  5.498668e+00 -2.162277e-01  1.097446e-01
      vertex  5.498668e+00  2.162277e-01  1.097446e-01
      vertex  5.499237e+00 -2.162277e-01  1.116205e-01
    endloop
  endfacet
  facet normal  9.569674e-01  0.000000e+00 -2.901958e-01
    outer loop
      vertex  5.499237e+00 -2.162277e-01  1.116205e-01
      vertex  5.498668e+00  2.162277e-01  1.097446e-01
      vertex  5.499237e+00  2.162277e-01  1.116205e-01
    endloop
  endfacet
  facet normal  9.951838e-01  0.000000e+00 -9.802625e-02
    outer loop
      vertex  5.499237e+00 -2.162277e-01  1.116205e-01
      vertex  5.499237e+00  2.162277e-01  1.116205e-01
      vertex  5.499429e+00 -2.162277e-01  1.135714e-01
    endloop
  endfacet
  facet normal  9.951838e-01  0.000000e+00 -9.802625e-02
    outer loop
      vertex  5.499429e+00 -2.162277e-01  1.135714e-01
      vertex  5.499237e+00  2.162277e-01  1.116205e-01
      vertex  5.499429e+00  2.162277e-01  1.135714e-01
    endloop
  endfacet
  facet normal  9.951838e-01  0.000000e+00  9.802625e-02
    outer loop
      vertex  5.499429e+00 -2.162277e-01  1.135714e-01
      vertex  5.499429e+00  2.162277e-01  1.135714e-01
      vertex  5.499237e+00 -2.162277e-01  1.155223e-01
    endloop
  endfacet
  facet normal  9.951838e-01  -0.000000e+00  9.802625e-02
    outer loop
      vertex  5.499237e+00 -2.162277e-01  1.155223e-01
      vertex  5.499429e+00  2.162277e-01  1.135714e-01
      vertex  5.499237e+00  2.162277e-01  1.155223e-01
    endloop
  endfacet
  facet normal  9.569674e-01  0.000000e+00  2.901958e-01
    outer loop
      vertex  5.499237e+00 -2.162277e-01  1.155223e-01
      vertex  5.499237e+00  2.162277e-01  1.155223e-01
      vertex  5.498668e+00 -2.162277e-01  1.173983e-01
    endloop
  endfacet
  facet normal  9.569674e-01  -0.000000e+00  2.901958e-01
    outer loop
      vertex  5.498668e+00 -2.162277e-01  1.173983e-01
      vertex  5.499237e+00  2.162277e-01  1.155223e-01
      vertex  5.498668e+00  2.162277e-01  1.173983e-01
    endloop
  endfacet
  facet normal  8.819191e-01  0.000000e+00  4.714008e-01
    outer loop
      vertex  5.498668e+00 -2.162277e-01  1.173983e-01
      vertex  5.498668e+00  2.162277e-01  1.173983e-01
      vertex  5.497744e+00 -2.162277e-01  1.191271e-01
    endloop
  endfacet
  facet normal  8.819191e-01  -0.000000e+00  4.714008e-01
    outer loop
      vertex  5.497744e+00 -2.162277e-01  1.191271e-01
      vertex  5.498668e+00  2.162277e-01  1.173983e-01
      vertex  5.497744e+00  2.162277e-01  1.191271e-01
    endloop
  endfacet
  facet normal  7.730183e-01  0.000000e+00  6.343837e-01
    outer loop
      vertex  5.497744e+00 -2.162277e-01  1.191271e-01
      vertex  5.497744e+00  2.162277e-01  1.191271e-01
      vertex  5.496500e+00  2.165016e-01  1.206425e-01
    endloop
  endfacet
  facet normal  7.071062e-01  4.125814e-06 -7.071073e-01
    outer loop
      vertex  5.497071e+00  2.162277e-01  1.070711e-01
      vertex  5.402929e+00  2.397916e-01  1.292893e-02
      vertex  5.454363e+00  2.320039e-01  6.436332e-02
    endloop
  endfacet
  facet normal  7.071056e-01  0.000000e+00 -7.071079e-01
    outer loop
      vertex  5.402929e+00  2.397916e-01  1.292893e-02
      vertex  5.497071e+00  2.162277e-01  1.070711e-01
      vertex  5.402929e+00 -2.397916e-01  1.292893e-02
    endloop
  endfacet
  facet normal  7.071059e-01 -1.138848e-07 -7.071077e-01
    outer loop
      vertex  5.402929e+00 -2.397916e-01  1.292893e-02
      vertex  5.497071e+00  2.162277e-01  1.070711e-01
      vertex  5.496500e+00 -2.165016e-01  1.065004e-01
    endloop
  endfacet
  facet normal  7.071058e-01  7.094769e-07 -7.071077e-01
    outer loop
      vertex  5.402929e+00 -2.397916e-01  1.292893e-02
      vertex  5.496500e+00 -2.165016e-01  1.065004e-01
      vertex  5.444881e+00 -2.343095e-01  5.488143e-02
    endloop
  endfacet
  facet normal  0.000000e+00 -9.988528e-01 -4.788714e-02
    outer loop
      vertex  5.395858e+00 -2.497829e-01  2.041667e-02
      vertex  1.500000e+00 -2.497829e-01  2.041667e-02
      vertex  5.395858e+00 -2.496972e-01  1.862948e-02
    endloop
  endfacet
  facet normal  -0.000000e+00 -9.988528e-01 -4.788714e-02
    outer loop
      vertex  5.395858e+00 -2.496972e-01  1.862948e-02
      vertex  1.500000e+00 -2.497829e-01  2.041667e-02
      vertex  1.500000e+00 -2.496972e-01  1.862948e-02
    endloop
  endfacet
  facet normal  0.000000e+00 -9.743313e-01 -2.251192e-01
    outer loop
      vertex  5.395858e+00 -2.496972e-01  1.862948e-02
      vertex  1.500000e+00 -2.496972e-01  1.862948e-02
      vertex  5.395858e+00 -2.492944e-01  1.688616e-02
    endloop
  endfacet
  facet normal  -0.000000e+00 -9.743313e-01 -2.251192e-01
    outer loop
      vertex  5.395858e+00 -2.492944e-01  1.688616e-02
      vertex  1.500000e+00 -2.496972e-01  1.862948e-02
      vertex  1.500000e+00 -2.492944e-01  1.688616e-02
    endloop
  endfacet
  facet normal  0.000000e+00 -9.186174e-01 -3.951480e-01
    outer loop
      vertex  5.395858e+00 -2.492944e-01  1.688616e-02
      vertex  1.500000e+00 -2.492944e-01  1.688616e-02
      vertex  5.395858e+00 -2.485874e-01  1.524253e-02
    endloop
  endfacet
  facet normal  -0.000000e+00 -9.186174e-01 -3.951480e-01
    outer loop
      vertex  5.395858e+00 -2.485874e-01  1.524253e-02
      vertex  1.500000e+00 -2.492944e-01  1.688616e-02
      vertex  1.500000e+00 -2.485874e-01  1.524253e-02
    endloop
  endfacet
  facet normal  0.000000e+00 -8.334953e-01 -5.525266e-01
    outer loop
      vertex  5.395858e+00 -2.485874e-01  1.524253e-02
      vertex  1.500000e+00 -2.485874e-01  1.524253e-02
      vertex  5.395858e+00 -2.475988e-01  1.375121e-02
    endloop
  endfacet
  facet normal  -0.000000e+00 -8.334953e-01 -5.525266e-01
    outer loop
      vertex  5.395858e+00 -2.475988e-01  1.375121e-02
      vertex  1.500000e+00 -2.485874e-01  1.524253e-02
      vertex  1.500000e+00 -2.475988e-01  1.375121e-02
    endloop
  endfacet
  facet normal  0.000000e+00 -7.216861e-01 -6.922205e-01
    outer loop
      vertex  5.395858e+00 -2.475988e-01  1.375121e-02
      vertex  1.500000e+00 -2.475988e-01  1.375121e-02
      vertex  5.395858e+00 -2.463602e-01  1.245993e-02
    endloop
  endfacet
  facet normal  -0.000000e+00 -7.216861e-01 -6.922205e-01
    outer loop
      vertex  5.395858e+00 -2.463602e-01  1.245993e-02
      vertex  1.500000e+00 -2.475988e-01  1.375121e-02
      vertex  1.500000e+00 -2.463602e-01  1.245993e-02
    endloop
  endfacet
  facet normal  0.000000e+00 -5.867768e-01 -8.097486e-01
    outer loop
      vertex  5.395858e+00 -2.463602e-01  1.245993e-02
      vertex  1.500000e+00 -2.463602e-01  1.245993e-02
      vertex  5.395858e+00 -2.449114e-01  1.141004e-02
    endloop
  endfacet
  facet normal  -0.000000e+00 -5.867768e-01 -8.097486e-01
    outer loop
      vertex  5.395858e+00 -2.449114e-01  1.141004e-02
      vertex  1.500000e+00 -2.463602e-01  1.245993e-02
      vertex  1.500000e+00 -2.449114e-01  1.141004e-02
    endloop
  endfacet
  facet normal  0.000000e+00 -4.330831e-01 -9.013540e-01
    outer loop
      vertex  5.395858e+00 -2.449114e-01  1.141004e-02
      vertex  1.500000e+00 -2.449114e-01  1.141004e-02
      vertex  5.395858e+00 -2.432987e-01  1.063515e-02
    endloop
  endfacet
  facet normal  -0.000000e+00 -4.330831e-01 -9.013540e-01
    outer loop
      vertex  5.395858e+00 -2.432987e-01  1.063515e-02
      vertex  1.500000e+00 -2.449114e-01  1.141004e-02
      vertex  1.500000e+00 -2.432987e-01  1.063515e-02
    endloop
  endfacet
  facet normal  0.000000e+00 -2.655225e-01 -9.641047e-01
    outer loop
      vertex  5.395858e+00 -2.432987e-01  1.063515e-02
      vertex  1.500000e+00 -2.432987e-01  1.063515e-02
      vertex  5.395858e+00 -2.415736e-01  1.016007e-02
    endloop
  endfacet
  facet normal  -0.000000e+00 -2.655225e-01 -9.641047e-01
    outer loop
      vertex  5.395858e+00 -2.415736e-01  1.016007e-02
      vertex  1.500000e+00 -2.432987e-01  1.063515e-02
      vertex  1.500000e+00 -2.415736e-01  1.016007e-02
    endloop
  endfacet
  facet normal  0.000000e+00 -8.946219e-02 -9.959902e-01
    outer loop
      vertex  5.395858e+00 -2.415736e-01  1.016007e-02
      vertex  1.500000e+00 -2.415736e-01  1.016007e-02
      vertex  5.395858e+00 -2.397916e-01  1.000000e-02
    endloop
  endfacet
  facet normal  -0.000000e+00 -8.946219e-02 -9.959902e-01
    outer loop
      vertex  5.395858e+00 -2.397916e-01  1.000000e-02
      vertex  1.500000e+00 -2.415736e-01  1.016007e-02
      vertex  1.500000e+00 -2.397916e-01  1.000000e-02
    endloop
  endfacet
  facet normal  0.000000e+00  0.000000e+00 -9.999999e-01
    outer loop
      vertex  1.500000e+00 -2.397916e-01  1.000000e-02
      vertex  1.500000e+00  2.397916e-01  1.000000e-02
      vertex  5.395858e+00 -2.397916e-01  1.000000e-02
    endloop
  endfacet
  facet normal  0.000000e+00  0.000000e+00 -9.999999e-01
    outer loop
      vertex  5.395858e+00 -2.397916e-01  1.000000e-02
      vertex  1.500000e+00  2.397916e-01  1.000000e-02
      vertex  5.395858e+00  2.397916e-01  1.000000e-02
    endloop
  endfacet
  facet normal  0.000000e+00  8.946219e-02 -9.959902e-01
    outer loop
      vertex  5.395858e+00  2.397916e-01  1.000000e-02
      vertex  1.500000e+00  2.397916e-01  1.000000e-02
      vertex  5.395858e+00  2.415736e-01  1.016007e-02
    endloop
  endfacet
  facet normal  0.000000e+00  8.946219e-02 -9.959902e-01
    outer loop
      vertex  5.395858e+00  2.415736e-01  1.016007e-02
      vertex  1.500000e+00  2.397916e-01  1.000000e-02
      vertex  1.500000e+00  2.415736e-01  1.016007e-02
    endloop
  endfacet
  facet normal  0.000000e+00  2.655225e-01 -9.641047e-01
    outer loop
      vertex  5.395858e+00  2.415736e-01  1.016007e-02
      vertex  1.500000e+00  2.415736e-01  1.016007e-02
      vertex  5.395858e+00  2.432987e-01  1.063515e-02
    endloop
  endfacet
  facet normal  0.000000e+00  2.655225e-01 -9.641047e-01
    outer loop
      vertex  5.395858e+00  2.432987e-01  1.063515e-02
      vertex  1.500000e+00  2.415736e-01  1.016007e-02
      vertex  1.500000e+00  2.432987e-01  1.063515e-02
    endloop
  endfacet
  facet normal  0.000000e+00  4.330831e-01 -9.013540e-01
    outer loop
      vertex  5.395858e+00  2.432987e-01  1.063515e-02
      vertex  1.500000e+00  2.432987e-01  1.063515e-02
      vertex  5.395858e+00  2.449114e-01  1.141004e-02
    endloop
  endfacet
  facet normal  0.000000e+00  4.330831e-01 -9.013540e-01
    outer loop
      vertex  5.395858e+00  2.449114e-01  1.141004e-02
      vertex  1.500000e+00  2.432987e-01  1.063515e-02
      vertex  1.500000e+00  2.449114e-01  1.141004e-02
    endloop
  endfacet
  facet normal  0.000000e+00  5.867768e-01 -8.097486e-01
    outer loop
      vertex  5.395858e+00  2.449114e-01  1.141004e-02
      vertex  1.500000e+00  2.449114e-01  1.141004e-02
      vertex  5.395858e+00  2.463602e-01  1.245993e-02
    endloop
  endfacet
  facet normal  0.000000e+00  5.867768e-01 -8.097486e-01
    outer loop
      vertex  5.395858e+00  2.463602e-01  1.245993e-02
      vertex  1.500000e+00  2.449114e-01  1.141004e-02
      vertex  1.500000e+00  2.463602e-01  1.245993e-02
    endloop
  endfacet
  facet normal  0.000000e+00  7.216861e-01 -6.922205e-01
    outer loop
      vertex  5.395858e+00  2.463602e-01  1.245993e-02
      vertex  1.500000e+00  2.463602e-01  1.245993e-02
      vertex  5.395858e+00  2.475988e-01  1.375121e-02
    endloop
  endfacet
  facet normal  0.000000e+00  7.216861e-01 -6.922205e-01
    outer loop
      vertex  5.395858e+00  2.475988e-01  1.375121e-02
      vertex  1.500000e+00  2.463602e-01  1.245993e-02
      vertex  1.500000e+00  2.475988e-01  1.375121e-02
    endloop
  endfacet
  facet normal  0.000000e+00  8.334953e-01 -5.525266e-01
    outer loop
      vertex  5.395858e+00  2.475988e-01  1.375121e-02
      vertex  1.500000e+00  2.475988e-01  1.375121e-02
      vertex  5.395858e+00  2.485874e-01  1.524253e-02
    endloop
  endfacet
  facet normal  0.000000e+00  8.334953e-01 -5.525266e-01
    outer loop
      vertex  5.395858e+00  2.485874e-01  1.524253e-02
      vertex  1.500000e+00  2.475988e-01  1.375121e-02
      vertex  1.500000e+00  2.485874e-01  1.524253e-02
    endloop
  endfacet
  facet normal  0.000000e+00  9.186174e-01 -3.951480e-01
    outer loop
      vertex  5.395858e+00  2.485874e-01  1.524253e-02
      vertex  1.500000e+00  2.485874e-01  1.524253e-02
      vertex  5.395858e+00  2.492944e-01  1.688616e-02
    endloop
  endfacet
  facet normal  0.000000e+00  9.186174e-01 -3.951480e-01
    outer loop
      vertex  5.395858e+00  2.492944e-01  1.688616e-02
      vertex  1.500000e+00  2.485874e-01  1.524253e-02
      vertex  1.500000e+00  2.492944e-01  1.688616e-02
    endloop
  endfacet
  facet normal  0.000000e+00  9.743313e-01 -2.251192e-01
    outer loop
      vertex  5.395858e+00  2.492944e-01  1.688616e-02
      vertex  1.500000e+00  2.492944e-01  1.688616e-02
      vertex  5.395858e+00  2.496972e-01  1.862948e-02
    endloop
  endfacet
  facet normal  0.000000e+00  9.743313e-01 -2.251192e-01
    outer loop
      vertex  5.395858e+00  2.496972e-01  1.862948e-02
      vertex  1.500000e+00  2.492944e-01  1.688616e-02
      vertex  1.500000e+00  2.496972e-01  1.862948e-02
    endloop
  endfacet
  facet normal  0.000000e+00  9.988528e-01 -4.788714e-02
    outer loop
      vertex  5.395858e+00  2.496972e-01  1.862948e-02
      vertex  1.500000e+00  2.496972e-01  1.862948e-02
      vertex  5.395858e+00  2.497829e-01  2.041667e-02
    endloop
  endfacet
  facet normal  0.000000e+00  9.988528e-01 -4.788714e-02
    outer loop
      vertex  5.395858e+00  2.497829e-01  2.041667e-02
      vertex  1.500000e+00  2.496972e-01  1.862948e-02
      vertex  1.500000e+00  2.497829e-01  2.041667e-02
    endloop
  endfacet
  facet normal  9.689094e-02  1.517029e-01 -9.836658e-01
    outer loop
      vertex  5.395858e+00  2.397916e-01  1.000000e-02
      vertex  5.398576e+00  2.415619e-01  1.054075e-02
      vertex  5.397809e+00  2.397916e-01  1.019215e-02
    endloop
  endfacet
  facet normal  1.385352e-01  8.859955e-02 -9.863864e-01
    outer loop
      vertex  5.395858e+00  2.397916e-01  1.000000e-02
      vertex  5.395858e+00  2.415736e-01  1.016007e-02
      vertex  5.398576e+00  2.415619e-01  1.054075e-02
    endloop
  endfacet
  facet normal  6.755785e-01  8.982959e-02 -7.317953e-01
    outer loop
      vertex  5.402929e+00  2.397916e-01  1.292893e-02
      vertex  5.401870e+00  2.409461e-01  1.209296e-02
      vertex  5.402854e+00  2.415595e-01  1.307728e-02
    endloop
  endfacet
  facet normal  6.342313e-01  2.219553e-02 -7.728246e-01
    outer loop
      vertex  5.402929e+00  2.397916e-01  1.292893e-02
      vertex  5.401413e+00  2.397916e-01  1.168530e-02
      vertex  5.401870e+00  2.409461e-01  1.209296e-02
    endloop
  endfacet
  facet normal  5.493630e-01  5.834275e-01 -5.981744e-01
    outer loop
      vertex  5.401350e+00  2.463164e-01  1.477929e-02
      vertex  5.402052e+00  2.448742e-01  1.401728e-02
      vertex  5.400533e+00  2.462475e-01  1.396110e-02
    endloop
  endfacet
  facet normal  1.092718e-01  9.690917e-01 -2.211807e-01
    outer loop
      vertex  5.398321e+00  2.492603e-01  1.793190e-02
      vertex  5.395858e+00  2.496972e-01  1.862948e-02
      vertex  5.397109e+00  2.496774e-01  1.916105e-02
    endloop
  endfacet
  facet normal  3.609483e-02  9.982019e-01 -4.785593e-02
    outer loop
      vertex  5.395858e+00  2.497829e-01  2.041667e-02
      vertex  5.397109e+00  2.496774e-01  1.916105e-02
      vertex  5.395858e+00  2.496972e-01  1.862948e-02
    endloop
  endfacet
  facet normal  4.678245e-01  1.240671e-01 -8.750702e-01
    outer loop
      vertex  5.401870e+00  2.409461e-01  1.209296e-02
      vertex  5.401413e+00  2.397916e-01  1.168530e-02
      vertex  5.399685e+00  2.397916e-01  1.076121e-02
    endloop
  endfacet
  facet normal  5.199673e-01  1.304275e-03 -8.541853e-01
    outer loop
      vertex  5.401870e+00  2.409461e-01  1.209296e-02
      vertex  5.399685e+00  2.397916e-01  1.076121e-02
      vertex  5.400178e+00  2.410038e-01  1.106348e-02
    endloop
  endfacet
  facet normal  2.881415e-01  1.196019e-01 -9.500893e-01
    outer loop
      vertex  5.400178e+00  2.410038e-01  1.106348e-02
      vertex  5.399685e+00  2.397916e-01  1.076121e-02
      vertex  5.397809e+00  2.397916e-01  1.019215e-02
    endloop
  endfacet
  facet normal  3.240886e-01  4.561381e-02 -9.449264e-01
    outer loop
      vertex  5.400178e+00  2.410038e-01  1.106348e-02
      vertex  5.397809e+00  2.397916e-01  1.019215e-02
      vertex  5.398576e+00  2.415619e-01  1.054075e-02
    endloop
  endfacet
  facet normal  1.387680e-01  2.392462e-02 -9.900359e-01
    outer loop
      vertex  5.396888e+00  2.420643e-01  1.031629e-02
      vertex  5.398576e+00  2.415619e-01  1.054075e-02
      vertex  5.395858e+00  2.415736e-01  1.016007e-02
    endloop
  endfacet
  facet normal  1.973998e-02  2.654707e-01 -9.639168e-01
    outer loop
      vertex  5.395858e+00  2.415736e-01  1.016007e-02
      vertex  5.395858e+00  2.432987e-01  1.063515e-02
      vertex  5.396888e+00  2.420643e-01  1.031629e-02
    endloop
  endfacet
  facet normal  5.184848e-01  1.359404e-01 -8.442119e-01
    outer loop
      vertex  5.400621e+00  2.420643e-01  1.150631e-02
      vertex  5.401870e+00  2.409461e-01  1.209296e-02
      vertex  5.400178e+00  2.410038e-01  1.106348e-02
    endloop
  endfacet
  facet normal  3.712464e-01  2.214631e-01 -9.017373e-01
    outer loop
      vertex  5.400621e+00  2.420643e-01  1.150631e-02
      vertex  5.400178e+00  2.410038e-01  1.106348e-02
      vertex  5.398576e+00  2.415619e-01  1.054075e-02
    endloop
  endfacet
  facet normal  3.712551e-01  2.214342e-01 -9.017408e-01
    outer loop
      vertex  5.400621e+00  2.420643e-01  1.150631e-02
      vertex  5.398576e+00  2.415619e-01  1.054075e-02
      vertex  5.399223e+00  2.431108e-01  1.118749e-02
    endloop
  endfacet
  facet normal  2.127955e-01  2.994658e-01 -9.300743e-01
    outer loop
      vertex  5.399223e+00  2.431108e-01  1.118749e-02
      vertex  5.398576e+00  2.415619e-01  1.054075e-02
      vertex  5.396888e+00  2.420643e-01  1.031629e-02
    endloop
  endfacet
  facet normal  2.460901e-01  2.339317e-01 -9.405933e-01
    outer loop
      vertex  5.399223e+00  2.431108e-01  1.118749e-02
      vertex  5.396888e+00  2.420643e-01  1.031629e-02
      vertex  5.397240e+00  2.431108e-01  1.066876e-02
    endloop
  endfacet
  facet normal  6.380331e-02  2.991754e-01 -9.520626e-01
    outer loop
      vertex  5.396888e+00  2.420643e-01  1.031629e-02
      vertex  5.395858e+00  2.432987e-01  1.063515e-02
      vertex  5.397240e+00  2.431108e-01  1.066876e-02
    endloop
  endfacet
  facet normal  8.050776e-02  4.316773e-01 -8.984282e-01
    outer loop
      vertex  5.397240e+00  2.431108e-01  1.066876e-02
      vertex  5.395858e+00  2.432987e-01  1.063515e-02
      vertex  5.395858e+00  2.449114e-01  1.141004e-02
    endloop
  endfacet
  facet normal  2.379701e-01  3.406983e-01 -9.095575e-01
    outer loop
      vertex  5.397718e+00  2.440526e-01  1.114655e-02
      vertex  5.399223e+00  2.431108e-01  1.118749e-02
      vertex  5.397240e+00  2.431108e-01  1.066876e-02
    endloop
  endfacet
  facet normal  5.941736e-01  2.649080e-01 -7.594613e-01
    outer loop
      vertex  5.402854e+00  2.415595e-01  1.307728e-02
      vertex  5.401870e+00  2.409461e-01  1.209296e-02
      vertex  5.400621e+00  2.420643e-01  1.150631e-02
    endloop
  endfacet
  facet normal  5.924311e-01  1.699940e-01 -7.874817e-01
    outer loop
      vertex  5.402854e+00  2.415595e-01  1.307728e-02
      vertex  5.400621e+00  2.420643e-01  1.150631e-02
      vertex  5.401298e+00  2.428404e-01  1.218253e-02
    endloop
  endfacet
  facet normal  4.424261e-01  3.382291e-01 -8.305783e-01
    outer loop
      vertex  5.401298e+00  2.428404e-01  1.218253e-02
      vertex  5.400621e+00  2.420643e-01  1.150631e-02
      vertex  5.399223e+00  2.431108e-01  1.118749e-02
    endloop
  endfacet
  facet normal  4.424267e-01  3.382170e-01 -8.305829e-01
    outer loop
      vertex  5.401298e+00  2.428404e-01  1.218253e-02
      vertex  5.399223e+00  2.431108e-01  1.118749e-02
      vertex  5.400210e+00  2.442443e-01  1.217508e-02
    endloop
  endfacet
  facet normal  3.089396e-01  4.573869e-01 -8.338786e-01
    outer loop
      vertex  5.400210e+00  2.442443e-01  1.217508e-02
      vertex  5.399223e+00  2.431108e-01  1.118749e-02
      vertex  5.397718e+00  2.440526e-01  1.114655e-02
    endloop
  endfacet
  facet normal  3.254007e-01  3.902987e-01 -8.612673e-01
    outer loop
      vertex  5.400210e+00  2.442443e-01  1.217508e-02
      vertex  5.397718e+00  2.440526e-01  1.114655e-02
      vertex  5.398306e+00  2.448601e-01  1.173460e-02
    endloop
  endfacet
  facet normal -5.484672e-01 -6.282150e-01 -5.518421e-01
    outer loop
      vertex  5.398306e+00  2.448601e-01  1.173460e-02
      vertex  5.395858e+00  2.463602e-01  1.245993e-02
      vertex  5.396854e+00  2.458206e-01  1.208426e-02
    endloop
  endfacet
  facet normal  1.288389e-01  7.156712e-01 -6.864512e-01
    outer loop
      vertex  5.395858e+00  2.463602e-01  1.245993e-02
      vertex  5.395858e+00  2.475988e-01  1.375121e-02
      vertex  5.396854e+00  2.458206e-01  1.208426e-02
    endloop
  endfacet
  facet normal  6.349778e-01  2.648588e-01 -7.257086e-01
    outer loop
      vertex  5.402559e+00  2.432717e-01  1.344392e-02
      vertex  5.402854e+00  2.415595e-01  1.307728e-02
      vertex  5.401298e+00  2.428404e-01  1.218253e-02
    endloop
  endfacet
  facet normal  5.604205e-01  4.302466e-01 -7.076840e-01
    outer loop
      vertex  5.402559e+00  2.432717e-01  1.344392e-02
      vertex  5.401298e+00  2.428404e-01  1.218253e-02
      vertex  5.400210e+00  2.442443e-01  1.217508e-02
    endloop
  endfacet
  facet normal  5.604318e-01  4.304347e-01 -7.075607e-01
    outer loop
      vertex  5.402559e+00  2.432717e-01  1.344392e-02
      vertex  5.400210e+00  2.442443e-01  1.217508e-02
      vertex  5.402052e+00  2.448742e-01  1.401728e-02
    endloop
  endfacet
  facet normal  4.682470e-01  5.800537e-01 -6.665452e-01
    outer loop
      vertex  5.402052e+00  2.448742e-01  1.401728e-02
      vertex  5.400210e+00  2.442443e-01  1.217508e-02
      vertex  5.398986e+00  2.455077e-01  1.241437e-02
    endloop
  endfacet
  facet normal  1.018906e-01  7.953522e-01 -5.975227e-01
    outer loop
      vertex  5.398555e+00  2.471469e-01  1.378503e-02
      vertex  5.397663e+00  2.465909e-01  1.289284e-02
      vertex  5.395858e+00  2.485874e-01  1.524253e-02
    endloop
  endfacet
  facet normal -2.363656e-01  4.360462e-01 -8.683289e-01
    outer loop
      vertex  5.398555e+00  2.471469e-01  1.378503e-02
      vertex  5.395858e+00  2.485874e-01  1.524253e-02
      vertex  5.397289e+00  2.480868e-01  1.460161e-02
    endloop
  endfacet
  facet normal  1.429072e-01  9.091889e-01 -3.910923e-01
    outer loop
      vertex  5.395858e+00  2.485874e-01  1.524253e-02
      vertex  5.395858e+00  2.492944e-01  1.688616e-02
      vertex  5.397289e+00  2.480868e-01  1.460161e-02
    endloop
  endfacet
  facet normal  5.029842e-01  5.286042e-01 -6.838016e-01
    outer loop
      vertex  5.400533e+00  2.462475e-01  1.396110e-02
      vertex  5.402052e+00  2.448742e-01  1.401728e-02
      vertex  5.399736e+00  2.459751e-01  1.316442e-02
    endloop
  endfacet
  facet normal  3.103557e-02  8.503774e-01 -5.252571e-01
    outer loop
      vertex  5.398357e+00  2.484522e-01  1.567035e-02
      vertex  5.395858e+00  2.492944e-01  1.688616e-02
      vertex  5.397133e+00  2.491604e-01  1.674455e-02
    endloop
  endfacet
  facet normal  7.714986e-02  9.714272e-01 -2.244482e-01
    outer loop
      vertex  5.395858e+00  2.492944e-01  1.688616e-02
      vertex  5.395858e+00  2.496972e-01  1.862948e-02
      vertex  5.397133e+00  2.491604e-01  1.674455e-02
    endloop
  endfacet
  facet normal  4.615186e-01  7.175460e-01 -5.216593e-01
    outer loop
      vertex  5.401350e+00  2.463164e-01  1.477929e-02
      vertex  5.400533e+00  2.462475e-01  1.396110e-02
      vertex  5.400476e+00  2.475528e-01  1.570592e-02
    endloop
  endfacet
  facet normal  4.613475e-01  7.176146e-01 -5.217161e-01
    outer loop
      vertex  5.400476e+00  2.475528e-01  1.570592e-02
      vertex  5.400533e+00  2.462475e-01  1.396110e-02
      vertex  5.399502e+00  2.474710e-01  1.473268e-02
    endloop
  endfacet
  facet normal  3.591734e-01  8.288760e-01 -4.289044e-01
    outer loop
      vertex  5.400476e+00  2.475528e-01  1.570592e-02
      vertex  5.399502e+00  2.474710e-01  1.473268e-02
      vertex  5.399455e+00  2.485446e-01  1.676795e-02
    endloop
  endfacet
  facet normal  3.591385e-01  8.288876e-01 -4.289113e-01
    outer loop
      vertex  5.399455e+00  2.485446e-01  1.676795e-02
      vertex  5.399502e+00  2.474710e-01  1.473268e-02
      vertex  5.398357e+00  2.484522e-01  1.567035e-02
    endloop
  endfacet
  facet normal  2.456903e-01  9.140843e-01 -3.226238e-01
    outer loop
      vertex  5.399455e+00  2.485446e-01  1.676795e-02
      vertex  5.398357e+00  2.484522e-01  1.567035e-02
      vertex  5.398321e+00  2.492603e-01  1.793190e-02
    endloop
  endfacet
  facet normal  2.457197e-01  9.140775e-01 -3.226209e-01
    outer loop
      vertex  5.398321e+00  2.492603e-01  1.793190e-02
      vertex  5.398357e+00  2.484522e-01  1.567035e-02
      vertex  5.397133e+00  2.491604e-01  1.674455e-02
    endloop
  endfacet
  facet normal  1.164668e-01  9.731882e-01 -1.983438e-01
    outer loop
      vertex  5.398321e+00  2.492603e-01  1.793190e-02
      vertex  5.397133e+00  2.491604e-01  1.674455e-02
      vertex  5.395858e+00  2.496972e-01  1.862948e-02
    endloop
  endfacet
  facet normal  6.773333e-02  4.238359e-01 -9.032028e-01
    outer loop
      vertex  5.397240e+00  2.431108e-01  1.066876e-02
      vertex  5.395858e+00  2.449114e-01  1.141004e-02
      vertex  5.397718e+00  2.440526e-01  1.114655e-02
    endloop
  endfacet
  facet normal  1.543262e-01  5.797473e-01 -8.000479e-01
    outer loop
      vertex  5.397718e+00  2.440526e-01  1.114655e-02
      vertex  5.395858e+00  2.449114e-01  1.141004e-02
      vertex  5.395858e+00  2.463602e-01  1.245993e-02
    endloop
  endfacet
  facet normal  8.652228e-02  5.445571e-01 -8.342490e-01
    outer loop
      vertex  5.397718e+00  2.440526e-01  1.114655e-02
      vertex  5.395858e+00  2.463602e-01  1.245993e-02
      vertex  5.398306e+00  2.448601e-01  1.173460e-02
    endloop
  endfacet
  facet normal  4.907839e-01  7.262089e-01 -4.814060e-01
    outer loop
      vertex  5.395858e+00  2.475988e-01  1.375121e-02
      vertex  5.395858e+00  2.485874e-01  1.524253e-02
      vertex  5.396854e+00  2.458206e-01  1.208426e-02
    endloop
  endfacet
  facet normal -4.339924e-02  7.446504e-01 -6.660422e-01
    outer loop
      vertex  5.396854e+00  2.458206e-01  1.208426e-02
      vertex  5.395858e+00  2.485874e-01  1.524253e-02
      vertex  5.397663e+00  2.465909e-01  1.289284e-02
    endloop
  endfacet
  facet normal  2.075839e-01  5.961428e-01 -7.755790e-01
    outer loop
      vertex  5.396854e+00  2.458206e-01  1.208426e-02
      vertex  5.397663e+00  2.465909e-01  1.289284e-02
      vertex  5.398306e+00  2.448601e-01  1.173460e-02
    endloop
  endfacet
  facet normal  2.075562e-01  5.961393e-01 -7.755890e-01
    outer loop
      vertex  5.398306e+00  2.448601e-01  1.173460e-02
      vertex  5.397663e+00  2.465909e-01  1.289284e-02
      vertex  5.398986e+00  2.455077e-01  1.241437e-02
    endloop
  endfacet
  facet normal  3.428350e-01  4.846734e-01 -8.047087e-01
    outer loop
      vertex  5.398306e+00  2.448601e-01  1.173460e-02
      vertex  5.398986e+00  2.455077e-01  1.241437e-02
      vertex  5.400210e+00  2.442443e-01  1.217508e-02
    endloop
  endfacet
  facet normal  2.866193e-01  6.577980e-01 -6.965280e-01
    outer loop
      vertex  5.397663e+00  2.465909e-01  1.289284e-02
      vertex  5.398555e+00  2.471469e-01  1.378503e-02
      vertex  5.398986e+00  2.455077e-01  1.241437e-02
    endloop
  endfacet
  facet normal  2.866092e-01  6.577985e-01 -6.965318e-01
    outer loop
      vertex  5.398986e+00  2.455077e-01  1.241437e-02
      vertex  5.398555e+00  2.471469e-01  1.378503e-02
      vertex  5.399736e+00  2.459751e-01  1.316442e-02
    endloop
  endfacet
  facet normal  4.860138e-01  4.357522e-01 -7.575689e-01
    outer loop
      vertex  5.398986e+00  2.455077e-01  1.241437e-02
      vertex  5.399736e+00  2.459751e-01  1.316442e-02
      vertex  5.402052e+00  2.448742e-01  1.401728e-02
    endloop
  endfacet
  facet normal  3.720545e-01  6.987307e-01 -6.110243e-01
    outer loop
      vertex  5.400533e+00  2.462475e-01  1.396110e-02
      vertex  5.399736e+00  2.459751e-01  1.316442e-02
      vertex  5.399502e+00  2.474710e-01  1.473268e-02
    endloop
  endfacet
  facet normal  3.721442e-01  6.987112e-01 -6.109923e-01
    outer loop
      vertex  5.399502e+00  2.474710e-01  1.473268e-02
      vertex  5.399736e+00  2.459751e-01  1.316442e-02
      vertex  5.398555e+00  2.471469e-01  1.378503e-02
    endloop
  endfacet
  facet normal  2.560523e-01  8.071097e-01 -5.319879e-01
    outer loop
      vertex  5.399502e+00  2.474710e-01  1.473268e-02
      vertex  5.398555e+00  2.471469e-01  1.378503e-02
      vertex  5.398357e+00  2.484522e-01  1.567035e-02
    endloop
  endfacet
  facet normal  2.560490e-01  8.071102e-01 -5.319887e-01
    outer loop
      vertex  5.398357e+00  2.484522e-01  1.567035e-02
      vertex  5.398555e+00  2.471469e-01  1.378503e-02
      vertex  5.397289e+00  2.480868e-01  1.460161e-02
    endloop
  endfacet
  facet normal  1.038531e-01  9.047058e-01 -4.131851e-01
    outer loop
      vertex  5.398357e+00  2.484522e-01  1.567035e-02
      vertex  5.397289e+00  2.480868e-01  1.460161e-02
      vertex  5.395858e+00  2.492944e-01  1.688616e-02
    endloop
  endfacet
  facet normal  9.802547e-02  0.000000e+00 -9.951839e-01
    outer loop
      vertex  5.395858e+00 -2.397916e-01  1.000000e-02
      vertex  5.395858e+00  2.397916e-01  1.000000e-02
      vertex  5.397809e+00 -2.397916e-01  1.019215e-02
    endloop
  endfacet
  facet normal  9.802547e-02  0.000000e+00 -9.951839e-01
    outer loop
      vertex  5.397809e+00 -2.397916e-01  1.019215e-02
      vertex  5.395858e+00  2.397916e-01  1.000000e-02
      vertex  5.397809e+00  2.397916e-01  1.019215e-02
    endloop
  endfacet
  facet normal  2.902248e-01  0.000000e+00 -9.569585e-01
    outer loop
      vertex  5.397809e+00 -2.397916e-01  1.019215e-02
      vertex  5.397809e+00  2.397916e-01  1.019215e-02
      vertex  5.399685e+00 -2.397916e-01  1.076121e-02
    endloop
  endfacet
  facet normal  2.902248e-01  0.000000e+00 -9.569585e-01
    outer loop
      vertex  5.399685e+00 -2.397916e-01  1.076121e-02
      vertex  5.397809e+00  2.397916e-01  1.019215e-02
      vertex  5.399685e+00  2.397916e-01  1.076121e-02
    endloop
  endfacet
  facet normal  4.714671e-01  0.000000e+00 -8.818836e-01
    outer loop
      vertex  5.399685e+00 -2.397916e-01  1.076121e-02
      vertex  5.399685e+00  2.397916e-01  1.076121e-02
      vertex  5.401413e+00 -2.397916e-01  1.168530e-02
    endloop
  endfacet
  facet normal  4.714671e-01  0.000000e+00 -8.818836e-01
    outer loop
      vertex  5.401413e+00 -2.397916e-01  1.168530e-02
      vertex  5.399685e+00  2.397916e-01  1.076121e-02
      vertex  5.401413e+00  2.397916e-01  1.168530e-02
    endloop
  endfacet
  facet normal  6.343876e-01  0.000000e+00 -7.730151e-01
    outer loop
      vertex  5.401413e+00 -2.397916e-01  1.168530e-02
      vertex  5.401413e+00  2.397916e-01  1.168530e-02
      vertex  5.402929e+00 -2.397916e-01  1.292893e-02
    endloop
  endfacet
  facet normal  6.343876e-01  0.000000e+00 -7.730151e-01
    outer loop
      vertex  5.402929e+00 -2.397916e-01  1.292893e-02
      vertex  5.401413e+00  2.397916e-01  1.168530e-02
      vertex  5.402929e+00  2.397916e-01  1.292893e-02
    endloop
  endfacet
  facet normal  6.340090e-01 -3.454108e-02 -7.725539e-01
    outer loop
      vertex  5.402929e+00 -2.397916e-01  1.292893e-02
      vertex  5.402030e+00 -2.411649e-01  1.225230e-02
      vertex  5.401413e+00 -2.397916e-01  1.168530e-02
    endloop
  endfacet
  facet normal  6.825373e-01 -8.958070e-02 -7.253399e-01
    outer loop
      vertex  5.402929e+00 -2.397916e-01  1.292893e-02
      vertex  5.402854e+00 -2.415595e-01  1.307728e-02
      vertex  5.402030e+00 -2.411649e-01  1.225230e-02
    endloop
  endfacet
  facet normal  2.902245e-01  1.546985e-03 -9.569574e-01
    outer loop
      vertex  5.397809e+00 -2.397916e-01  1.019215e-02
      vertex  5.399685e+00 -2.397916e-01  1.076121e-02
      vertex  5.398408e+00 -2.406909e-01  1.037247e-02
    endloop
  endfacet
  facet normal  6.155024e-01 -2.650400e-01 -7.422335e-01
    outer loop
      vertex  5.402030e+00 -2.411649e-01  1.225230e-02
      vertex  5.402854e+00 -2.415595e-01  1.307728e-02
      vertex  5.402559e+00 -2.432717e-01  1.344392e-02
    endloop
  endfacet
  facet normal  6.615620e-01 -2.361995e-01 -7.117201e-01
    outer loop
      vertex  5.402030e+00 -2.411649e-01  1.225230e-02
      vertex  5.402559e+00 -2.432717e-01  1.344392e-02
      vertex  5.401698e+00 -2.430897e-01  1.258259e-02
    endloop
  endfacet
  facet normal  5.908071e-01 -4.309294e-01 -6.820900e-01
    outer loop
      vertex  5.401698e+00 -2.430897e-01  1.258259e-02
      vertex  5.402559e+00 -2.432717e-01  1.344392e-02
      vertex  5.402052e+00 -2.448742e-01  1.401728e-02
    endloop
  endfacet
  facet normal  5.909770e-01 -4.308285e-01 -6.820066e-01
    outer loop
      vertex  5.401698e+00 -2.430897e-01  1.258259e-02
      vertex  5.402052e+00 -2.448742e-01  1.401728e-02
      vertex  5.400795e+00 -2.446084e-01  1.275935e-02
    endloop
  endfacet
  facet normal  5.098599e-01 -5.825823e-01 -6.329618e-01
    outer loop
      vertex  5.400795e+00 -2.446084e-01  1.275935e-02
      vertex  5.402052e+00 -2.448742e-01  1.401728e-02
      vertex  5.401350e+00 -2.463164e-01  1.477929e-02
    endloop
  endfacet
  facet normal  5.707263e-01 -5.428423e-01 -6.161118e-01
    outer loop
      vertex  5.400795e+00 -2.446084e-01  1.275935e-02
      vertex  5.401350e+00 -2.463164e-01  1.477929e-02
      vertex  5.400533e+00 -2.462475e-01  1.396110e-02
    endloop
  endfacet
  facet normal  4.766514e-01 -5.680156e-01 -6.709410e-01
    outer loop
      vertex  5.399736e+00 -2.459751e-01  1.316442e-02
      vertex  5.400795e+00 -2.446084e-01  1.275935e-02
      vertex  5.400533e+00 -2.462475e-01  1.396110e-02
    endloop
  endfacet
  facet normal  5.900258e-01 -2.343179e-01 -7.726349e-01
    outer loop
      vertex  5.400935e+00 -2.424950e-01  1.181996e-02
      vertex  5.402030e+00 -2.411649e-01  1.225230e-02
      vertex  5.401698e+00 -2.430897e-01  1.258259e-02
    endloop
  endfacet
  facet normal  4.877979e-01 -3.814788e-01 -7.851925e-01
    outer loop
      vertex  5.400935e+00 -2.424950e-01  1.181996e-02
      vertex  5.401698e+00 -2.430897e-01  1.258259e-02
      vertex  5.400795e+00 -2.446084e-01  1.275935e-02
    endloop
  endfacet
  facet normal  4.876929e-01 -3.814968e-01 -7.852489e-01
    outer loop
      vertex  5.400935e+00 -2.424950e-01  1.181996e-02
      vertex  5.400795e+00 -2.446084e-01  1.275935e-02
      vertex  5.399681e+00 -2.437398e-01  1.164556e-02
    endloop
  endfacet
  facet normal  3.703076e-01 -5.157694e-01 -7.725635e-01
    outer loop
      vertex  5.399681e+00 -2.437398e-01  1.164556e-02
      vertex  5.400795e+00 -2.446084e-01  1.275935e-02
      vertex  5.399736e+00 -2.459751e-01  1.316442e-02
    endloop
  endfacet
  facet normal  4.382939e-01 -4.977068e-01 -7.484559e-01
    outer loop
      vertex  5.399681e+00 -2.437398e-01  1.164556e-02
      vertex  5.399736e+00 -2.459751e-01  1.316442e-02
      vertex  5.398986e+00 -2.455077e-01  1.241437e-02
    endloop
  endfacet
  facet normal  4.976667e-01 -1.307553e-01 -8.574560e-01
    outer loop
      vertex  5.401413e+00 -2.397916e-01  1.168530e-02
      vertex  5.402030e+00 -2.411649e-01  1.225230e-02
      vertex  5.400935e+00 -2.424950e-01  1.181996e-02
    endloop
  endfacet
  facet normal  5.740007e-01 -1.417215e-01 -8.064975e-01
    outer loop
      vertex  5.401413e+00 -2.397916e-01  1.168530e-02
      vertex  5.400935e+00 -2.424950e-01  1.181996e-02
      vertex  5.400367e+00 -2.415619e-01  1.125147e-02
    endloop
  endfacet
  facet normal  4.031188e-01 -2.844106e-01 -8.698310e-01
    outer loop
      vertex  5.400367e+00 -2.415619e-01  1.125147e-02
      vertex  5.400935e+00 -2.424950e-01  1.181996e-02
      vertex  5.399681e+00 -2.437398e-01  1.164556e-02
    endloop
  endfacet
  facet normal  4.031002e-01 -2.844065e-01 -8.698409e-01
    outer loop
      vertex  5.400367e+00 -2.415619e-01  1.125147e-02
      vertex  5.399681e+00 -2.437398e-01  1.164556e-02
      vertex  5.398850e+00 -2.423771e-01  1.081531e-02
    endloop
  endfacet
  facet normal  2.559017e-01 -3.845057e-01 -8.869440e-01
    outer loop
      vertex  5.398850e+00 -2.423771e-01  1.081531e-02
      vertex  5.399681e+00 -2.437398e-01  1.164556e-02
      vertex  5.398306e+00 -2.448601e-01  1.173460e-02
    endloop
  endfacet
  facet normal  3.254605e-01 -3.902536e-01 -8.612651e-01
    outer loop
      vertex  5.398850e+00 -2.423771e-01  1.081531e-02
      vertex  5.398306e+00 -2.448601e-01  1.173460e-02
      vertex  5.397718e+00 -2.440526e-01  1.114655e-02
    endloop
  endfacet
  facet normal  1.375146e-01 -5.157272e-01 -8.456448e-01
    outer loop
      vertex  5.397718e+00 -2.440526e-01  1.114655e-02
      vertex  5.398306e+00 -2.448601e-01  1.173460e-02
      vertex  5.396854e+00 -2.458206e-01  1.208426e-02
    endloop
  endfacet
  facet normal -1.098293e-01 -4.233072e-01 -8.993044e-01
    outer loop
      vertex  5.397718e+00 -2.440526e-01  1.114655e-02
      vertex  5.396854e+00 -2.458206e-01  1.208426e-02
      vertex  5.395858e+00 -2.463602e-01  1.245993e-02
    endloop
  endfacet
  facet normal  1.288390e-01 -7.156712e-01 -6.864512e-01
    outer loop
      vertex  5.395858e+00 -2.463602e-01  1.245993e-02
      vertex  5.396854e+00 -2.458206e-01  1.208426e-02
      vertex  5.395858e+00 -2.475988e-01  1.375121e-02
    endloop
  endfacet
  facet normal  2.379981e-01 -3.406832e-01 -9.095559e-01
    outer loop
      vertex  5.397240e+00 -2.431108e-01  1.066876e-02
      vertex  5.398850e+00 -2.423771e-01  1.081531e-02
      vertex  5.397718e+00 -2.440526e-01  1.114655e-02
    endloop
  endfacet
  facet normal  4.705451e-01 -6.250722e-02 -8.801591e-01
    outer loop
      vertex  5.399685e+00 -2.397916e-01  1.076121e-02
      vertex  5.401413e+00 -2.397916e-01  1.168530e-02
      vertex  5.400367e+00 -2.415619e-01  1.125147e-02
    endloop
  endfacet
  facet normal  3.372697e-01 -1.283661e-01 -9.326152e-01
    outer loop
      vertex  5.399685e+00 -2.397916e-01  1.076121e-02
      vertex  5.400367e+00 -2.415619e-01  1.125147e-02
      vertex  5.398850e+00 -2.423771e-01  1.081531e-02
    endloop
  endfacet
  facet normal  3.779387e-01 -1.411233e-01 -9.150118e-01
    outer loop
      vertex  5.399685e+00 -2.397916e-01  1.076121e-02
      vertex  5.398850e+00 -2.423771e-01  1.081531e-02
      vertex  5.398408e+00 -2.406909e-01  1.037247e-02
    endloop
  endfacet
  facet normal  1.809904e-01 -2.051115e-01 -9.618586e-01
    outer loop
      vertex  5.398408e+00 -2.406909e-01  1.037247e-02
      vertex  5.398850e+00 -2.423771e-01  1.081531e-02
      vertex  5.397240e+00 -2.431108e-01  1.066876e-02
    endloop
  endfacet
  facet normal  2.460993e-01 -2.339280e-01 -9.405918e-01
    outer loop
      vertex  5.398408e+00 -2.406909e-01  1.037247e-02
      vertex  5.397240e+00 -2.431108e-01  1.066876e-02
      vertex  5.396888e+00 -2.420643e-01  1.031629e-02
    endloop
  endfacet
  facet normal  2.333581e-01 -4.211261e-01 -8.764684e-01
    outer loop
      vertex  5.396888e+00 -2.420643e-01  1.031629e-02
      vertex  5.395858e+00 -2.449114e-01  1.141004e-02
      vertex  5.395858e+00 -2.432987e-01  1.063515e-02
    endloop
  endfacet
  facet normal  1.973998e-02 -2.654707e-01 -9.639168e-01
    outer loop
      vertex  5.395858e+00 -2.415736e-01  1.016007e-02
      vertex  5.396888e+00 -2.420643e-01  1.031629e-02
      vertex  5.395858e+00 -2.432987e-01  1.063515e-02
    endloop
  endfacet
  facet normal  9.763616e-02 -8.903475e-02 -9.912316e-01
    outer loop
      vertex  5.395858e+00 -2.397916e-01  1.000000e-02
      vertex  5.397809e+00 -2.397916e-01  1.019215e-02
      vertex  5.395858e+00 -2.415736e-01  1.016007e-02
    endloop
  endfacet
  facet normal  1.222948e-01 -1.161273e-01 -9.856766e-01
    outer loop
      vertex  5.395858e+00 -2.415736e-01  1.016007e-02
      vertex  5.397809e+00 -2.397916e-01  1.019215e-02
      vertex  5.398408e+00 -2.406909e-01  1.037247e-02
    endloop
  endfacet
  facet normal  1.109946e-01 -8.234338e-02 -9.904038e-01
    outer loop
      vertex  5.395858e+00 -2.415736e-01  1.016007e-02
      vertex  5.398408e+00 -2.406909e-01  1.037247e-02
      vertex  5.396888e+00 -2.420643e-01  1.031629e-02
    endloop
  endfacet
  facet normal  4.614529e-01 -7.176307e-01 -5.216008e-01
    outer loop
      vertex  5.400533e+00 -2.462475e-01  1.396110e-02
      vertex  5.401350e+00 -2.463164e-01  1.477929e-02
      vertex  5.399502e+00 -2.474710e-01  1.473268e-02
    endloop
  endfacet
  facet normal  4.614026e-01 -7.175434e-01 -5.217654e-01
    outer loop
      vertex  5.399502e+00 -2.474710e-01  1.473268e-02
      vertex  5.401350e+00 -2.463164e-01  1.477929e-02
      vertex  5.400476e+00 -2.475528e-01  1.570592e-02
    endloop
  endfacet
  facet normal  3.591579e-01 -8.288901e-01 -4.288901e-01
    outer loop
      vertex  5.399502e+00 -2.474710e-01  1.473268e-02
      vertex  5.400476e+00 -2.475528e-01  1.570592e-02
      vertex  5.398357e+00 -2.484522e-01  1.567035e-02
    endloop
  endfacet
  facet normal  3.591521e-01 -8.288751e-01 -4.289240e-01
    outer loop
      vertex  5.398357e+00 -2.484522e-01  1.567035e-02
      vertex  5.400476e+00 -2.475528e-01  1.570592e-02
      vertex  5.399455e+00 -2.485446e-01  1.676795e-02
    endloop
  endfacet
  facet normal  2.457044e-01 -9.140759e-01 -3.226372e-01
    outer loop
      vertex  5.398357e+00 -2.484522e-01  1.567035e-02
      vertex  5.399455e+00 -2.485446e-01  1.676795e-02
      vertex  5.397133e+00 -2.491604e-01  1.674455e-02
    endloop
  endfacet
  facet normal  2.457067e-01 -9.140853e-01 -3.226086e-01
    outer loop
      vertex  5.397133e+00 -2.491604e-01  1.674455e-02
      vertex  5.399455e+00 -2.485446e-01  1.676795e-02
      vertex  5.398321e+00 -2.492603e-01  1.793190e-02
    endloop
  endfacet
  facet normal  1.164668e-01 -9.731882e-01 -1.983438e-01
    outer loop
      vertex  5.397133e+00 -2.491604e-01  1.674455e-02
      vertex  5.398321e+00 -2.492603e-01  1.793190e-02
      vertex  5.395858e+00 -2.496972e-01  1.862948e-02
    endloop
  endfacet
  facet normal  1.092718e-01 -9.690917e-01 -2.211807e-01
    outer loop
      vertex  5.395858e+00 -2.496972e-01  1.862948e-02
      vertex  5.398321e+00 -2.492603e-01  1.793190e-02
      vertex  5.397109e+00 -2.496774e-01  1.916105e-02
    endloop
  endfacet
  facet normal  3.609483e-02 -9.982019e-01 -4.785593e-02
    outer loop
      vertex  5.395858e+00 -2.496972e-01  1.862948e-02
      vertex  5.397109e+00 -2.496774e-01  1.916105e-02
      vertex  5.395858e+00 -2.497829e-01  2.041667e-02
    endloop
  endfacet
  facet normal  3.720929e-01 -6.986892e-01 -6.110485e-01
    outer loop
      vertex  5.399736e+00 -2.459751e-01  1.316442e-02
      vertex  5.400533e+00 -2.462475e-01  1.396110e-02
      vertex  5.398555e+00 -2.471469e-01  1.378503e-02
    endloop
  endfacet
  facet normal  3.721119e-01 -6.987460e-01 -6.109719e-01
    outer loop
      vertex  5.398555e+00 -2.471469e-01  1.378503e-02
      vertex  5.400533e+00 -2.462475e-01  1.396110e-02
      vertex  5.399502e+00 -2.474710e-01  1.473268e-02
    endloop
  endfacet
  facet normal  2.560507e-01 -8.071110e-01 -5.319867e-01
    outer loop
      vertex  5.398555e+00 -2.471469e-01  1.378503e-02
      vertex  5.399502e+00 -2.474710e-01  1.473268e-02
      vertex  5.397289e+00 -2.480868e-01  1.460161e-02
    endloop
  endfacet
  facet normal  2.560504e-01 -8.071092e-01 -5.319897e-01
    outer loop
      vertex  5.397289e+00 -2.480868e-01  1.460161e-02
      vertex  5.399502e+00 -2.474710e-01  1.473268e-02
      vertex  5.398357e+00 -2.484522e-01  1.567035e-02
    endloop
  endfacet
  facet normal  1.038530e-01 -9.047058e-01 -4.131851e-01
    outer loop
      vertex  5.397289e+00 -2.480868e-01  1.460161e-02
      vertex  5.398357e+00 -2.484522e-01  1.567035e-02
      vertex  5.395858e+00 -2.492944e-01  1.688616e-02
    endloop
  endfacet
  facet normal  3.103557e-02 -8.503774e-01 -5.252571e-01
    outer loop
      vertex  5.395858e+00 -2.492944e-01  1.688616e-02
      vertex  5.398357e+00 -2.484522e-01  1.567035e-02
      vertex  5.397133e+00 -2.491604e-01  1.674455e-02
    endloop
  endfacet
  facet normal  7.714987e-02 -9.714272e-01 -2.244482e-01
    outer loop
      vertex  5.395858e+00 -2.492944e-01  1.688616e-02
      vertex  5.397133e+00 -2.491604e-01  1.674455e-02
      vertex  5.395858e+00 -2.496972e-01  1.862948e-02
    endloop
  endfacet
  facet normal  2.866140e-01 -6.577941e-01 -6.965338e-01
    outer loop
      vertex  5.398986e+00 -2.455077e-01  1.241437e-02
      vertex  5.399736e+00 -2.459751e-01  1.316442e-02
      vertex  5.397663e+00 -2.465909e-01  1.289284e-02
    endloop
  endfacet
  facet normal  2.866152e-01 -6.578016e-01 -6.965262e-01
    outer loop
      vertex  5.397663e+00 -2.465909e-01  1.289284e-02
      vertex  5.399736e+00 -2.459751e-01  1.316442e-02
      vertex  5.398555e+00 -2.471469e-01  1.378503e-02
    endloop
  endfacet
  facet normal  1.018906e-01 -7.953522e-01 -5.975227e-01
    outer loop
      vertex  5.397663e+00 -2.465909e-01  1.289284e-02
      vertex  5.398555e+00 -2.471469e-01  1.378503e-02
      vertex  5.395858e+00 -2.485874e-01  1.524253e-02
    endloop
  endfacet
  facet normal -2.363656e-01 -4.360462e-01 -8.683289e-01
    outer loop
      vertex  5.395858e+00 -2.485874e-01  1.524253e-02
      vertex  5.398555e+00 -2.471469e-01  1.378503e-02
      vertex  5.397289e+00 -2.480868e-01  1.460161e-02
    endloop
  endfacet
  facet normal  1.429072e-01 -9.091889e-01 -3.910922e-01
    outer loop
      vertex  5.395858e+00 -2.485874e-01  1.524253e-02
      vertex  5.397289e+00 -2.480868e-01  1.460161e-02
      vertex  5.395858e+00 -2.492944e-01  1.688616e-02
    endloop
  endfacet
  facet normal  1.986256e-01 -8.168883e-01 -5.415177e-01
    outer loop
      vertex  5.395858e+00 -2.485874e-01  1.524253e-02
      vertex  5.395858e+00 -2.475988e-01  1.375121e-02
      vertex  5.397663e+00 -2.465909e-01  1.289284e-02
    endloop
  endfacet
  facet normal  4.979613e-02 -6.977702e-01 -7.145887e-01
    outer loop
      vertex  5.397663e+00 -2.465909e-01  1.289284e-02
      vertex  5.395858e+00 -2.475988e-01  1.375121e-02
      vertex  5.396854e+00 -2.458206e-01  1.208426e-02
    endloop
  endfacet
  facet normal  2.075716e-01 -5.961519e-01 -7.755753e-01
    outer loop
      vertex  5.397663e+00 -2.465909e-01  1.289284e-02
      vertex  5.396854e+00 -2.458206e-01  1.208426e-02
      vertex  5.398986e+00 -2.455077e-01  1.241437e-02
    endloop
  endfacet
  facet normal  2.075709e-01 -5.961286e-01 -7.755935e-01
    outer loop
      vertex  5.398986e+00 -2.455077e-01  1.241437e-02
      vertex  5.396854e+00 -2.458206e-01  1.208426e-02
      vertex  5.398306e+00 -2.448601e-01  1.173460e-02
    endloop
  endfacet
  facet normal  3.428475e-01 -4.846617e-01 -8.047102e-01
    outer loop
      vertex  5.398986e+00 -2.455077e-01  1.241437e-02
      vertex  5.398306e+00 -2.448601e-01  1.173460e-02
      vertex  5.399681e+00 -2.437398e-01  1.164556e-02
    endloop
  endfacet
  facet normal -4.155092e-02 -4.687097e-01 -8.823745e-01
    outer loop
      vertex  5.397718e+00 -2.440526e-01  1.114655e-02
      vertex  5.395858e+00 -2.463602e-01  1.245993e-02
      vertex  5.397240e+00 -2.431108e-01  1.066876e-02
    endloop
  endfacet
  facet normal  3.134549e-01 -5.572050e-01 -7.689399e-01
    outer loop
      vertex  5.397240e+00 -2.431108e-01  1.066876e-02
      vertex  5.395858e+00 -2.463602e-01  1.245993e-02
      vertex  5.395858e+00 -2.449114e-01  1.141004e-02
    endloop
  endfacet
  facet normal -6.367015e-02 -3.377291e-01 -9.390875e-01
    outer loop
      vertex  5.397240e+00 -2.431108e-01  1.066876e-02
      vertex  5.395858e+00 -2.449114e-01  1.141004e-02
      vertex  5.396888e+00 -2.420643e-01  1.031629e-02
    endloop
  endfacet
  facet normal -5.286044e-02  0.000000e+00 -9.986020e-01
    outer loop
      vertex  1.500000e+00  2.397916e-01  1.000000e-02
      vertex  1.500000e+00 -2.397916e-01  1.000000e-02
      vertex  1.018851e+00  2.397916e-01  3.546937e-02
    endloop
  endfacet
  facet normal -5.286044e-02  -0.000000e+00 -9.986020e-01
    outer loop
      vertex  1.018851e+00  2.397916e-01  3.546937e-02
      vertex  1.500000e+00 -2.397916e-01  1.000000e-02
      vertex  1.018851e+00 -2.397916e-01  3.546937e-02
    endloop
  endfacet
  facet normal -1.579905e-01  0.000000e+00 -9.874406e-01
    outer loop
      vertex  1.018851e+00  2.397916e-01  3.546937e-02
      vertex  1.018851e+00 -2.397916e-01  3.546937e-02
      vertex  5.430792e-01  2.397916e-01  1.115928e-01
    endloop
  endfacet
  facet normal -1.579905e-01  -0.000000e+00 -9.874406e-01
    outer loop
      vertex  5.430792e-01  2.397916e-01  1.115928e-01
      vertex  1.018851e+00 -2.397916e-01  3.546937e-02
      vertex  5.430792e-01 -2.397916e-01  1.115928e-01
    endloop
  endfacet
  facet normal -2.613547e-01  0.000000e+00 -9.652428e-01
    outer loop
      vertex  5.430792e-01  2.397916e-01  1.115928e-01
      vertex  5.430792e-01 -2.397916e-01  1.115928e-01
      vertex  7.800312e-02  2.397916e-01  2.375195e-01
    endloop
  endfacet
  facet normal -2.613547e-01  -0.000000e+00 -9.652428e-01
    outer loop
      vertex  7.800312e-02  2.397916e-01  2.375195e-01
      vertex  5.430792e-01 -2.397916e-01  1.115928e-01
      vertex  7.800312e-02 -2.397916e-01  2.375195e-01
    endloop
  endfacet
  facet normal -5.285671e-02  0.000000e+00  9.986022e-01
    outer loop
      vertex  1.500000e+00 -2.397916e-01 -1.000012e-02
      vertex  1.500000e+00  2.397916e-01 -1.000012e-02
      vertex  1.018851e+00 -2.397917e-01 -3.546768e-02
    endloop
  endfacet
  facet normal -3.964573e-02 -1.328192e-02  9.991256e-01
    outer loop
      vertex  1.018851e+00 -2.397917e-01 -3.546768e-02
      vertex  1.500000e+00  2.397916e-01 -1.000012e-02
      vertex  1.138843e+00  2.397915e-01 -2.433096e-02
    endloop
  endfacet
  facet normal -1.579687e-01  1.659721e-02  9.873046e-01
    outer loop
      vertex  1.018851e+00 -2.397917e-01 -3.546768e-02
      vertex  1.138843e+00  2.397915e-01 -2.433096e-02
      vertex  5.430795e-01 -2.397917e-01 -1.115910e-01
    endloop
  endfacet
  facet normal -1.186441e-01 -3.317783e-02  9.923824e-01
    outer loop
      vertex  5.430795e-01 -2.397917e-01 -1.115910e-01
      vertex  1.138843e+00  2.397915e-01 -2.433096e-02
      vertex  7.799584e-01  2.397915e-01 -6.723738e-02
    endloop
  endfacet
  facet normal -1.970185e-01  6.643705e-03  9.803772e-01
    outer loop
      vertex  5.430795e-01 -2.397917e-01 -1.115910e-01
      vertex  7.799584e-01  2.397915e-01 -6.723738e-02
      vertex  4.256023e-01  2.397915e-01 -1.384495e-01
    endloop
  endfacet
  facet normal -2.740726e-01 -1.328185e-02  9.616174e-01
    outer loop
      vertex  4.256023e-01  2.397915e-01 -1.384495e-01
      vertex  7.800397e-02  2.397915e-01 -2.375192e-01
      vertex  5.430795e-01 -2.397917e-01 -1.115910e-01
    endloop
  endfacet
  facet normal -2.613579e-01  0.000000e+00  9.652420e-01
    outer loop
      vertex  5.430795e-01 -2.397917e-01 -1.115910e-01
      vertex  7.800397e-02  2.397915e-01 -2.375192e-01
      vertex  7.800397e-02 -2.397917e-01 -2.375192e-01
    endloop
  endfacet
  facet normal  2.886249e-02  9.892117e-01 -1.436217e-01
    outer loop
      vertex  4.280580e-01  2.497828e-01 -1.485725e-01
      vertex  7.816042e-01  2.497828e-01 -7.752322e-02
      vertex  5.551904e-01  2.432549e-01 -1.679854e-01
    endloop
  endfacet
  facet normal  1.739011e-02  9.892118e-01 -1.454573e-01
    outer loop
      vertex  7.816042e-01  2.497828e-01 -7.752322e-02
      vertex  1.139669e+00  2.497828e-01 -3.471488e-02
      vertex  1.024940e+00  2.432549e-01 -9.282546e-02
    endloop
  endfacet
  facet normal  3.753085e-02  9.905815e-01 -1.316803e-01
    outer loop
      vertex  4.280580e-01  2.497828e-01 -1.485725e-01
      vertex  9.600114e-02  2.432550e-01 -2.923199e-01
      vertex  8.125417e-02  2.497829e-01 -2.474160e-01
    endloop
  endfacet
  facet normal  5.261602e-02  9.529204e-02 -9.940578e-01
    outer loop
      vertex  1.500000e+00  1.530809e-17 -2.600000e-01
      vertex  1.044763e+00  4.749437e-02 -2.795430e-01
      vertex  1.500000e+00  4.749449e-02 -2.554471e-01
    endloop
  endfacet
  facet normal  5.070454e-02  2.824340e-01 -9.579458e-01
    outer loop
      vertex  1.500000e+00  4.749449e-02 -2.554471e-01
      vertex  1.044763e+00  4.749437e-02 -2.795430e-01
      vertex  1.043339e+00  9.325895e-02 -2.661255e-01
    endloop
  endfacet
  facet normal  5.070451e-02  2.824338e-01 -9.579458e-01
    outer loop
      vertex  1.500000e+00  4.749449e-02 -2.554471e-01
      vertex  1.043339e+00  9.325895e-02 -2.661255e-01
      vertex  1.500000e+00  9.325907e-02 -2.419542e-01
    endloop
  endfacet
  facet normal  4.694964e-02  4.593633e-01 -8.870069e-01
    outer loop
      vertex  1.500000e+00  9.325907e-02 -2.419542e-01
      vertex  1.043339e+00  9.325895e-02 -2.661255e-01
      vertex  1.041022e+00  1.356267e-01 -2.443067e-01
    endloop
  endfacet
  facet normal  4.694964e-02  4.593633e-01 -8.870068e-01
    outer loop
      vertex  1.500000e+00  9.325907e-02 -2.419542e-01
      vertex  1.041022e+00  1.356267e-01 -2.443067e-01
      vertex  1.500000e+00  1.356269e-01 -2.200128e-01
    endloop
  endfacet
  facet normal  4.148544e-02  6.196590e-01 -7.837740e-01
    outer loop
      vertex  1.500000e+00  1.356269e-01 -2.200128e-01
      vertex  1.041022e+00  1.356267e-01 -2.443067e-01
      vertex  1.037898e+00  1.730545e-01 -2.148813e-01
    endloop
  endfacet
  facet normal  4.148547e-02  6.196594e-01 -7.837738e-01
    outer loop
      vertex  1.500000e+00  1.356269e-01 -2.200128e-01
      vertex  1.037898e+00  1.730545e-01 -2.148813e-01
      vertex  1.500000e+00  1.730547e-01 -1.904220e-01
    endloop
  endfacet
  facet normal  3.450801e-02  7.574748e-01 -6.519518e-01
    outer loop
      vertex  1.500000e+00  1.730547e-01 -1.904220e-01
      vertex  1.037898e+00  1.730545e-01 -2.148813e-01
      vertex  1.034081e+00  2.041791e-01 -1.789210e-01
    endloop
  endfacet
  facet normal  3.450802e-02  7.574749e-01 -6.519516e-01
    outer loop
      vertex  1.500000e+00  1.730547e-01 -1.904220e-01
      vertex  1.034081e+00  2.041791e-01 -1.789210e-01
      vertex  1.500000e+00  2.041793e-01 -1.542596e-01
    endloop
  endfacet
  facet normal  2.626922e-02  8.677540e-01 -4.962992e-01
    outer loop
      vertex  1.500000e+00  2.041793e-01 -1.542596e-01
      vertex  1.034081e+00  2.041791e-01 -1.789210e-01
      vertex  1.029708e+00  2.278668e-01 -1.377357e-01
    endloop
  endfacet
  facet normal  2.626922e-02  8.677541e-01 -4.962991e-01
    outer loop
      vertex  1.500000e+00  2.041793e-01 -1.542596e-01
      vertex  1.029708e+00  2.278668e-01 -1.377357e-01
      vertex  1.500000e+00  2.278670e-01 -1.128428e-01
    endloop
  endfacet
  facet normal  1.706837e-02  9.464254e-01 -3.224710e-01
    outer loop
      vertex  1.500000e+00  2.278670e-01 -1.128428e-01
      vertex  1.029708e+00  2.278668e-01 -1.377357e-01
      vertex  1.024940e+00  2.432549e-01 -9.282546e-02
    endloop
  endfacet
  facet normal  1.706837e-02  9.464255e-01 -3.224709e-01
    outer loop
      vertex  1.500000e+00  2.278670e-01 -1.128428e-01
      vertex  1.024940e+00  2.432549e-01 -9.282546e-02
      vertex  1.500000e+00  2.432550e-01 -6.768021e-02
    endloop
  endfacet
  facet normal  6.587826e-03  9.922020e-01 -1.244661e-01
    outer loop
      vertex  1.500000e+00  2.432550e-01 -6.768021e-02
      vertex  1.024940e+00  2.432549e-01 -9.282546e-02
      vertex  1.139669e+00  2.497828e-01 -3.471488e-02
    endloop
  endfacet
  facet normal  5.428634e-03  9.905817e-01 -1.368159e-01
    outer loop
      vertex  1.500000e+00  2.432550e-01 -6.768021e-02
      vertex  1.139669e+00  2.497828e-01 -3.471488e-02
      vertex  1.500000e+00  2.497829e-01 -2.041667e-02
    endloop
  endfacet
  facet normal  5.261600e-02  9.529187e-02 -9.940579e-01
    outer loop
      vertex  1.044763e+00  4.749437e-02 -2.795430e-01
      vertex  1.500000e+00  1.530809e-17 -2.600000e-01
      vertex  1.045244e+00 -1.155584e-07 -2.840705e-01
    endloop
  endfacet
  facet normal  5.261604e-02 -9.529203e-02 -9.940578e-01
    outer loop
      vertex  1.045244e+00 -1.155584e-07 -2.840705e-01
      vertex  1.500000e+00  1.530809e-17 -2.600000e-01
      vertex  1.500000e+00 -4.749449e-02 -2.554471e-01
    endloop
  endfacet
  facet normal  5.261606e-02 -9.529182e-02 -9.940578e-01
    outer loop
      vertex  1.045244e+00 -1.155584e-07 -2.840705e-01
      vertex  1.500000e+00 -4.749449e-02 -2.554471e-01
      vertex  1.044763e+00 -4.749461e-02 -2.795430e-01
    endloop
  endfacet
  facet normal  5.070468e-02 -2.824338e-01 -9.579458e-01
    outer loop
      vertex  1.044763e+00 -4.749461e-02 -2.795430e-01
      vertex  1.500000e+00 -4.749449e-02 -2.554471e-01
      vertex  1.500000e+00 -9.325907e-02 -2.419542e-01
    endloop
  endfacet
  facet normal  5.070465e-02 -2.824340e-01 -9.579457e-01
    outer loop
      vertex  1.044763e+00 -4.749461e-02 -2.795430e-01
      vertex  1.500000e+00 -9.325907e-02 -2.419542e-01
      vertex  1.043339e+00 -9.325919e-02 -2.661255e-01
    endloop
  endfacet
  facet normal  4.694986e-02 -4.593634e-01 -8.870067e-01
    outer loop
      vertex  1.043339e+00 -9.325919e-02 -2.661255e-01
      vertex  1.500000e+00 -9.325907e-02 -2.419542e-01
      vertex  1.500000e+00 -1.356269e-01 -2.200128e-01
    endloop
  endfacet
  facet normal  4.694989e-02 -4.593631e-01 -8.870068e-01
    outer loop
      vertex  1.043339e+00 -9.325919e-02 -2.661255e-01
      vertex  1.500000e+00 -1.356269e-01 -2.200128e-01
      vertex  1.041022e+00 -1.356270e-01 -2.443067e-01
    endloop
  endfacet
  facet normal  4.148574e-02 -6.196593e-01 -7.837737e-01
    outer loop
      vertex  1.041022e+00 -1.356270e-01 -2.443067e-01
      vertex  1.500000e+00 -1.356269e-01 -2.200128e-01
      vertex  1.500000e+00 -1.730547e-01 -1.904220e-01
    endloop
  endfacet
  facet normal  4.148574e-02 -6.196594e-01 -7.837738e-01
    outer loop
      vertex  1.041022e+00 -1.356270e-01 -2.443067e-01
      vertex  1.500000e+00 -1.730547e-01 -1.904220e-01
      vertex  1.037898e+00 -1.730548e-01 -2.148813e-01
    endloop
  endfacet
  facet normal  3.450835e-02 -7.574750e-01 -6.519516e-01
    outer loop
      vertex  1.037898e+00 -1.730548e-01 -2.148813e-01
      vertex  1.500000e+00 -1.730547e-01 -1.904220e-01
      vertex  1.500000e+00 -2.041793e-01 -1.542596e-01
    endloop
  endfacet
  facet normal  3.450838e-02 -7.574748e-01 -6.519517e-01
    outer loop
      vertex  1.037898e+00 -1.730548e-01 -2.148813e-01
      vertex  1.500000e+00 -2.041793e-01 -1.542596e-01
      vertex  1.034081e+00 -2.041794e-01 -1.789210e-01
    endloop
  endfacet
  facet normal  2.626961e-02 -8.677541e-01 -4.962991e-01
    outer loop
      vertex  1.034081e+00 -2.041794e-01 -1.789210e-01
      vertex  1.500000e+00 -2.041793e-01 -1.542596e-01
      vertex  1.500000e+00 -2.278670e-01 -1.128428e-01
    endloop
  endfacet
  facet normal  2.626962e-02 -8.677540e-01 -4.962992e-01
    outer loop
      vertex  1.034081e+00 -2.041794e-01 -1.789210e-01
      vertex  1.500000e+00 -2.278670e-01 -1.128428e-01
      vertex  1.029708e+00 -2.278671e-01 -1.377357e-01
    endloop
  endfacet
  facet normal  1.706880e-02 -9.464254e-01 -3.224709e-01
    outer loop
      vertex  1.029708e+00 -2.278671e-01 -1.377357e-01
      vertex  1.500000e+00 -2.278670e-01 -1.128428e-01
      vertex  1.500000e+00 -2.432550e-01 -6.768021e-02
    endloop
  endfacet
  facet normal  1.706881e-02 -9.464255e-01 -3.224710e-01
    outer loop
      vertex  1.029708e+00 -2.278671e-01 -1.377357e-01
      vertex  1.500000e+00 -2.432550e-01 -6.768021e-02
      vertex  1.024940e+00 -2.432551e-01 -9.282544e-02
    endloop
  endfacet
  facet normal  7.241887e-03 -9.905702e-01 -1.368143e-01
    outer loop
      vertex  1.024940e+00 -2.432551e-01 -9.282544e-02
      vertex  1.500000e+00 -2.432550e-01 -6.768021e-02
      vertex  1.500000e+00 -2.497829e-01 -2.041667e-02
    endloop
  endfacet
  facet normal  7.241949e-03 -9.905702e-01 -1.368147e-01
    outer loop
      vertex  1.024940e+00 -2.432551e-01 -9.282544e-02
      vertex  1.500000e+00 -2.497829e-01 -2.041667e-02
      vertex  1.019951e+00 -2.497830e-01 -4.582614e-02
    endloop
  endfacet
  facet normal  3.257597e-02  9.922019e-01 -1.203080e-01
    outer loop
      vertex  4.280580e-01  2.497828e-01 -1.485725e-01
      vertex  5.551904e-01  2.432549e-01 -1.679854e-01
      vertex  9.600114e-02  2.432550e-01 -2.923199e-01
    endloop
  endfacet
  facet normal  8.439861e-02  9.464254e-01 -3.116982e-01
    outer loop
      vertex  9.600114e-02  2.432550e-01 -2.923199e-01
      vertex  5.551904e-01  2.432549e-01 -1.679854e-01
      vertex  5.646731e-01  2.278668e-01 -2.121412e-01
    endloop
  endfacet
  facet normal  8.439866e-02  9.464254e-01 -3.116984e-01
    outer loop
      vertex  9.600114e-02  2.432550e-01 -2.923199e-01
      vertex  5.646731e-01  2.278668e-01 -2.121412e-01
      vertex  1.100926e-01  2.278669e-01 -3.352279e-01
    endloop
  endfacet
  facet normal  1.298936e-01  8.677540e-01 -4.797193e-01
    outer loop
      vertex  1.100926e-01  2.278669e-01 -3.352279e-01
      vertex  5.646731e-01  2.278668e-01 -2.121412e-01
      vertex  5.733693e-01  2.041791e-01 -2.526348e-01
    endloop
  endfacet
  facet normal  1.298936e-01  8.677539e-01 -4.797195e-01
    outer loop
      vertex  1.100926e-01  2.278669e-01 -3.352279e-01
      vertex  5.733693e-01  2.041791e-01 -2.526348e-01
      vertex  1.230153e-01  2.041792e-01 -3.745770e-01
    endloop
  endfacet
  facet normal  1.706316e-01  7.574748e-01 -6.301720e-01
    outer loop
      vertex  1.230153e-01  2.041792e-01 -3.745770e-01
      vertex  5.733693e-01  2.041791e-01 -2.526348e-01
      vertex  5.809622e-01  1.730545e-01 -2.879910e-01
    endloop
  endfacet
  facet normal  1.706316e-01  7.574750e-01 -6.301717e-01
    outer loop
      vertex  1.230153e-01  2.041792e-01 -3.745770e-01
      vertex  5.809622e-01  1.730545e-01 -2.879910e-01
      vertex  1.342985e-01  1.730546e-01 -4.089340e-01
    endloop
  endfacet
  facet normal  2.051326e-01  6.196592e-01 -7.575904e-01
    outer loop
      vertex  1.342985e-01  1.730546e-01 -4.089340e-01
      vertex  5.809622e-01  1.730545e-01 -2.879910e-01
      vertex  5.871754e-01  1.356267e-01 -3.169222e-01
    endloop
  endfacet
  facet normal  2.051326e-01  6.196589e-01 -7.575906e-01
    outer loop
      vertex  1.342985e-01  1.730546e-01 -4.089340e-01
      vertex  5.871754e-01  1.356267e-01 -3.169222e-01
      vertex  1.435313e-01  1.356268e-01 -4.370475e-01
    endloop
  endfacet
  facet normal  2.321512e-01  4.593631e-01 -8.573747e-01
    outer loop
      vertex  1.435313e-01  1.356268e-01 -4.370475e-01
      vertex  5.871754e-01  1.356267e-01 -3.169222e-01
      vertex  5.917824e-01  9.325895e-02 -3.383745e-01
    endloop
  endfacet
  facet normal  2.321512e-01  4.593632e-01 -8.573747e-01
    outer loop
      vertex  1.435313e-01  1.356268e-01 -4.370475e-01
      vertex  5.917824e-01  9.325895e-02 -3.383745e-01
      vertex  1.503774e-01  9.325906e-02 -4.578936e-01
    endloop
  endfacet
  facet normal  2.507176e-01  2.824336e-01 -9.259438e-01
    outer loop
      vertex  1.503774e-01  9.325906e-02 -4.578936e-01
      vertex  5.917824e-01  9.325895e-02 -3.383745e-01
      vertex  5.946155e-01  4.749437e-02 -3.515666e-01
    endloop
  endfacet
  facet normal  2.507176e-01  2.824339e-01 -9.259438e-01
    outer loop
      vertex  1.503774e-01  9.325906e-02 -4.578936e-01
      vertex  5.946155e-01  4.749437e-02 -3.515666e-01
      vertex  1.545874e-01  4.749449e-02 -4.707128e-01
    endloop
  endfacet
  facet normal  2.601689e-01  9.529214e-02 -9.608493e-01
    outer loop
      vertex  1.545874e-01  4.749449e-02 -4.707128e-01
      vertex  5.946155e-01  4.749437e-02 -3.515666e-01
      vertex  5.955714e-01 -1.155584e-07 -3.560180e-01
    endloop
  endfacet
  facet normal  2.601689e-01  9.529191e-02 -9.608494e-01
    outer loop
      vertex  1.545874e-01  4.749449e-02 -4.707128e-01
      vertex  5.955714e-01 -1.155584e-07 -3.560180e-01
      vertex  1.560079e-01  9.424989e-09 -4.750384e-01
    endloop
  endfacet
  facet normal  2.601688e-01 -9.529222e-02 -9.608494e-01
    outer loop
      vertex  1.560079e-01  9.424989e-09 -4.750384e-01
      vertex  5.955714e-01 -1.155584e-07 -3.560180e-01
      vertex  5.946155e-01 -4.749461e-02 -3.515666e-01
    endloop
  endfacet
  facet normal  2.601688e-01 -9.529199e-02 -9.608495e-01
    outer loop
      vertex  1.560079e-01  9.424989e-09 -4.750384e-01
      vertex  5.946155e-01 -4.749461e-02 -3.515666e-01
      vertex  1.545874e-01 -4.749447e-02 -4.707128e-01
    endloop
  endfacet
  facet normal  2.507174e-01 -2.824337e-01 -9.259438e-01
    outer loop
      vertex  1.545874e-01 -4.749447e-02 -4.707128e-01
      vertex  5.946155e-01 -4.749461e-02 -3.515666e-01
      vertex  5.917824e-01 -9.325919e-02 -3.383745e-01
    endloop
  endfacet
  facet normal  2.507174e-01 -2.824339e-01 -9.259438e-01
    outer loop
      vertex  1.545874e-01 -4.749447e-02 -4.707128e-01
      vertex  5.917824e-01 -9.325919e-02 -3.383745e-01
      vertex  1.503774e-01 -9.325904e-02 -4.578936e-01
    endloop
  endfacet
  facet normal  2.321509e-01 -4.593635e-01 -8.573746e-01
    outer loop
      vertex  1.503774e-01 -9.325904e-02 -4.578936e-01
      vertex  5.917824e-01 -9.325919e-02 -3.383745e-01
      vertex  5.871754e-01 -1.356270e-01 -3.169221e-01
    endloop
  endfacet
  facet normal  2.321510e-01 -4.593630e-01 -8.573748e-01
    outer loop
      vertex  1.503774e-01 -9.325904e-02 -4.578936e-01
      vertex  5.871754e-01 -1.356270e-01 -3.169221e-01
      vertex  1.435313e-01 -1.356268e-01 -4.370475e-01
    endloop
  endfacet
  facet normal  2.051324e-01 -6.196590e-01 -7.575905e-01
    outer loop
      vertex  1.435313e-01 -1.356268e-01 -4.370475e-01
      vertex  5.871754e-01 -1.356270e-01 -3.169221e-01
      vertex  5.809622e-01 -1.730548e-01 -2.879910e-01
    endloop
  endfacet
  facet normal  2.051324e-01 -6.196589e-01 -7.575907e-01
    outer loop
      vertex  1.435313e-01 -1.356268e-01 -4.370475e-01
      vertex  5.809622e-01 -1.730548e-01 -2.879910e-01
      vertex  1.342985e-01 -1.730546e-01 -4.089340e-01
    endloop
  endfacet
  facet normal  1.706312e-01 -7.574751e-01 -6.301718e-01
    outer loop
      vertex  1.342985e-01 -1.730546e-01 -4.089340e-01
      vertex  5.809622e-01 -1.730548e-01 -2.879910e-01
      vertex  5.733693e-01 -2.041794e-01 -2.526347e-01
    endloop
  endfacet
  facet normal  1.706313e-01 -7.574747e-01 -6.301723e-01
    outer loop
      vertex  1.342985e-01 -1.730546e-01 -4.089340e-01
      vertex  5.733693e-01 -2.041794e-01 -2.526347e-01
      vertex  1.230153e-01 -2.041792e-01 -3.745770e-01
    endloop
  endfacet
  facet normal  1.298932e-01 -8.677540e-01 -4.797194e-01
    outer loop
      vertex  1.230153e-01 -2.041792e-01 -3.745770e-01
      vertex  5.733693e-01 -2.041794e-01 -2.526347e-01
      vertex  5.646731e-01 -2.278671e-01 -2.121412e-01
    endloop
  endfacet
  facet normal  1.298933e-01 -8.677539e-01 -4.797197e-01
    outer loop
      vertex  1.230153e-01 -2.041792e-01 -3.745770e-01
      vertex  5.646731e-01 -2.278671e-01 -2.121412e-01
      vertex  1.100926e-01 -2.278669e-01 -3.352279e-01
    endloop
  endfacet
  facet normal  8.439817e-02 -9.464255e-01 -3.116983e-01
    outer loop
      vertex  1.100926e-01 -2.278669e-01 -3.352279e-01
      vertex  5.646731e-01 -2.278671e-01 -2.121412e-01
      vertex  5.551904e-01 -2.432551e-01 -1.679853e-01
    endloop
  endfacet
  facet normal  8.439829e-02 -9.464254e-01 -3.116986e-01
    outer loop
      vertex  1.100926e-01 -2.278669e-01 -3.352279e-01
      vertex  5.551904e-01 -2.432551e-01 -1.679853e-01
      vertex  9.600115e-02 -2.432550e-01 -2.923200e-01
    endloop
  endfacet
  facet normal  3.580745e-02 -9.905702e-01 -1.322442e-01
    outer loop
      vertex  9.600115e-02 -2.432550e-01 -2.923200e-01
      vertex  5.551904e-01 -2.432551e-01 -1.679853e-01
      vertex  5.452666e-01 -2.497830e-01 -1.217755e-01
    endloop
  endfacet
  facet normal  3.580756e-02 -9.905702e-01 -1.322445e-01
    outer loop
      vertex  9.600115e-02 -2.432550e-01 -2.923200e-01
      vertex  5.452666e-01 -2.497830e-01 -1.217755e-01
      vertex  8.125418e-02 -2.497829e-01 -2.474160e-01
    endloop
  endfacet
  facet normal  1.911623e-02  9.926530e-01 -1.194765e-01
    outer loop
      vertex  7.816042e-01  2.497828e-01 -7.752322e-02
      vertex  1.024940e+00  2.432549e-01 -9.282546e-02
      vertex  5.551904e-01  2.432549e-01 -1.679854e-01
    endloop
  endfacet
  facet normal  5.101864e-02  9.464254e-01 -3.188667e-01
    outer loop
      vertex  5.551904e-01  2.432549e-01 -1.679854e-01
      vertex  1.024940e+00  2.432549e-01 -9.282546e-02
      vertex  1.029708e+00  2.278668e-01 -1.377357e-01
    endloop
  endfacet
  facet normal  5.101864e-02  9.464254e-01 -3.188667e-01
    outer loop
      vertex  5.551904e-01  2.432549e-01 -1.679854e-01
      vertex  1.029708e+00  2.278668e-01 -1.377357e-01
      vertex  5.646731e-01  2.278668e-01 -2.121412e-01
    endloop
  endfacet
  facet normal  7.852025e-02  8.677540e-01 -4.907519e-01
    outer loop
      vertex  5.646731e-01  2.278668e-01 -2.121412e-01
      vertex  1.029708e+00  2.278668e-01 -1.377357e-01
      vertex  1.034081e+00  2.041791e-01 -1.789210e-01
    endloop
  endfacet
  facet normal  7.852026e-02  8.677540e-01 -4.907520e-01
    outer loop
      vertex  5.646731e-01  2.278668e-01 -2.121412e-01
      vertex  1.034081e+00  2.041791e-01 -1.789210e-01
      vertex  5.733693e-01  2.041791e-01 -2.526348e-01
    endloop
  endfacet
  facet normal  1.031463e-01  7.574747e-01 -6.446648e-01
    outer loop
      vertex  5.733693e-01  2.041791e-01 -2.526348e-01
      vertex  1.034081e+00  2.041791e-01 -1.789210e-01
      vertex  1.037898e+00  1.730545e-01 -2.148813e-01
    endloop
  endfacet
  facet normal  1.031463e-01  7.574748e-01 -6.446649e-01
    outer loop
      vertex  5.733693e-01  2.041791e-01 -2.526348e-01
      vertex  1.037898e+00  1.730545e-01 -2.148813e-01
      vertex  5.809622e-01  1.730545e-01 -2.879910e-01
    endloop
  endfacet
  facet normal  1.240021e-01  6.196589e-01 -7.750137e-01
    outer loop
      vertex  5.809622e-01  1.730545e-01 -2.879910e-01
      vertex  1.037898e+00  1.730545e-01 -2.148813e-01
      vertex  1.041022e+00  1.356267e-01 -2.443067e-01
    endloop
  endfacet
  facet normal  1.240021e-01  6.196592e-01 -7.750135e-01
    outer loop
      vertex  5.809622e-01  1.730545e-01 -2.879910e-01
      vertex  1.041022e+00  1.356267e-01 -2.443067e-01
      vertex  5.871754e-01  1.356267e-01 -3.169222e-01
    endloop
  endfacet
  facet normal  1.403348e-01  4.593634e-01 -8.770927e-01
    outer loop
      vertex  5.871754e-01  1.356267e-01 -3.169222e-01
      vertex  1.041022e+00  1.356267e-01 -2.443067e-01
      vertex  1.043339e+00  9.325895e-02 -2.661255e-01
    endloop
  endfacet
  facet normal  1.403348e-01  4.593630e-01 -8.770928e-01
    outer loop
      vertex  5.871754e-01  1.356267e-01 -3.169222e-01
      vertex  1.043339e+00  9.325895e-02 -2.661255e-01
      vertex  5.917824e-01  9.325895e-02 -3.383745e-01
    endloop
  endfacet
  facet normal  1.515581e-01  2.824339e-01 -9.472387e-01
    outer loop
      vertex  5.917824e-01  9.325895e-02 -3.383745e-01
      vertex  1.043339e+00  9.325895e-02 -2.661255e-01
      vertex  1.044763e+00  4.749437e-02 -2.795430e-01
    endloop
  endfacet
  facet normal  1.515581e-01  2.824337e-01 -9.472388e-01
    outer loop
      vertex  5.917824e-01  9.325895e-02 -3.383745e-01
      vertex  1.044763e+00  4.749437e-02 -2.795430e-01
      vertex  5.946155e-01  4.749437e-02 -3.515666e-01
    endloop
  endfacet
  facet normal  1.572714e-01  9.529181e-02 -9.829473e-01
    outer loop
      vertex  5.946155e-01  4.749437e-02 -3.515666e-01
      vertex  1.044763e+00  4.749437e-02 -2.795430e-01
      vertex  1.045244e+00 -1.155584e-07 -2.840705e-01
    endloop
  endfacet
  facet normal  1.572714e-01  9.529230e-02 -9.829471e-01
    outer loop
      vertex  5.946155e-01  4.749437e-02 -3.515666e-01
      vertex  1.045244e+00 -1.155584e-07 -2.840705e-01
      vertex  5.955714e-01 -1.155584e-07 -3.560180e-01
    endloop
  endfacet
  facet normal  1.572714e-01 -9.529196e-02 -9.829471e-01
    outer loop
      vertex  5.955714e-01 -1.155584e-07 -3.560180e-01
      vertex  1.045244e+00 -1.155584e-07 -2.840705e-01
      vertex  1.044763e+00 -4.749461e-02 -2.795430e-01
    endloop
  endfacet
  facet normal  1.572714e-01 -9.529240e-02 -9.829472e-01
    outer loop
      vertex  5.955714e-01 -1.155584e-07 -3.560180e-01
      vertex  1.044763e+00 -4.749461e-02 -2.795430e-01
      vertex  5.946155e-01 -4.749461e-02 -3.515666e-01
    endloop
  endfacet
  facet normal  1.515581e-01 -2.824339e-01 -9.472387e-01
    outer loop
      vertex  5.946155e-01 -4.749461e-02 -3.515666e-01
      vertex  1.044763e+00 -4.749461e-02 -2.795430e-01
      vertex  1.043339e+00 -9.325919e-02 -2.661255e-01
    endloop
  endfacet
  facet normal  1.515581e-01 -2.824337e-01 -9.472388e-01
    outer loop
      vertex  5.946155e-01 -4.749461e-02 -3.515666e-01
      vertex  1.043339e+00 -9.325919e-02 -2.661255e-01
      vertex  5.917824e-01 -9.325919e-02 -3.383745e-01
    endloop
  endfacet
  facet normal  1.403347e-01 -4.593632e-01 -8.770927e-01
    outer loop
      vertex  5.917824e-01 -9.325919e-02 -3.383745e-01
      vertex  1.043339e+00 -9.325919e-02 -2.661255e-01
      vertex  1.041022e+00 -1.356270e-01 -2.443067e-01
    endloop
  endfacet
  facet normal  1.403347e-01 -4.593634e-01 -8.770927e-01
    outer loop
      vertex  5.917824e-01 -9.325919e-02 -3.383745e-01
      vertex  1.041022e+00 -1.356270e-01 -2.443067e-01
      vertex  5.871754e-01 -1.356270e-01 -3.169221e-01
    endloop
  endfacet
  facet normal  1.240021e-01 -6.196592e-01 -7.750135e-01
    outer loop
      vertex  5.871754e-01 -1.356270e-01 -3.169221e-01
      vertex  1.041022e+00 -1.356270e-01 -2.443067e-01
      vertex  1.037898e+00 -1.730548e-01 -2.148813e-01
    endloop
  endfacet
  facet normal  1.240021e-01 -6.196591e-01 -7.750137e-01
    outer loop
      vertex  5.871754e-01 -1.356270e-01 -3.169221e-01
      vertex  1.037898e+00 -1.730548e-01 -2.148813e-01
      vertex  5.809622e-01 -1.730548e-01 -2.879910e-01
    endloop
  endfacet
  facet normal  1.031463e-01 -7.574748e-01 -6.446649e-01
    outer loop
      vertex  5.809622e-01 -1.730548e-01 -2.879910e-01
      vertex  1.037898e+00 -1.730548e-01 -2.148813e-01
      vertex  1.034081e+00 -2.041794e-01 -1.789210e-01
    endloop
  endfacet
  facet normal  1.031462e-01 -7.574751e-01 -6.446645e-01
    outer loop
      vertex  5.809622e-01 -1.730548e-01 -2.879910e-01
      vertex  1.034081e+00 -2.041794e-01 -1.789210e-01
      vertex  5.733693e-01 -2.041794e-01 -2.526347e-01
    endloop
  endfacet
  facet normal  7.852024e-02 -8.677540e-01 -4.907520e-01
    outer loop
      vertex  5.733693e-01 -2.041794e-01 -2.526347e-01
      vertex  1.034081e+00 -2.041794e-01 -1.789210e-01
      vertex  1.029708e+00 -2.278671e-01 -1.377357e-01
    endloop
  endfacet
  facet normal  7.852029e-02 -8.677540e-01 -4.907521e-01
    outer loop
      vertex  5.733693e-01 -2.041794e-01 -2.526347e-01
      vertex  1.029708e+00 -2.278671e-01 -1.377357e-01
      vertex  5.646731e-01 -2.278671e-01 -2.121412e-01
    endloop
  endfacet
  facet normal  5.101863e-02 -9.464254e-01 -3.188666e-01
    outer loop
      vertex  5.646731e-01 -2.278671e-01 -2.121412e-01
      vertex  1.029708e+00 -2.278671e-01 -1.377357e-01
      vertex  1.024940e+00 -2.432551e-01 -9.282544e-02
    endloop
  endfacet
  facet normal  5.101866e-02 -9.464254e-01 -3.188667e-01
    outer loop
      vertex  5.646731e-01 -2.278671e-01 -2.121412e-01
      vertex  1.024940e+00 -2.432551e-01 -9.282544e-02
      vertex  5.551904e-01 -2.432551e-01 -1.679853e-01
    endloop
  endfacet
  facet normal  2.164568e-02 -9.905701e-01 -1.352855e-01
    outer loop
      vertex  5.551904e-01 -2.432551e-01 -1.679853e-01
      vertex  1.024940e+00 -2.432551e-01 -9.282544e-02
      vertex  1.019951e+00 -2.497830e-01 -4.582614e-02
    endloop
  endfacet
  facet normal  2.164567e-02 -9.905702e-01 -1.352855e-01
    outer loop
      vertex  5.551904e-01 -2.432551e-01 -1.679853e-01
      vertex  1.019951e+00 -2.497830e-01 -4.582614e-02
      vertex  5.452666e-01 -2.497830e-01 -1.217755e-01
    endloop
  endfacet
  facet normal  9.955469e-01  -0.000000e+00  9.426694e-02
    outer loop
      vertex -2.500000e-01  2.397916e-01 -4.478931e-07
      vertex -2.455570e-01 -2.397916e-01 -4.692320e-02
      vertex -2.455570e-01  2.397916e-01 -4.692320e-02
    endloop
  endfacet
  facet normal  9.601611e-01  0.000000e+00  2.794470e-01
    outer loop
      vertex -2.455570e-01  2.397916e-01 -4.692320e-02
      vertex -2.455570e-01 -2.397916e-01 -4.692320e-02
      vertex -2.323859e-01 -2.397916e-01 -9.217812e-02
    endloop
  endfacet
  facet normal  9.601611e-01  -0.000000e+00  2.794470e-01
    outer loop
      vertex -2.455570e-01  2.397916e-01 -4.692320e-02
      vertex -2.323859e-01 -2.397916e-01 -9.217812e-02
      vertex -2.323859e-01  2.397916e-01 -9.217812e-02
    endloop
  endfacet
  facet normal  8.906476e-01  0.000000e+00  4.546943e-01
    outer loop
      vertex -2.323859e-01  2.397916e-01 -9.217812e-02
      vertex -2.323859e-01 -2.397916e-01 -9.217812e-02
      vertex -2.109549e-01 -2.397916e-01 -1.341567e-01
    endloop
  endfacet
  facet normal  8.906476e-01  -0.000000e+00  4.546943e-01
    outer loop
      vertex -2.323859e-01  2.397916e-01 -9.217812e-02
      vertex -2.109549e-01 -2.397916e-01 -1.341567e-01
      vertex -2.109549e-01  2.397916e-01 -1.341567e-01
    endloop
  endfacet
  facet normal  7.894770e-01  0.000000e+00  6.137801e-01
    outer loop
      vertex -2.109549e-01  2.397916e-01 -1.341567e-01
      vertex -2.109549e-01 -2.397916e-01 -1.341567e-01
      vertex -1.820259e-01 -2.397916e-01 -1.713668e-01
    endloop
  endfacet
  facet normal  7.894770e-01  -0.000000e+00  6.137801e-01
    outer loop
      vertex -2.109549e-01  2.397916e-01 -1.341567e-01
      vertex -1.820259e-01 -2.397916e-01 -1.713668e-01
      vertex -1.820259e-01  2.397916e-01 -1.713668e-01
    endloop
  endfacet
  facet normal  6.602454e-01  0.000000e+00  7.510498e-01
    outer loop
      vertex -1.820259e-01  2.397916e-01 -1.713668e-01
      vertex -1.820259e-01 -2.397916e-01 -1.713668e-01
      vertex -1.466269e-01 -2.397916e-01 -2.024859e-01
    endloop
  endfacet
  facet normal  6.602454e-01  -0.000000e+00  7.510498e-01
    outer loop
      vertex -1.820259e-01  2.397916e-01 -1.713668e-01
      vertex -1.466269e-01 -2.397916e-01 -2.024859e-01
      vertex -1.466269e-01  2.397916e-01 -2.024859e-01
    endloop
  endfacet
  facet normal  5.075467e-01  0.000000e+00  8.616243e-01
    outer loop
      vertex -1.466269e-01  2.397916e-01 -2.024859e-01
      vertex -1.466269e-01 -2.397916e-01 -2.024859e-01
      vertex -1.060163e-01 -2.397916e-01 -2.264079e-01
    endloop
  endfacet
  facet normal  5.075467e-01  -0.000000e+00  8.616243e-01
    outer loop
      vertex -1.466269e-01  2.397916e-01 -2.024859e-01
      vertex -1.060163e-01 -2.397916e-01 -2.264079e-01
      vertex -1.060163e-01  2.397916e-01 -2.264079e-01
    endloop
  endfacet
  facet normal  3.368072e-01  0.000000e+00  9.415736e-01
    outer loop
      vertex -1.060163e-01  2.397916e-01 -2.264079e-01
      vertex -1.060163e-01 -2.397916e-01 -2.264079e-01
      vertex -6.163744e-02 -2.397916e-01 -2.422825e-01
    endloop
  endfacet
  facet normal  3.368072e-01  -0.000000e+00  9.415736e-01
    outer loop
      vertex -1.060163e-01  2.397916e-01 -2.264079e-01
      vertex -6.163744e-02 -2.397916e-01 -2.422825e-01
      vertex -6.163744e-02  2.397916e-01 -2.422825e-01
    endloop
  endfacet
  facet normal  1.540965e-01  0.000000e+00  9.880557e-01
    outer loop
      vertex -6.163744e-02  2.397916e-01 -2.422825e-01
      vertex -6.163744e-02 -2.397916e-01 -2.422825e-01
      vertex -1.506777e-02 -2.397916e-01 -2.495455e-01
    endloop
  endfacet
  facet normal  1.540965e-01  -0.000000e+00  9.880557e-01
    outer loop
      vertex -6.163744e-02  2.397916e-01 -2.422825e-01
      vertex -1.506777e-02 -2.397916e-01 -2.495455e-01
      vertex -1.506777e-02  2.397916e-01 -2.495455e-01
    endloop
  endfacet
  facet normal -3.409118e-02  0.000000e+00  9.994187e-01
    outer loop
      vertex -1.506777e-02  2.397916e-01 -2.495455e-01
      vertex -1.506777e-02 -2.397916e-01 -2.495455e-01
      vertex  3.203747e-02 -2.397916e-01 -2.479387e-01
    endloop
  endfacet
  facet normal -3.409118e-02  0.000000e+00  9.994187e-01
    outer loop
      vertex -1.506777e-02  2.397916e-01 -2.495455e-01
      vertex  3.203747e-02 -2.397916e-01 -2.479387e-01
      vertex  3.203747e-02  2.397916e-01 -2.479387e-01
    endloop
  endfacet
  facet normal -2.210674e-01  0.000000e+00  9.752585e-01
    outer loop
      vertex  3.203747e-02  2.397916e-01 -2.479387e-01
      vertex  3.203747e-02 -2.397916e-01 -2.479387e-01
      vertex  7.800397e-02 -2.397917e-01 -2.375192e-01
    endloop
  endfacet
  facet normal -2.210674e-01  0.000000e+00  9.752585e-01
    outer loop
      vertex  3.203747e-02  2.397916e-01 -2.479387e-01
      vertex  7.800397e-02 -2.397917e-01 -2.375192e-01
      vertex  7.800397e-02  2.397915e-01 -2.375192e-01
    endloop
  endfacet
  facet normal  9.955469e-01  0.000000e+00  9.426694e-02
    outer loop
      vertex -2.455570e-01 -2.397916e-01 -4.692320e-02
      vertex -2.500000e-01  2.397916e-01 -4.478931e-07
      vertex -2.500000e-01 -2.397916e-01 -4.478931e-07
    endloop
  endfacet
  facet normal  9.955474e-01  0.000000e+00 -9.426349e-02
    outer loop
      vertex -2.500000e-01 -2.397916e-01 -4.478931e-07
      vertex -2.500000e-01  2.397916e-01 -4.478931e-07
      vertex -2.455571e-01  2.397916e-01  4.692231e-02
    endloop
  endfacet
  facet normal  9.955474e-01  0.000000e+00 -9.426349e-02
    outer loop
      vertex -2.500000e-01 -2.397916e-01 -4.478931e-07
      vertex -2.455571e-01  2.397916e-01  4.692231e-02
      vertex -2.455571e-01 -2.397916e-01  4.692231e-02
    endloop
  endfacet
  facet normal  9.601620e-01  0.000000e+00 -2.794436e-01
    outer loop
      vertex -2.455571e-01 -2.397916e-01  4.692231e-02
      vertex -2.455571e-01  2.397916e-01  4.692231e-02
      vertex -2.323862e-01  2.397916e-01  9.217729e-02
    endloop
  endfacet
  facet normal  9.601620e-01  0.000000e+00 -2.794436e-01
    outer loop
      vertex -2.455571e-01 -2.397916e-01  4.692231e-02
      vertex -2.323862e-01  2.397916e-01  9.217729e-02
      vertex -2.323862e-01 -2.397916e-01  9.217729e-02
    endloop
  endfacet
  facet normal  8.906492e-01  0.000000e+00 -4.546911e-01
    outer loop
      vertex -2.323862e-01 -2.397916e-01  9.217729e-02
      vertex -2.323862e-01  2.397916e-01  9.217729e-02
      vertex -2.109554e-01  2.397916e-01  1.341559e-01
    endloop
  endfacet
  facet normal  8.906492e-01  0.000000e+00 -4.546911e-01
    outer loop
      vertex -2.323862e-01 -2.397916e-01  9.217729e-02
      vertex -2.109554e-01  2.397916e-01  1.341559e-01
      vertex -2.109554e-01 -2.397916e-01  1.341559e-01
    endloop
  endfacet
  facet normal  7.894792e-01  0.000000e+00 -6.137773e-01
    outer loop
      vertex -2.109554e-01 -2.397916e-01  1.341559e-01
      vertex -2.109554e-01  2.397916e-01  1.341559e-01
      vertex -1.820265e-01  2.397916e-01  1.713662e-01
    endloop
  endfacet
  facet normal  7.894792e-01  0.000000e+00 -6.137773e-01
    outer loop
      vertex -2.109554e-01 -2.397916e-01  1.341559e-01
      vertex -1.820265e-01  2.397916e-01  1.713662e-01
      vertex -1.820265e-01 -2.397916e-01  1.713662e-01
    endloop
  endfacet
  facet normal  6.602483e-01  0.000000e+00 -7.510474e-01
    outer loop
      vertex -1.820265e-01 -2.397916e-01  1.713662e-01
      vertex -1.820265e-01  2.397916e-01  1.713662e-01
      vertex -1.466276e-01  2.397916e-01  2.024854e-01
    endloop
  endfacet
  facet normal  6.602483e-01  0.000000e+00 -7.510474e-01
    outer loop
      vertex -1.820265e-01 -2.397916e-01  1.713662e-01
      vertex -1.466276e-01  2.397916e-01  2.024854e-01
      vertex -1.466276e-01 -2.397916e-01  2.024854e-01
    endloop
  endfacet
  facet normal  5.075495e-01  0.000000e+00 -8.616226e-01
    outer loop
      vertex -1.466276e-01 -2.397916e-01  2.024854e-01
      vertex -1.466276e-01  2.397916e-01  2.024854e-01
      vertex -1.060171e-01  2.397916e-01  2.264075e-01
    endloop
  endfacet
  facet normal  5.075495e-01  0.000000e+00 -8.616226e-01
    outer loop
      vertex -1.466276e-01 -2.397916e-01  2.024854e-01
      vertex -1.060171e-01  2.397916e-01  2.264075e-01
      vertex -1.060171e-01 -2.397916e-01  2.264075e-01
    endloop
  endfacet
  facet normal  3.368107e-01  0.000000e+00 -9.415724e-01
    outer loop
      vertex -1.060171e-01 -2.397916e-01  2.264075e-01
      vertex -1.060171e-01  2.397916e-01  2.264075e-01
      vertex -6.163831e-02  2.397916e-01  2.422823e-01
    endloop
  endfacet
  facet normal  3.368107e-01  0.000000e+00 -9.415724e-01
    outer loop
      vertex -1.060171e-01 -2.397916e-01  2.264075e-01
      vertex -6.163831e-02  2.397916e-01  2.422823e-01
      vertex -6.163831e-02 -2.397916e-01  2.422823e-01
    endloop
  endfacet
  facet normal  1.541000e-01  0.000000e+00 -9.880553e-01
    outer loop
      vertex -6.163831e-02 -2.397916e-01  2.422823e-01
      vertex -6.163831e-02  2.397916e-01  2.422823e-01
      vertex -1.506866e-02  2.397916e-01  2.495455e-01
    endloop
  endfacet
  facet normal  1.541000e-01  0.000000e+00 -9.880553e-01
    outer loop
      vertex -6.163831e-02 -2.397916e-01  2.422823e-01
      vertex -1.506866e-02  2.397916e-01  2.495455e-01
      vertex -1.506866e-02 -2.397916e-01  2.495455e-01
    endloop
  endfacet
  facet normal -3.408770e-02  0.000000e+00 -9.994188e-01
    outer loop
      vertex -1.506866e-02 -2.397916e-01  2.495455e-01
      vertex -1.506866e-02  2.397916e-01  2.495455e-01
      vertex  3.203658e-02  2.397916e-01  2.479388e-01
    endloop
  endfacet
  facet normal -3.408770e-02  -0.000000e+00 -9.994188e-01
    outer loop
      vertex -1.506866e-02 -2.397916e-01  2.495455e-01
      vertex  3.203658e-02  2.397916e-01  2.479388e-01
      vertex  3.203658e-02 -2.397916e-01  2.479388e-01
    endloop
  endfacet
  facet normal -2.210636e-01  0.000000e+00 -9.752593e-01
    outer loop
      vertex  3.203658e-02 -2.397916e-01  2.479388e-01
      vertex  3.203658e-02  2.397916e-01  2.479388e-01
      vertex  7.800312e-02  2.397916e-01  2.375195e-01
    endloop
  endfacet
  facet normal -2.210636e-01  -0.000000e+00 -9.752593e-01
    outer loop
      vertex  3.203658e-02 -2.397916e-01  2.479388e-01
      vertex  7.800312e-02  2.397916e-01  2.375195e-01
      vertex  7.800312e-02 -2.397916e-01  2.375195e-01
    endloop
  endfacet
  facet normal  4.657721e-03  9.906208e-01  1.365608e-01
    outer loop
      vertex -1.569652e-02  2.497829e-01  2.599432e-01
      vertex  3.639385e-02  2.432550e-01  3.055202e-01
      vertex  3.337144e-02  2.497829e-01  2.582696e-01
    endloop
  endfacet
  facet normal  4.657732e-03 -9.906208e-01  1.365608e-01
    outer loop
      vertex  3.639385e-02 -2.432550e-01  3.055202e-01
      vertex -1.569652e-02 -2.497829e-01  2.599432e-01
      vertex  3.337144e-02 -2.497829e-01  2.582696e-01
    endloop
  endfacet
  facet normal -2.095076e-02  9.907149e-01  1.343317e-01
    outer loop
      vertex -6.420657e-02  2.497829e-01  2.523774e-01
      vertex -2.464522e-02  2.432550e-01  3.066916e-01
      vertex -1.569652e-02  2.497829e-01  2.599432e-01
    endloop
  endfacet
  facet normal -2.095076e-02 -9.907150e-01  1.343317e-01
    outer loop
      vertex -2.464522e-02 -2.432550e-01  3.066916e-01
      vertex -6.420657e-02 -2.497829e-01  2.523774e-01
      vertex -1.569652e-02 -2.497829e-01  2.599432e-01
    endloop
  endfacet
  facet normal  2.663593e-03 -9.903174e-01  1.387965e-01
    outer loop
      vertex -2.464522e-02 -2.432550e-01  3.066916e-01
      vertex -1.569652e-02 -2.497829e-01  2.599432e-01
      vertex  3.639385e-02 -2.432550e-01  3.055202e-01
    endloop
  endfacet
  facet normal -4.559145e-02  9.907962e-01  1.274533e-01
    outer loop
      vertex -1.104345e-01  2.497829e-01  2.358412e-01
      vertex -8.471400e-02  2.432550e-01  2.957882e-01
      vertex -6.420657e-02  2.497829e-01  2.523774e-01
    endloop
  endfacet
  facet normal -4.559145e-02 -9.907961e-01  1.274532e-01
    outer loop
      vertex -8.471400e-02 -2.432550e-01  2.957882e-01
      vertex -1.104345e-01 -2.497829e-01  2.358412e-01
      vertex -6.420657e-02 -2.497829e-01  2.523774e-01
    endloop
  endfacet
  facet normal -2.489427e-02 -9.902378e-01  1.371467e-01
    outer loop
      vertex -8.471400e-02 -2.432550e-01  2.957882e-01
      vertex -6.420657e-02 -2.497829e-01  2.523774e-01
      vertex -2.464522e-02 -2.432550e-01  3.066916e-01
    endloop
  endfacet
  facet normal -6.844672e-02  9.908651e-01  1.161961e-01
    outer loop
      vertex -1.527371e-01  2.497829e-01  2.109223e-01
      vertex -1.414475e-01  2.432550e-01  2.732393e-01
      vertex -1.104345e-01  2.497829e-01  2.358412e-01
    endloop
  endfacet
  facet normal -6.844672e-02 -9.908651e-01  1.161961e-01
    outer loop
      vertex -1.414475e-01 -2.432550e-01  2.732393e-01
      vertex -1.527371e-01 -2.497829e-01  2.109223e-01
      vertex -1.104345e-01 -2.497829e-01  2.358412e-01
    endloop
  endfacet
  facet normal -5.166515e-02 -9.901682e-01  1.299908e-01
    outer loop
      vertex -1.414475e-01 -2.432550e-01  2.732393e-01
      vertex -1.104345e-01 -2.497829e-01  2.358412e-01
      vertex -8.471400e-02 -2.432550e-01  2.957882e-01
    endloop
  endfacet
  facet normal -8.876336e-02  9.909219e-01  1.009704e-01
    outer loop
      vertex -1.896109e-01  2.497829e-01  1.785064e-01
      vertex -1.926120e-01  2.432550e-01  2.399327e-01
      vertex -1.527371e-01  2.497829e-01  2.109223e-01
    endloop
  endfacet
  facet normal -8.876336e-02 -9.909219e-01  1.009704e-01
    outer loop
      vertex -1.926120e-01 -2.432550e-01  2.399327e-01
      vertex -1.896109e-01 -2.497829e-01  1.785064e-01
      vertex -1.527371e-01 -2.497829e-01  2.109223e-01
    endloop
  endfacet
  facet normal -7.654347e-02 -9.901088e-01  1.175837e-01
    outer loop
      vertex -1.926120e-01 -2.432550e-01  2.399327e-01
      vertex -1.527371e-01 -2.497829e-01  2.109223e-01
      vertex -1.414475e-01 -2.432550e-01  2.732393e-01
    endloop
  endfacet
  facet normal -1.058746e-01  9.909669e-01  8.231172e-02
    outer loop
      vertex -2.197452e-01  2.497829e-01  1.397458e-01
      vertex -2.361933e-01  2.432550e-01  1.971797e-01
      vertex -1.896109e-01  2.497829e-01  1.785064e-01
    endloop
  endfacet
  facet normal -1.058746e-01 -9.909669e-01  8.231170e-02
    outer loop
      vertex -2.361933e-01 -2.432550e-01  1.971797e-01
      vertex -2.197452e-01 -2.497829e-01  1.397458e-01
      vertex -1.896109e-01 -2.497829e-01  1.785064e-01
    endloop
  endfacet
  facet normal -9.849510e-02 -9.900596e-01  1.004032e-01
    outer loop
      vertex -2.361933e-01 -2.432550e-01  1.971797e-01
      vertex -1.896109e-01 -2.497829e-01  1.785064e-01
      vertex -1.926120e-01 -2.432550e-01  2.399327e-01
    endloop
  endfacet
  facet normal -1.192209e-01  9.910004e-01  6.086424e-02
    outer loop
      vertex -2.420690e-01  2.497829e-01  9.601801e-02
      vertex -2.704753e-01  2.432550e-01  1.466636e-01
      vertex -2.197452e-01  2.497829e-01  1.397458e-01
    endloop
  endfacet
  facet normal -1.192209e-01 -9.910004e-01  6.086424e-02
    outer loop
      vertex -2.704753e-01 -2.432550e-01  1.466636e-01
      vertex -2.420690e-01 -2.497829e-01  9.601801e-02
      vertex -2.197452e-01 -2.497829e-01  1.397458e-01
    endloop
  endfacet
  facet normal -1.166038e-01 -9.900211e-01  7.913153e-02
    outer loop
      vertex -2.704753e-01 -2.432550e-01  1.466636e-01
      vertex -2.197452e-01 -2.497829e-01  1.397458e-01
      vertex -2.361933e-01 -2.432550e-01  1.971797e-01
    endloop
  endfacet
  facet normal -1.283673e-01  9.910227e-01  3.735974e-02
    outer loop
      vertex -2.557887e-01  2.497829e-01  4.887741e-02
      vertex -2.941085e-01  2.432550e-01  9.037314e-02
      vertex -2.420690e-01  2.497829e-01  9.601801e-02
    endloop
  endfacet
  facet normal -1.283673e-01 -9.910227e-01  3.735974e-02
    outer loop
      vertex -2.941085e-01 -2.432550e-01  9.037314e-02
      vertex -2.557887e-01 -2.497829e-01  4.887741e-02
      vertex -2.420690e-01 -2.497829e-01  9.601801e-02
    endloop
  endfacet
  facet normal -1.301112e-01 -9.899935e-01  5.462626e-02
    outer loop
      vertex -2.941085e-01 -2.432550e-01  9.037314e-02
      vertex -2.420690e-01 -2.497829e-01  9.601801e-02
      vertex -2.704753e-01 -2.432550e-01  1.466636e-01
    endloop
  endfacet
  facet normal -1.330160e-01  9.910339e-01  1.259462e-02
    outer loop
      vertex -2.604167e-01  2.497829e-01 -4.665553e-07
      vertex -3.061623e-01  2.432550e-01  3.052461e-02
      vertex -2.557887e-01  2.497829e-01  4.887741e-02
    endloop
  endfacet
  facet normal -1.330160e-01 -9.910339e-01  1.259463e-02
    outer loop
      vertex -3.061623e-01 -2.432550e-01  3.052461e-02
      vertex -2.604167e-01 -2.497829e-01 -4.665553e-07
      vertex -2.557887e-01 -2.497829e-01  4.887741e-02
    endloop
  endfacet
  facet normal -1.384497e-01 -9.899769e-01  2.788451e-02
    outer loop
      vertex -3.061623e-01 -2.432550e-01  3.052461e-02
      vertex -2.557887e-01 -2.497829e-01  4.887741e-02
      vertex -2.941085e-01 -2.432550e-01  9.037314e-02
    endloop
  endfacet
  facet normal -1.330159e-01  9.910339e-01 -1.259510e-02
    outer loop
      vertex -2.557885e-01  2.497829e-01 -4.887833e-02
      vertex -3.061622e-01  2.432550e-01 -3.052571e-02
      vertex -2.604167e-01  2.497829e-01 -4.665553e-07
    endloop
  endfacet
  facet normal -1.330159e-01 -9.910339e-01 -1.259511e-02
    outer loop
      vertex -3.061622e-01 -2.432550e-01 -3.052571e-02
      vertex -2.557885e-01 -2.497829e-01 -4.887833e-02
      vertex -2.604167e-01 -2.497829e-01 -4.665553e-07
    endloop
  endfacet
  facet normal -1.412687e-01 -9.899713e-01 -2.063315e-07
    outer loop
      vertex -3.061622e-01 -2.432550e-01 -3.052571e-02
      vertex -2.604167e-01 -2.497829e-01 -4.665553e-07
      vertex -3.061623e-01 -2.432550e-01  3.052461e-02
    endloop
  endfacet
  facet normal -1.283671e-01  9.910227e-01 -3.736017e-02
    outer loop
      vertex -2.420686e-01  2.497829e-01 -9.601887e-02
      vertex -2.941082e-01  2.432550e-01 -9.037419e-02
      vertex -2.557885e-01  2.497829e-01 -4.887833e-02
    endloop
  endfacet
  facet normal -1.283671e-01 -9.910227e-01 -3.736017e-02
    outer loop
      vertex -2.941082e-01 -2.432550e-01 -9.037419e-02
      vertex -2.420686e-01 -2.497829e-01 -9.601887e-02
      vertex -2.557885e-01 -2.497829e-01 -4.887833e-02
    endloop
  endfacet
  facet normal -1.384495e-01 -9.899769e-01 -2.788498e-02
    outer loop
      vertex -2.941082e-01 -2.432550e-01 -9.037419e-02
      vertex -2.557885e-01 -2.497829e-01 -4.887833e-02
      vertex -3.061622e-01 -2.432550e-01 -3.052571e-02
    endloop
  endfacet
  facet normal -1.192207e-01  9.910004e-01 -6.086467e-02
    outer loop
      vertex -2.197447e-01  2.497829e-01 -1.397465e-01
      vertex -2.704748e-01  2.432550e-01 -1.466646e-01
      vertex -2.420686e-01  2.497829e-01 -9.601887e-02
    endloop
  endfacet
  facet normal -1.192207e-01 -9.910004e-01 -6.086467e-02
    outer loop
      vertex -2.704748e-01 -2.432550e-01 -1.466646e-01
      vertex -2.197447e-01 -2.497829e-01 -1.397465e-01
      vertex -2.420686e-01 -2.497829e-01 -9.601887e-02
    endloop
  endfacet
  facet normal -1.301109e-01 -9.899935e-01 -5.462679e-02
    outer loop
      vertex -2.704748e-01 -2.432550e-01 -1.466646e-01
      vertex -2.420686e-01 -2.497829e-01 -9.601887e-02
      vertex -2.941082e-01 -2.432550e-01 -9.037419e-02
    endloop
  endfacet
  facet normal -1.058742e-01  9.909668e-01 -8.231209e-02
    outer loop
      vertex -1.896103e-01  2.497829e-01 -1.785071e-01
      vertex -2.361926e-01  2.432550e-01 -1.971806e-01
      vertex -2.197447e-01  2.497829e-01 -1.397465e-01
    endloop
  endfacet
  facet normal -1.058742e-01 -9.909668e-01 -8.231208e-02
    outer loop
      vertex -2.361926e-01 -2.432550e-01 -1.971806e-01
      vertex -1.896103e-01 -2.497829e-01 -1.785071e-01
      vertex -2.197447e-01 -2.497829e-01 -1.397465e-01
    endloop
  endfacet
  facet normal -1.166036e-01 -9.900210e-01 -7.913193e-02
    outer loop
      vertex -2.361926e-01 -2.432550e-01 -1.971806e-01
      vertex -2.197447e-01 -2.497829e-01 -1.397465e-01
      vertex -2.704748e-01 -2.432550e-01 -1.466646e-01
    endloop
  endfacet
  facet normal -8.876298e-02  9.909219e-01 -1.009706e-01
    outer loop
      vertex -1.527364e-01  2.497829e-01 -2.109228e-01
      vertex -1.926112e-01  2.432550e-01 -2.399334e-01
      vertex -1.896103e-01  2.497829e-01 -1.785071e-01
    endloop
  endfacet
  facet normal -8.876298e-02 -9.909219e-01 -1.009707e-01
    outer loop
      vertex -1.926112e-01 -2.432550e-01 -2.399334e-01
      vertex -1.527364e-01 -2.497829e-01 -2.109228e-01
      vertex -1.896103e-01 -2.497829e-01 -1.785071e-01
    endloop
  endfacet
  facet normal -9.849475e-02 -9.900596e-01 -1.004036e-01
    outer loop
      vertex -1.926112e-01 -2.432550e-01 -2.399334e-01
      vertex -1.896103e-01 -2.497829e-01 -1.785071e-01
      vertex -2.361926e-01 -2.432550e-01 -1.971806e-01
    endloop
  endfacet
  facet normal -6.844632e-02  9.908650e-01 -1.161963e-01
    outer loop
      vertex -1.104336e-01  2.497829e-01 -2.358416e-01
      vertex -1.414465e-01  2.432550e-01 -2.732398e-01
      vertex -1.527364e-01  2.497829e-01 -2.109228e-01
    endloop
  endfacet
  facet normal -6.844632e-02 -9.908650e-01 -1.161963e-01
    outer loop
      vertex -1.414465e-01 -2.432550e-01 -2.732398e-01
      vertex -1.104336e-01 -2.497829e-01 -2.358416e-01
      vertex -1.527364e-01 -2.497829e-01 -2.109228e-01
    endloop
  endfacet
  facet normal -7.654300e-02 -9.901087e-01 -1.175840e-01
    outer loop
      vertex -1.414465e-01 -2.432550e-01 -2.732398e-01
      vertex -1.527364e-01 -2.497829e-01 -2.109228e-01
      vertex -1.926112e-01 -2.432550e-01 -2.399334e-01
    endloop
  endfacet
  facet normal -4.559088e-02  9.907963e-01 -1.274533e-01
    outer loop
      vertex -6.420566e-02  2.497829e-01 -2.523776e-01
      vertex -8.471293e-02  2.432550e-01 -2.957885e-01
      vertex -1.104336e-01  2.497829e-01 -2.358416e-01
    endloop
  endfacet
  facet normal -4.559088e-02 -9.907962e-01 -1.274533e-01
    outer loop
      vertex -8.471293e-02 -2.432550e-01 -2.957885e-01
      vertex -6.420566e-02 -2.497829e-01 -2.523776e-01
      vertex -1.104336e-01 -2.497829e-01 -2.358416e-01
    endloop
  endfacet
  facet normal -5.166473e-02 -9.901682e-01 -1.299910e-01
    outer loop
      vertex -8.471293e-02 -2.432550e-01 -2.957885e-01
      vertex -1.104336e-01 -2.497829e-01 -2.358416e-01
      vertex -1.414465e-01 -2.432550e-01 -2.732398e-01
    endloop
  endfacet
  facet normal -2.095034e-02  9.907149e-01 -1.343317e-01
    outer loop
      vertex -1.569559e-02  2.497829e-01 -2.599432e-01
      vertex -2.464413e-02  2.432550e-01 -3.066917e-01
      vertex -6.420566e-02  2.497829e-01 -2.523776e-01
    endloop
  endfacet
  facet normal -2.095035e-02 -9.907150e-01 -1.343318e-01
    outer loop
      vertex -2.464413e-02 -2.432550e-01 -3.066917e-01
      vertex -1.569559e-02 -2.497829e-01 -2.599432e-01
      vertex -6.420566e-02 -2.497829e-01 -2.523776e-01
    endloop
  endfacet
  facet normal -2.489371e-02 -9.902379e-01 -1.371467e-01
    outer loop
      vertex -2.464413e-02 -2.432550e-01 -3.066917e-01
      vertex -6.420566e-02 -2.497829e-01 -2.523776e-01
      vertex -8.471293e-02 -2.432550e-01 -2.957885e-01
    endloop
  endfacet
  facet normal  4.658229e-03  9.906208e-01 -1.365608e-01
    outer loop
      vertex  3.337236e-02  2.497829e-01 -2.582695e-01
      vertex  3.639495e-02  2.432550e-01 -3.055201e-01
      vertex -1.569559e-02  2.497829e-01 -2.599432e-01
    endloop
  endfacet
  facet normal  4.658228e-03 -9.906208e-01 -1.365608e-01
    outer loop
      vertex  3.639495e-02 -2.432550e-01 -3.055201e-01
      vertex  3.337236e-02 -2.497829e-01 -2.582695e-01
      vertex -1.569559e-02 -2.497829e-01 -2.599432e-01
    endloop
  endfacet
  facet normal  2.664079e-03 -9.903174e-01 -1.387965e-01
    outer loop
      vertex  3.639495e-02 -2.432550e-01 -3.055201e-01
      vertex -1.569559e-02 -2.497829e-01 -2.599432e-01
      vertex -2.464413e-02 -2.432550e-01 -3.066917e-01
    endloop
  endfacet
  facet normal  3.037859e-02  9.905130e-01 -1.340192e-01
    outer loop
      vertex  8.125417e-02  2.497829e-01 -2.474160e-01
      vertex  9.600114e-02  2.432550e-01 -2.923199e-01
      vertex  3.337236e-02  2.497829e-01 -2.582695e-01
    endloop
  endfacet
  facet normal  3.037822e-02 -9.905130e-01  1.340186e-01
    outer loop
      vertex  8.125325e-02 -2.497829e-01  2.474162e-01
      vertex  9.600007e-02 -2.432550e-01  2.923202e-01
      vertex  3.337144e-02 -2.497829e-01  2.582696e-01
    endloop
  endfacet
  facet normal  3.037852e-02 -9.905130e-01 -1.340192e-01
    outer loop
      vertex  8.125418e-02 -2.497829e-01 -2.474160e-01
      vertex  3.337236e-02 -2.497829e-01 -2.582695e-01
      vertex  9.600115e-02 -2.432550e-01 -2.923200e-01
    endloop
  endfacet
  facet normal  2.987881e-02 -9.904062e-01 -1.349178e-01
    outer loop
      vertex  9.600115e-02 -2.432550e-01 -2.923200e-01
      vertex  3.337236e-02 -2.497829e-01 -2.582695e-01
      vertex  3.639495e-02 -2.432550e-01 -3.055201e-01
    endloop
  endfacet
  facet normal  7.004401e-02 -9.460742e-01 -3.162869e-01
    outer loop
      vertex  9.600115e-02 -2.432550e-01 -2.923200e-01
      vertex  3.639495e-02 -2.432550e-01 -3.055201e-01
      vertex  1.100926e-01 -2.278669e-01 -3.352279e-01
    endloop
  endfacet
  facet normal  7.004419e-02 -9.460744e-01 -3.162865e-01
    outer loop
      vertex  1.100926e-01 -2.278669e-01 -3.352279e-01
      vertex  3.639495e-02 -2.432550e-01 -3.055201e-01
      vertex  4.173715e-02 -2.278670e-01 -3.503656e-01
    endloop
  endfacet
  facet normal  1.077466e-01 -8.669920e-01 -4.865343e-01
    outer loop
      vertex  1.100926e-01 -2.278669e-01 -3.352279e-01
      vertex  4.173715e-02 -2.278670e-01 -3.503656e-01
      vertex  1.230153e-01 -2.041792e-01 -3.745770e-01
    endloop
  endfacet
  facet normal  1.077467e-01 -8.669922e-01 -4.865341e-01
    outer loop
      vertex  1.230153e-01 -2.041792e-01 -3.745770e-01
      vertex  4.173715e-02 -2.278670e-01 -3.503656e-01
      vertex  4.663627e-02 -2.041793e-01 -3.914916e-01
    endloop
  endfacet
  facet normal  1.414485e-01 -7.563282e-01 -6.387174e-01
    outer loop
      vertex  1.230153e-01 -2.041792e-01 -3.745770e-01
      vertex  4.663627e-02 -2.041793e-01 -3.914916e-01
      vertex  1.342985e-01 -1.730546e-01 -4.089340e-01
    endloop
  endfacet
  facet normal  1.414486e-01 -7.563284e-01 -6.387172e-01
    outer loop
      vertex  1.342985e-01 -1.730546e-01 -4.089340e-01
      vertex  4.663627e-02 -2.041793e-01 -3.914916e-01
      vertex  5.091385e-02 -1.730547e-01 -4.274001e-01
    endloop
  endfacet
  facet normal  1.699344e-01 -6.183047e-01 -7.673471e-01
    outer loop
      vertex  1.342985e-01 -1.730546e-01 -4.089340e-01
      vertex  5.091385e-02 -1.730547e-01 -4.274001e-01
      vertex  1.435313e-01 -1.356268e-01 -4.370475e-01
    endloop
  endfacet
  facet normal  1.699347e-01 -6.183051e-01 -7.673467e-01
    outer loop
      vertex  1.435313e-01 -1.356268e-01 -4.370475e-01
      vertex  5.091385e-02 -1.730547e-01 -4.274001e-01
      vertex  5.441409e-02 -1.356269e-01 -4.567831e-01
    endloop
  endfacet
  facet normal  1.921994e-01 -4.580785e-01 -8.678845e-01
    outer loop
      vertex  1.435313e-01 -1.356268e-01 -4.370475e-01
      vertex  5.441409e-02 -1.356269e-01 -4.567831e-01
      vertex  1.503774e-01 -9.325904e-02 -4.578936e-01
    endloop
  endfacet
  facet normal  1.921994e-01 -4.580784e-01 -8.678846e-01
    outer loop
      vertex  1.503774e-01 -9.325904e-02 -4.578936e-01
      vertex  5.441409e-02 -1.356269e-01 -4.567831e-01
      vertex  5.700951e-02 -9.325907e-02 -4.785705e-01
    endloop
  endfacet
  facet normal  2.074741e-01 -2.815133e-01 -9.368590e-01
    outer loop
      vertex  1.503774e-01 -9.325904e-02 -4.578936e-01
      vertex  5.700951e-02 -9.325907e-02 -4.785705e-01
      vertex  1.545874e-01 -4.749447e-02 -4.707128e-01
    endloop
  endfacet
  facet normal  2.074741e-01 -2.815132e-01 -9.368590e-01
    outer loop
      vertex  1.545874e-01 -4.749447e-02 -4.707128e-01
      vertex  5.700951e-02 -9.325907e-02 -4.785705e-01
      vertex  5.860556e-02 -4.749449e-02 -4.919687e-01
    endloop
  endfacet
  facet normal  2.152415e-01 -9.495762e-02 -9.719332e-01
    outer loop
      vertex  1.545874e-01 -4.749447e-02 -4.707128e-01
      vertex  5.860556e-02 -4.749449e-02 -4.919687e-01
      vertex  1.560079e-01  9.424989e-09 -4.750384e-01
    endloop
  endfacet
  facet normal  2.152417e-01 -9.495798e-02 -9.719331e-01
    outer loop
      vertex  1.560079e-01  9.424989e-09 -4.750384e-01
      vertex  5.860556e-02 -4.749449e-02 -4.919687e-01
      vertex  5.914411e-02  6.123234e-17 -4.964896e-01
    endloop
  endfacet
  facet normal  2.152417e-01  9.495759e-02 -9.719332e-01
    outer loop
      vertex  1.560079e-01  9.424989e-09 -4.750384e-01
      vertex  5.914411e-02  6.123234e-17 -4.964896e-01
      vertex  1.545874e-01  4.749449e-02 -4.707128e-01
    endloop
  endfacet
  facet normal  2.152415e-01  9.495804e-02 -9.719332e-01
    outer loop
      vertex  1.545874e-01  4.749449e-02 -4.707128e-01
      vertex  5.914411e-02  6.123234e-17 -4.964896e-01
      vertex  5.860556e-02  4.749449e-02 -4.919687e-01
    endloop
  endfacet
  facet normal  2.074741e-01  2.815132e-01 -9.368590e-01
    outer loop
      vertex  1.545874e-01  4.749449e-02 -4.707128e-01
      vertex  5.860556e-02  4.749449e-02 -4.919687e-01
      vertex  1.503774e-01  9.325906e-02 -4.578936e-01
    endloop
  endfacet
  facet normal  2.074741e-01  2.815132e-01 -9.368590e-01
    outer loop
      vertex  1.503774e-01  9.325906e-02 -4.578936e-01
      vertex  5.860556e-02  4.749449e-02 -4.919687e-01
      vertex  5.700951e-02  9.325907e-02 -4.785705e-01
    endloop
  endfacet
  facet normal  1.921992e-01  4.580785e-01 -8.678845e-01
    outer loop
      vertex  1.503774e-01  9.325906e-02 -4.578936e-01
      vertex  5.700951e-02  9.325907e-02 -4.785705e-01
      vertex  1.435313e-01  1.356268e-01 -4.370475e-01
    endloop
  endfacet
  facet normal  1.921993e-01  4.580784e-01 -8.678846e-01
    outer loop
      vertex  1.435313e-01  1.356268e-01 -4.370475e-01
      vertex  5.700951e-02  9.325907e-02 -4.785705e-01
      vertex  5.441409e-02  1.356269e-01 -4.567831e-01
    endloop
  endfacet
  facet normal  1.699346e-01  6.183047e-01 -7.673471e-01
    outer loop
      vertex  1.435313e-01  1.356268e-01 -4.370475e-01
      vertex  5.441409e-02  1.356269e-01 -4.567831e-01
      vertex  1.342985e-01  1.730546e-01 -4.089340e-01
    endloop
  endfacet
  facet normal  1.699342e-01  6.183051e-01 -7.673467e-01
    outer loop
      vertex  1.342985e-01  1.730546e-01 -4.089340e-01
      vertex  5.441409e-02  1.356269e-01 -4.567831e-01
      vertex  5.091385e-02  1.730547e-01 -4.274001e-01
    endloop
  endfacet
  facet normal  1.414484e-01  7.563285e-01 -6.387171e-01
    outer loop
      vertex  1.342985e-01  1.730546e-01 -4.089340e-01
      vertex  5.091385e-02  1.730547e-01 -4.274001e-01
      vertex  1.230153e-01  2.041792e-01 -3.745770e-01
    endloop
  endfacet
  facet normal  1.414486e-01  7.563283e-01 -6.387174e-01
    outer loop
      vertex  1.230153e-01  2.041792e-01 -3.745770e-01
      vertex  5.091385e-02  1.730547e-01 -4.274001e-01
      vertex  4.663627e-02  2.041793e-01 -3.914916e-01
    endloop
  endfacet
  facet normal  1.077467e-01  8.669920e-01 -4.865342e-01
    outer loop
      vertex  1.230153e-01  2.041792e-01 -3.745770e-01
      vertex  4.663627e-02  2.041793e-01 -3.914916e-01
      vertex  1.100926e-01  2.278669e-01 -3.352279e-01
    endloop
  endfacet
  facet normal  1.077465e-01  8.669922e-01 -4.865341e-01
    outer loop
      vertex  1.100926e-01  2.278669e-01 -3.352279e-01
      vertex  4.663627e-02  2.041793e-01 -3.914916e-01
      vertex  4.173715e-02  2.278670e-01 -3.503656e-01
    endloop
  endfacet
  facet normal  7.004422e-02  9.460742e-01 -3.162866e-01
    outer loop
      vertex  1.100926e-01  2.278669e-01 -3.352279e-01
      vertex  4.173715e-02  2.278670e-01 -3.503656e-01
      vertex  9.600114e-02  2.432550e-01 -2.923199e-01
    endloop
  endfacet
  facet normal  7.004409e-02  9.460744e-01 -3.162865e-01
    outer loop
      vertex  9.600114e-02  2.432550e-01 -2.923199e-01
      vertex  4.173715e-02  2.278670e-01 -3.503656e-01
      vertex  3.639495e-02  2.432550e-01 -3.055201e-01
    endloop
  endfacet
  facet normal  2.987888e-02  9.904062e-01 -1.349178e-01
    outer loop
      vertex  9.600114e-02  2.432550e-01 -2.923199e-01
      vertex  3.639495e-02  2.432550e-01 -3.055201e-01
      vertex  3.337236e-02  2.497829e-01 -2.582695e-01
    endloop
  endfacet
  facet normal  3.037822e-02  9.905131e-01  1.340186e-01
    outer loop
      vertex  8.125325e-02  2.497829e-01  2.474162e-01
      vertex  3.337144e-02  2.497829e-01  2.582696e-01
      vertex  9.600007e-02  2.432550e-01  2.923202e-01
    endloop
  endfacet
  facet normal  2.987808e-02  9.904062e-01  1.349180e-01
    outer loop
      vertex  9.600007e-02  2.432550e-01  2.923202e-01
      vertex  3.337144e-02  2.497829e-01  2.582696e-01
      vertex  3.639385e-02  2.432550e-01  3.055202e-01
    endloop
  endfacet
  facet normal  7.004282e-02  9.460744e-01  3.162866e-01
    outer loop
      vertex  9.600007e-02  2.432550e-01  2.923202e-01
      vertex  3.639385e-02  2.432550e-01  3.055202e-01
      vertex  1.100914e-01  2.278670e-01  3.352282e-01
    endloop
  endfacet
  facet normal  7.004277e-02  9.460744e-01  3.162867e-01
    outer loop
      vertex  1.100914e-01  2.278670e-01  3.352282e-01
      vertex  3.639385e-02  2.432550e-01  3.055202e-01
      vertex  4.173590e-02  2.278670e-01  3.503658e-01
    endloop
  endfacet
  facet normal  1.077447e-01  8.669921e-01  4.865345e-01
    outer loop
      vertex  1.100914e-01  2.278670e-01  3.352282e-01
      vertex  4.173590e-02  2.278670e-01  3.503658e-01
      vertex  1.230139e-01  2.041793e-01  3.745774e-01
    endloop
  endfacet
  facet normal  1.077449e-01  8.669922e-01  4.865343e-01
    outer loop
      vertex  1.230139e-01  2.041793e-01  3.745774e-01
      vertex  4.173590e-02  2.278670e-01  3.503658e-01
      vertex  4.663487e-02  2.041793e-01  3.914918e-01
    endloop
  endfacet
  facet normal  1.414464e-01  7.563286e-01  6.387175e-01
    outer loop
      vertex  1.230139e-01  2.041793e-01  3.745774e-01
      vertex  4.663487e-02  2.041793e-01  3.914918e-01
      vertex  1.342970e-01  1.730547e-01  4.089344e-01
    endloop
  endfacet
  facet normal  1.414463e-01  7.563285e-01  6.387177e-01
    outer loop
      vertex  1.342970e-01  1.730547e-01  4.089344e-01
      vertex  4.663487e-02  2.041793e-01  3.914918e-01
      vertex  5.091232e-02  1.730547e-01  4.274003e-01
    endloop
  endfacet
  facet normal  1.699319e-01  6.183047e-01  7.673477e-01
    outer loop
      vertex  1.342970e-01  1.730547e-01  4.089344e-01
      vertex  5.091232e-02  1.730547e-01  4.274003e-01
      vertex  1.435297e-01  1.356269e-01  4.370480e-01
    endloop
  endfacet
  facet normal  1.699319e-01  6.183046e-01  7.673478e-01
    outer loop
      vertex  1.435297e-01  1.356269e-01  4.370480e-01
      vertex  5.091232e-02  1.730547e-01  4.274003e-01
      vertex  5.441246e-02  1.356269e-01  4.567833e-01
    endloop
  endfacet
  facet normal  1.921963e-01  4.580786e-01  8.678852e-01
    outer loop
      vertex  1.435297e-01  1.356269e-01  4.370480e-01
      vertex  5.441246e-02  1.356269e-01  4.567833e-01
      vertex  1.503757e-01  9.325907e-02  4.578941e-01
    endloop
  endfacet
  facet normal  1.921963e-01  4.580787e-01  8.678851e-01
    outer loop
      vertex  1.503757e-01  9.325907e-02  4.578941e-01
      vertex  5.441246e-02  1.356269e-01  4.567833e-01
      vertex  5.700779e-02  9.325907e-02  4.785707e-01
    endloop
  endfacet
  facet normal  2.074710e-01  2.815135e-01  9.368596e-01
    outer loop
      vertex  1.503757e-01  9.325907e-02  4.578941e-01
      vertex  5.700779e-02  9.325907e-02  4.785707e-01
      vertex  1.545857e-01  4.749449e-02  4.707134e-01
    endloop
  endfacet
  facet normal  2.074709e-01  2.815131e-01  9.368598e-01
    outer loop
      vertex  1.545857e-01  4.749449e-02  4.707134e-01
      vertex  5.700779e-02  9.325907e-02  4.785707e-01
      vertex  5.860379e-02  4.749449e-02  4.919689e-01
    endloop
  endfacet
  facet normal  2.152382e-01  9.495810e-02  9.719340e-01
    outer loop
      vertex  1.545857e-01  4.749449e-02  4.707134e-01
      vertex  5.860379e-02  4.749449e-02  4.919689e-01
      vertex  1.560062e-01 -2.526608e-16  4.750390e-01
    endloop
  endfacet
  facet normal  2.152381e-01  9.495800e-02  9.719339e-01
    outer loop
      vertex  1.560062e-01 -2.526608e-16  4.750390e-01
      vertex  5.860379e-02  4.749449e-02  4.919689e-01
      vertex  5.914234e-02  6.123234e-17  4.964899e-01
    endloop
  endfacet
  facet normal  2.152381e-01 -9.495810e-02  9.719339e-01
    outer loop
      vertex  1.560062e-01 -2.526608e-16  4.750390e-01
      vertex  5.914234e-02  6.123234e-17  4.964899e-01
      vertex  1.545857e-01 -4.749449e-02  4.707134e-01
    endloop
  endfacet
  facet normal  2.152382e-01 -9.495803e-02  9.719340e-01
    outer loop
      vertex  1.545857e-01 -4.749449e-02  4.707134e-01
      vertex  5.914234e-02  6.123234e-17  4.964899e-01
      vertex  5.860379e-02 -4.749449e-02  4.919689e-01
    endloop
  endfacet
  facet normal  2.074709e-01 -2.815135e-01  9.368597e-01
    outer loop
      vertex  1.545857e-01 -4.749449e-02  4.707134e-01
      vertex  5.860379e-02 -4.749449e-02  4.919689e-01
      vertex  1.503757e-01 -9.325907e-02  4.578941e-01
    endloop
  endfacet
  facet normal  2.074710e-01 -2.815131e-01  9.368597e-01
    outer loop
      vertex  1.503757e-01 -9.325907e-02  4.578941e-01
      vertex  5.860379e-02 -4.749449e-02  4.919689e-01
      vertex  5.700779e-02 -9.325907e-02  4.785707e-01
    endloop
  endfacet
  facet normal  1.921963e-01 -4.580785e-01  8.678851e-01
    outer loop
      vertex  1.503757e-01 -9.325907e-02  4.578941e-01
      vertex  5.700779e-02 -9.325907e-02  4.785707e-01
      vertex  1.435297e-01 -1.356269e-01  4.370480e-01
    endloop
  endfacet
  facet normal  1.921962e-01 -4.580787e-01  8.678851e-01
    outer loop
      vertex  1.435297e-01 -1.356269e-01  4.370480e-01
      vertex  5.700779e-02 -9.325907e-02  4.785707e-01
      vertex  5.441246e-02 -1.356269e-01  4.567833e-01
    endloop
  endfacet
  facet normal  1.699319e-01 -6.183047e-01  7.673477e-01
    outer loop
      vertex  1.435297e-01 -1.356269e-01  4.370480e-01
      vertex  5.441246e-02 -1.356269e-01  4.567833e-01
      vertex  1.342970e-01 -1.730547e-01  4.089344e-01
    endloop
  endfacet
  facet normal  1.699319e-01 -6.183047e-01  7.673477e-01
    outer loop
      vertex  1.342970e-01 -1.730547e-01  4.089344e-01
      vertex  5.441246e-02 -1.356269e-01  4.567833e-01
      vertex  5.091232e-02 -1.730547e-01  4.274003e-01
    endloop
  endfacet
  facet normal  1.414463e-01 -7.563285e-01  6.387175e-01
    outer loop
      vertex  1.342970e-01 -1.730547e-01  4.089344e-01
      vertex  5.091232e-02 -1.730547e-01  4.274003e-01
      vertex  1.230139e-01 -2.041793e-01  3.745774e-01
    endloop
  endfacet
  facet normal  1.414464e-01 -7.563285e-01  6.387175e-01
    outer loop
      vertex  1.230139e-01 -2.041793e-01  3.745774e-01
      vertex  5.091232e-02 -1.730547e-01  4.274003e-01
      vertex  4.663487e-02 -2.041793e-01  3.914918e-01
    endloop
  endfacet
  facet normal  1.077449e-01 -8.669921e-01  4.865345e-01
    outer loop
      vertex  1.230139e-01 -2.041793e-01  3.745774e-01
      vertex  4.663487e-02 -2.041793e-01  3.914918e-01
      vertex  1.100914e-01 -2.278670e-01  3.352282e-01
    endloop
  endfacet
  facet normal  1.077447e-01 -8.669922e-01  4.865343e-01
    outer loop
      vertex  1.100914e-01 -2.278670e-01  3.352282e-01
      vertex  4.663487e-02 -2.041793e-01  3.914918e-01
      vertex  4.173590e-02 -2.278670e-01  3.503658e-01
    endloop
  endfacet
  facet normal  7.004274e-02 -9.460744e-01  3.162866e-01
    outer loop
      vertex  1.100914e-01 -2.278670e-01  3.352282e-01
      vertex  4.173590e-02 -2.278670e-01  3.503658e-01
      vertex  9.600007e-02 -2.432550e-01  2.923202e-01
    endloop
  endfacet
  facet normal  7.004285e-02 -9.460744e-01  3.162867e-01
    outer loop
      vertex  9.600007e-02 -2.432550e-01  2.923202e-01
      vertex  4.173590e-02 -2.278670e-01  3.503658e-01
      vertex  3.639385e-02 -2.432550e-01  3.055202e-01
    endloop
  endfacet
  facet normal  2.987808e-02 -9.904062e-01  1.349180e-01
    outer loop
      vertex  9.600007e-02 -2.432550e-01  2.923202e-01
      vertex  3.639385e-02 -2.432550e-01  3.055202e-01
      vertex  3.337144e-02 -2.497829e-01  2.582696e-01
    endloop
  endfacet
  facet normal  6.215662e-03 -9.460744e-01  3.238899e-01
    outer loop
      vertex -2.464522e-02 -2.432550e-01  3.066916e-01
      vertex  3.639385e-02 -2.432550e-01  3.055202e-01
      vertex -2.826276e-02 -2.278670e-01  3.517091e-01
    endloop
  endfacet
  facet normal  6.215612e-03 -9.460744e-01  3.238899e-01
    outer loop
      vertex -2.826276e-02 -2.278670e-01  3.517091e-01
      vertex  3.639385e-02 -2.432550e-01  3.055202e-01
      vertex  4.173590e-02 -2.278670e-01  3.503658e-01
    endloop
  endfacet
  facet normal  9.561287e-03 -8.669922e-01  4.982300e-01
    outer loop
      vertex -2.826276e-02 -2.278670e-01  3.517091e-01
      vertex  4.173590e-02 -2.278670e-01  3.503658e-01
      vertex -3.158025e-02 -2.041793e-01  3.929928e-01
    endloop
  endfacet
  facet normal  9.561326e-03 -8.669921e-01  4.982300e-01
    outer loop
      vertex -3.158025e-02 -2.041793e-01  3.929928e-01
      vertex  4.173590e-02 -2.278670e-01  3.503658e-01
      vertex  4.663487e-02 -2.041793e-01  3.914918e-01
    endloop
  endfacet
  facet normal  1.255202e-02 -7.563283e-01  6.540718e-01
    outer loop
      vertex -3.158025e-02 -2.041793e-01  3.929928e-01
      vertex  4.663487e-02 -2.041793e-01  3.914918e-01
      vertex -3.447685e-02 -1.730547e-01  4.290389e-01
    endloop
  endfacet
  facet normal  1.255189e-02 -7.563285e-01  6.540716e-01
    outer loop
      vertex -3.447685e-02 -1.730547e-01  4.290389e-01
      vertex  4.663487e-02 -2.041793e-01  3.914918e-01
      vertex  5.091232e-02 -1.730547e-01  4.274003e-01
    endloop
  endfacet
  facet normal  1.507968e-02 -6.183050e-01  7.857937e-01
    outer loop
      vertex -3.447685e-02 -1.730547e-01  4.290389e-01
      vertex  5.091232e-02 -1.730547e-01  4.274003e-01
      vertex -3.684708e-02 -1.356269e-01  4.585347e-01
    endloop
  endfacet
  facet normal  1.507993e-02 -6.183047e-01  7.857938e-01
    outer loop
      vertex -3.684708e-02 -1.356269e-01  4.585347e-01
      vertex  5.091232e-02 -1.730547e-01  4.274003e-01
      vertex  5.441246e-02 -1.356269e-01  4.567833e-01
    endloop
  endfacet
  facet normal  1.705569e-02 -4.580783e-01  8.887483e-01
    outer loop
      vertex -3.684708e-02 -1.356269e-01  4.585347e-01
      vertex  5.441246e-02 -1.356269e-01  4.567833e-01
      vertex -3.860459e-02 -9.325907e-02  4.804056e-01
    endloop
  endfacet
  facet normal  1.705543e-02 -4.580787e-01  8.887480e-01
    outer loop
      vertex -3.860459e-02 -9.325907e-02  4.804056e-01
      vertex  5.441246e-02 -1.356269e-01  4.567833e-01
      vertex  5.700779e-02 -9.325907e-02  4.785707e-01
    endloop
  endfacet
  facet normal  1.841090e-02 -2.815133e-01  9.593807e-01
    outer loop
      vertex -3.860459e-02 -9.325907e-02  4.804056e-01
      vertex  5.700779e-02 -9.325907e-02  4.785707e-01
      vertex -3.968538e-02 -4.749449e-02  4.938551e-01
    endloop
  endfacet
  facet normal  1.841100e-02 -2.815131e-01  9.593807e-01
    outer loop
      vertex -3.968538e-02 -4.749449e-02  4.938551e-01
      vertex  5.700779e-02 -9.325907e-02  4.785707e-01
      vertex  5.860379e-02 -4.749449e-02  4.919689e-01
    endloop
  endfacet
  facet normal  1.910027e-02 -9.495825e-02  9.952981e-01
    outer loop
      vertex -3.968538e-02 -4.749449e-02  4.938551e-01
      vertex  5.860379e-02 -4.749449e-02  4.919689e-01
      vertex -4.005006e-02  6.123234e-17  4.983934e-01
    endloop
  endfacet
  facet normal  1.910039e-02 -9.495799e-02  9.952980e-01
    outer loop
      vertex -4.005006e-02  6.123234e-17  4.983934e-01
      vertex  5.860379e-02 -4.749449e-02  4.919689e-01
      vertex  5.914234e-02  6.123234e-17  4.964899e-01
    endloop
  endfacet
  facet normal  1.910039e-02  9.495823e-02  9.952980e-01
    outer loop
      vertex -4.005006e-02  6.123234e-17  4.983934e-01
      vertex  5.914234e-02  6.123234e-17  4.964899e-01
      vertex -3.968538e-02  4.749449e-02  4.938551e-01
    endloop
  endfacet
  facet normal  1.910027e-02  9.495801e-02  9.952981e-01
    outer loop
      vertex -3.968538e-02  4.749449e-02  4.938551e-01
      vertex  5.914234e-02  6.123234e-17  4.964899e-01
      vertex  5.860379e-02  4.749449e-02  4.919689e-01
    endloop
  endfacet
  facet normal  1.841100e-02  2.815133e-01  9.593807e-01
    outer loop
      vertex -3.968538e-02  4.749449e-02  4.938551e-01
      vertex  5.860379e-02  4.749449e-02  4.919689e-01
      vertex -3.860459e-02  9.325907e-02  4.804056e-01
    endloop
  endfacet
  facet normal  1.841090e-02  2.815131e-01  9.593807e-01
    outer loop
      vertex -3.860459e-02  9.325907e-02  4.804056e-01
      vertex  5.860379e-02  4.749449e-02  4.919689e-01
      vertex  5.700779e-02  9.325907e-02  4.785707e-01
    endloop
  endfacet
  facet normal  1.705543e-02  4.580782e-01  8.887482e-01
    outer loop
      vertex -3.860459e-02  9.325907e-02  4.804056e-01
      vertex  5.700779e-02  9.325907e-02  4.785707e-01
      vertex -3.684708e-02  1.356269e-01  4.585347e-01
    endloop
  endfacet
  facet normal  1.705569e-02  4.580787e-01  8.887480e-01
    outer loop
      vertex -3.684708e-02  1.356269e-01  4.585347e-01
      vertex  5.700779e-02  9.325907e-02  4.785707e-01
      vertex  5.441246e-02  1.356269e-01  4.567833e-01
    endloop
  endfacet
  facet normal  1.507992e-02  6.183050e-01  7.857936e-01
    outer loop
      vertex -3.684708e-02  1.356269e-01  4.585347e-01
      vertex  5.441246e-02  1.356269e-01  4.567833e-01
      vertex -3.447685e-02  1.730547e-01  4.290389e-01
    endloop
  endfacet
  facet normal  1.507968e-02  6.183046e-01  7.857938e-01
    outer loop
      vertex -3.447685e-02  1.730547e-01  4.290389e-01
      vertex  5.441246e-02  1.356269e-01  4.567833e-01
      vertex  5.091232e-02  1.730547e-01  4.274003e-01
    endloop
  endfacet
  facet normal  1.255189e-02  7.563283e-01  6.540718e-01
    outer loop
      vertex -3.447685e-02  1.730547e-01  4.290389e-01
      vertex  5.091232e-02  1.730547e-01  4.274003e-01
      vertex -3.158025e-02  2.041793e-01  3.929928e-01
    endloop
  endfacet
  facet normal  1.255202e-02  7.563285e-01  6.540716e-01
    outer loop
      vertex -3.158025e-02  2.041793e-01  3.929928e-01
      vertex  5.091232e-02  1.730547e-01  4.274003e-01
      vertex  4.663487e-02  2.041793e-01  3.914918e-01
    endloop
  endfacet
  facet normal  9.561325e-03  8.669922e-01  4.982300e-01
    outer loop
      vertex -3.158025e-02  2.041793e-01  3.929928e-01
      vertex  4.663487e-02  2.041793e-01  3.914918e-01
      vertex -2.826276e-02  2.278670e-01  3.517091e-01
    endloop
  endfacet
  facet normal  9.561288e-03  8.669922e-01  4.982300e-01
    outer loop
      vertex -2.826276e-02  2.278670e-01  3.517091e-01
      vertex  4.663487e-02  2.041793e-01  3.914918e-01
      vertex  4.173590e-02  2.278670e-01  3.503658e-01
    endloop
  endfacet
  facet normal  6.215612e-03  9.460744e-01  3.238899e-01
    outer loop
      vertex -2.826276e-02  2.278670e-01  3.517091e-01
      vertex  4.173590e-02  2.278670e-01  3.503658e-01
      vertex -2.464522e-02  2.432550e-01  3.066916e-01
    endloop
  endfacet
  facet normal  6.215660e-03  9.460744e-01  3.238898e-01
    outer loop
      vertex -2.464522e-02  2.432550e-01  3.066916e-01
      vertex  4.173590e-02  2.278670e-01  3.503658e-01
      vertex  3.639385e-02  2.432550e-01  3.055202e-01
    endloop
  endfacet
  facet normal  2.663597e-03  9.903174e-01  1.387965e-01
    outer loop
      vertex -2.464522e-02  2.432550e-01  3.066916e-01
      vertex  3.639385e-02  2.432550e-01  3.055202e-01
      vertex -1.569652e-02  2.497829e-01  2.599432e-01
    endloop
  endfacet
  facet normal -5.785645e-02 -9.460744e-01  3.187409e-01
    outer loop
      vertex -8.471400e-02 -2.432550e-01  2.957882e-01
      vertex -2.464522e-02 -2.432550e-01  3.066916e-01
      vertex -9.714868e-02 -2.278670e-01  3.392053e-01
    endloop
  endfacet
  facet normal -5.785633e-02 -9.460744e-01  3.187412e-01
    outer loop
      vertex -9.714868e-02 -2.278670e-01  3.392053e-01
      vertex -2.464522e-02 -2.432550e-01  3.066916e-01
      vertex -2.826276e-02 -2.278670e-01  3.517091e-01
    endloop
  endfacet
  facet normal -8.899867e-02 -8.669919e-01  4.903101e-01
    outer loop
      vertex -9.714868e-02 -2.278670e-01  3.392053e-01
      vertex -2.826276e-02 -2.278670e-01  3.517091e-01
      vertex -1.085520e-01 -2.041793e-01  3.790212e-01
    endloop
  endfacet
  facet normal -8.899882e-02 -8.669922e-01  4.903098e-01
    outer loop
      vertex -1.085520e-01 -2.041793e-01  3.790212e-01
      vertex -2.826276e-02 -2.278670e-01  3.517091e-01
      vertex -3.158025e-02 -2.041793e-01  3.929928e-01
    endloop
  endfacet
  facet normal -1.168368e-01 -7.563286e-01  6.436740e-01
    outer loop
      vertex -1.085520e-01 -2.041793e-01  3.790212e-01
      vertex -3.158025e-02 -2.041793e-01  3.929928e-01
      vertex -1.185086e-01 -1.730547e-01  4.137859e-01
    endloop
  endfacet
  facet normal -1.168366e-01 -7.563283e-01  6.436744e-01
    outer loop
      vertex -1.185086e-01 -1.730547e-01  4.137859e-01
      vertex -3.158025e-02 -2.041793e-01  3.929928e-01
      vertex -3.447685e-02 -1.730547e-01  4.290389e-01
    endloop
  endfacet
  facet normal -1.403660e-01 -6.183049e-01  7.733023e-01
    outer loop
      vertex -1.185086e-01 -1.730547e-01  4.137859e-01
      vertex -3.447685e-02 -1.730547e-01  4.290389e-01
      vertex -1.266559e-01 -1.356269e-01  4.422330e-01
    endloop
  endfacet
  facet normal -1.403661e-01 -6.183050e-01  7.733023e-01
    outer loop
      vertex -1.266559e-01 -1.356269e-01  4.422330e-01
      vertex -3.447685e-02 -1.730547e-01  4.290389e-01
      vertex -3.684708e-02 -1.356269e-01  4.585347e-01
    endloop
  endfacet
  facet normal -1.587568e-01 -4.580784e-01  8.746202e-01
    outer loop
      vertex -1.266559e-01 -1.356269e-01  4.422330e-01
      vertex -3.684708e-02 -1.356269e-01  4.585347e-01
      vertex -1.326971e-01 -9.325907e-02  4.633264e-01
    endloop
  endfacet
  facet normal -1.587568e-01 -4.580782e-01  8.746203e-01
    outer loop
      vertex -1.326971e-01 -9.325907e-02  4.633264e-01
      vertex -3.684708e-02 -1.356269e-01  4.585347e-01
      vertex -3.860459e-02 -9.325907e-02  4.804056e-01
    endloop
  endfacet
  facet normal -1.713738e-01 -2.815134e-01  9.441298e-01
    outer loop
      vertex -1.326971e-01 -9.325907e-02  4.633264e-01
      vertex -3.860459e-02 -9.325907e-02  4.804056e-01
      vertex -1.364121e-01 -4.749449e-02  4.762978e-01
    endloop
  endfacet
  facet normal -1.713738e-01 -2.815134e-01  9.441299e-01
    outer loop
      vertex -1.364121e-01 -4.749449e-02  4.762978e-01
      vertex -3.860459e-02 -9.325907e-02  4.804056e-01
      vertex -3.968538e-02 -4.749449e-02  4.938551e-01
    endloop
  endfacet
  facet normal -1.777896e-01 -9.495811e-02  9.794763e-01
    outer loop
      vertex -1.364121e-01 -4.749449e-02  4.762978e-01
      vertex -3.968538e-02 -4.749449e-02  4.938551e-01
      vertex -1.376657e-01  6.123234e-17  4.806747e-01
    endloop
  endfacet
  facet normal -1.777897e-01 -9.495821e-02  9.794762e-01
    outer loop
      vertex -1.376657e-01  6.123234e-17  4.806747e-01
      vertex -3.968538e-02 -4.749449e-02  4.938551e-01
      vertex -4.005006e-02  6.123234e-17  4.983934e-01
    endloop
  endfacet
  facet normal -1.777897e-01  9.495812e-02  9.794763e-01
    outer loop
      vertex -1.376657e-01  6.123234e-17  4.806747e-01
      vertex -4.005006e-02  6.123234e-17  4.983934e-01
      vertex -1.364121e-01  4.749449e-02  4.762978e-01
    endloop
  endfacet
  facet normal -1.777896e-01  9.495819e-02  9.794763e-01
    outer loop
      vertex -1.364121e-01  4.749449e-02  4.762978e-01
      vertex -4.005006e-02  6.123234e-17  4.983934e-01
      vertex -3.968538e-02  4.749449e-02  4.938551e-01
    endloop
  endfacet
  facet normal -1.713738e-01  2.815135e-01  9.441299e-01
    outer loop
      vertex -1.364121e-01  4.749449e-02  4.762978e-01
      vertex -3.968538e-02  4.749449e-02  4.938551e-01
      vertex -1.326971e-01  9.325907e-02  4.633264e-01
    endloop
  endfacet
  facet normal -1.713738e-01  2.815133e-01  9.441299e-01
    outer loop
      vertex -1.326971e-01  9.325907e-02  4.633264e-01
      vertex -3.968538e-02  4.749449e-02  4.938551e-01
      vertex -3.860459e-02  9.325907e-02  4.804056e-01
    endloop
  endfacet
  facet normal -1.587567e-01  4.580784e-01  8.746201e-01
    outer loop
      vertex -1.326971e-01  9.325907e-02  4.633264e-01
      vertex -3.860459e-02  9.325907e-02  4.804056e-01
      vertex -1.266559e-01  1.356269e-01  4.422330e-01
    endloop
  endfacet
  facet normal -1.587568e-01  4.580783e-01  8.746203e-01
    outer loop
      vertex -1.266559e-01  1.356269e-01  4.422330e-01
      vertex -3.860459e-02  9.325907e-02  4.804056e-01
      vertex -3.684708e-02  1.356269e-01  4.585347e-01
    endloop
  endfacet
  facet normal -1.403661e-01  6.183050e-01  7.733023e-01
    outer loop
      vertex -1.266559e-01  1.356269e-01  4.422330e-01
      vertex -3.684708e-02  1.356269e-01  4.585347e-01
      vertex -1.185086e-01  1.730547e-01  4.137859e-01
    endloop
  endfacet
  facet normal -1.403660e-01  6.183050e-01  7.733022e-01
    outer loop
      vertex -1.185086e-01  1.730547e-01  4.137859e-01
      vertex -3.684708e-02  1.356269e-01  4.585347e-01
      vertex -3.447685e-02  1.730547e-01  4.290389e-01
    endloop
  endfacet
  facet normal -1.168366e-01  7.563286e-01  6.436741e-01
    outer loop
      vertex -1.185086e-01  1.730547e-01  4.137859e-01
      vertex -3.447685e-02  1.730547e-01  4.290389e-01
      vertex -1.085520e-01  2.041793e-01  3.790212e-01
    endloop
  endfacet
  facet normal -1.168369e-01  7.563283e-01  6.436743e-01
    outer loop
      vertex -1.085520e-01  2.041793e-01  3.790212e-01
      vertex -3.447685e-02  1.730547e-01  4.290389e-01
      vertex -3.158025e-02  2.041793e-01  3.929928e-01
    endloop
  endfacet
  facet normal -8.899888e-02  8.669921e-01  4.903101e-01
    outer loop
      vertex -1.085520e-01  2.041793e-01  3.790212e-01
      vertex -3.158025e-02  2.041793e-01  3.929928e-01
      vertex -9.714868e-02  2.278670e-01  3.392053e-01
    endloop
  endfacet
  facet normal -8.899862e-02  8.669922e-01  4.903099e-01
    outer loop
      vertex -9.714868e-02  2.278670e-01  3.392053e-01
      vertex -3.158025e-02  2.041793e-01  3.929928e-01
      vertex -2.826276e-02  2.278670e-01  3.517091e-01
    endloop
  endfacet
  facet normal -5.785629e-02  9.460744e-01  3.187410e-01
    outer loop
      vertex -9.714868e-02  2.278670e-01  3.392053e-01
      vertex -2.826276e-02  2.278670e-01  3.517091e-01
      vertex -8.471400e-02  2.432550e-01  2.957882e-01
    endloop
  endfacet
  facet normal -5.785649e-02  9.460744e-01  3.187412e-01
    outer loop
      vertex -8.471400e-02  2.432550e-01  2.957882e-01
      vertex -2.826276e-02  2.278670e-01  3.517091e-01
      vertex -2.464522e-02  2.432550e-01  3.066916e-01
    endloop
  endfacet
  facet normal -2.489427e-02  9.902378e-01  1.371467e-01
    outer loop
      vertex -8.471400e-02  2.432550e-01  2.957882e-01
      vertex -2.464522e-02  2.432550e-01  3.066916e-01
      vertex -6.420657e-02  2.497829e-01  2.523774e-01
    endloop
  endfacet
  facet normal -1.196503e-01 -9.460744e-01  3.010433e-01
    outer loop
      vertex -1.414475e-01 -2.432550e-01  2.732393e-01
      vertex -8.471400e-02 -2.432550e-01  2.957882e-01
      vertex -1.622098e-01 -2.278670e-01  3.133466e-01
    endloop
  endfacet
  facet normal -1.196504e-01 -9.460744e-01  3.010431e-01
    outer loop
      vertex -1.622098e-01 -2.278670e-01  3.133466e-01
      vertex -8.471400e-02 -2.432550e-01  2.957882e-01
      vertex -9.714868e-02 -2.278670e-01  3.392053e-01
    endloop
  endfacet
  facet normal -1.840547e-01 -8.669922e-01  4.630859e-01
    outer loop
      vertex -1.622098e-01 -2.278670e-01  3.133466e-01
      vertex -9.714868e-02 -2.278670e-01  3.392053e-01
      vertex -1.812500e-01 -2.041793e-01  3.501272e-01
    endloop
  endfacet
  facet normal -1.840546e-01 -8.669921e-01  4.630860e-01
    outer loop
      vertex -1.812500e-01 -2.041793e-01  3.501272e-01
      vertex -9.714868e-02 -2.278670e-01  3.392053e-01
      vertex -1.085520e-01 -2.041793e-01  3.790212e-01
    endloop
  endfacet
  facet normal -2.416252e-01 -7.563283e-01  6.079350e-01
    outer loop
      vertex -1.812500e-01 -2.041793e-01  3.501272e-01
      vertex -1.085520e-01 -2.041793e-01  3.790212e-01
      vertex -1.978746e-01 -1.730547e-01  3.822417e-01
    endloop
  endfacet
  facet normal -2.416253e-01 -7.563286e-01  6.079345e-01
    outer loop
      vertex -1.978746e-01 -1.730547e-01  3.822417e-01
      vertex -1.085520e-01 -2.041793e-01  3.790212e-01
      vertex -1.185086e-01 -1.730547e-01  4.137859e-01
    endloop
  endfacet
  facet normal -2.902856e-01 -6.183051e-01  7.303649e-01
    outer loop
      vertex -1.978746e-01 -1.730547e-01  3.822417e-01
      vertex -1.185086e-01 -1.730547e-01  4.137859e-01
      vertex -2.114782e-01 -1.356269e-01  4.085202e-01
    endloop
  endfacet
  facet normal -2.902856e-01 -6.183048e-01  7.303652e-01
    outer loop
      vertex -2.114782e-01 -1.356269e-01  4.085202e-01
      vertex -1.185086e-01 -1.730547e-01  4.137859e-01
      vertex -1.266559e-01 -1.356269e-01  4.422330e-01
    endloop
  endfacet
  facet normal -3.283187e-01 -4.580784e-01  8.260575e-01
    outer loop
      vertex -2.114782e-01 -1.356269e-01  4.085202e-01
      vertex -1.266559e-01 -1.356269e-01  4.422330e-01
      vertex -2.215651e-01 -9.325907e-02  4.280055e-01
    endloop
  endfacet
  facet normal -3.283187e-01 -4.580784e-01  8.260575e-01
    outer loop
      vertex -2.215651e-01 -9.325907e-02  4.280055e-01
      vertex -1.266559e-01 -1.356269e-01  4.422330e-01
      vertex -1.326971e-01 -9.325907e-02  4.633264e-01
    endloop
  endfacet
  facet normal -3.544116e-01 -2.815135e-01  8.917077e-01
    outer loop
      vertex -2.215651e-01 -9.325907e-02  4.280055e-01
      vertex -1.326971e-01 -9.325907e-02  4.633264e-01
      vertex -2.277681e-01 -4.749449e-02  4.399881e-01
    endloop
  endfacet
  facet normal -3.544116e-01 -2.815134e-01  8.917077e-01
    outer loop
      vertex -2.277681e-01 -4.749449e-02  4.399881e-01
      vertex -1.326971e-01 -9.325907e-02  4.633264e-01
      vertex -1.364121e-01 -4.749449e-02  4.762978e-01
    endloop
  endfacet
  facet normal -3.676801e-01 -9.495754e-02  9.250916e-01
    outer loop
      vertex -2.277681e-01 -4.749449e-02  4.399881e-01
      vertex -1.364121e-01 -4.749449e-02  4.762978e-01
      vertex -2.298612e-01  6.123234e-17  4.440313e-01
    endloop
  endfacet
  facet normal -3.676803e-01 -9.495810e-02  9.250914e-01
    outer loop
      vertex -2.298612e-01  6.123234e-17  4.440313e-01
      vertex -1.364121e-01 -4.749449e-02  4.762978e-01
      vertex -1.376657e-01  6.123234e-17  4.806747e-01
    endloop
  endfacet
  facet normal -3.676803e-01  9.495756e-02  9.250915e-01
    outer loop
      vertex -2.298612e-01  6.123234e-17  4.440313e-01
      vertex -1.376657e-01  6.123234e-17  4.806747e-01
      vertex -2.277681e-01  4.749449e-02  4.399881e-01
    endloop
  endfacet
  facet normal -3.676801e-01  9.495809e-02  9.250916e-01
    outer loop
      vertex -2.277681e-01  4.749449e-02  4.399881e-01
      vertex -1.376657e-01  6.123234e-17  4.806747e-01
      vertex -1.364121e-01  4.749449e-02  4.762978e-01
    endloop
  endfacet
  facet normal -3.544116e-01  2.815135e-01  8.917077e-01
    outer loop
      vertex -2.277681e-01  4.749449e-02  4.399881e-01
      vertex -1.364121e-01  4.749449e-02  4.762978e-01
      vertex -2.215651e-01  9.325907e-02  4.280055e-01
    endloop
  endfacet
  facet normal -3.544116e-01  2.815134e-01  8.917077e-01
    outer loop
      vertex -2.215651e-01  9.325907e-02  4.280055e-01
      vertex -1.364121e-01  4.749449e-02  4.762978e-01
      vertex -1.326971e-01  9.325907e-02  4.633264e-01
    endloop
  endfacet
  facet normal -3.283187e-01  4.580784e-01  8.260575e-01
    outer loop
      vertex -2.215651e-01  9.325907e-02  4.280055e-01
      vertex -1.326971e-01  9.325907e-02  4.633264e-01
      vertex -2.114782e-01  1.356269e-01  4.085202e-01
    endloop
  endfacet
  facet normal -3.283187e-01  4.580784e-01  8.260575e-01
    outer loop
      vertex -2.114782e-01  1.356269e-01  4.085202e-01
      vertex -1.326971e-01  9.325907e-02  4.633264e-01
      vertex -1.266559e-01  1.356269e-01  4.422330e-01
    endloop
  endfacet
  facet normal -2.902855e-01  6.183051e-01  7.303650e-01
    outer loop
      vertex -2.114782e-01  1.356269e-01  4.085202e-01
      vertex -1.266559e-01  1.356269e-01  4.422330e-01
      vertex -1.978746e-01  1.730547e-01  3.822417e-01
    endloop
  endfacet
  facet normal -2.902857e-01  6.183049e-01  7.303652e-01
    outer loop
      vertex -1.978746e-01  1.730547e-01  3.822417e-01
      vertex -1.266559e-01  1.356269e-01  4.422330e-01
      vertex -1.185086e-01  1.730547e-01  4.137859e-01
    endloop
  endfacet
  facet normal -2.416254e-01  7.563283e-01  6.079348e-01
    outer loop
      vertex -1.978746e-01  1.730547e-01  3.822417e-01
      vertex -1.185086e-01  1.730547e-01  4.137859e-01
      vertex -1.812500e-01  2.041793e-01  3.501272e-01
    endloop
  endfacet
  facet normal -2.416250e-01  7.563286e-01  6.079345e-01
    outer loop
      vertex -1.812500e-01  2.041793e-01  3.501272e-01
      vertex -1.185086e-01  1.730547e-01  4.137859e-01
      vertex -1.085520e-01  2.041793e-01  3.790212e-01
    endloop
  endfacet
  facet normal -1.840546e-01  8.669922e-01  4.630859e-01
    outer loop
      vertex -1.812500e-01  2.041793e-01  3.501272e-01
      vertex -1.085520e-01  2.041793e-01  3.790212e-01
      vertex -1.622098e-01  2.278670e-01  3.133466e-01
    endloop
  endfacet
  facet normal -1.840548e-01  8.669921e-01  4.630860e-01
    outer loop
      vertex -1.622098e-01  2.278670e-01  3.133466e-01
      vertex -1.085520e-01  2.041793e-01  3.790212e-01
      vertex -9.714868e-02  2.278670e-01  3.392053e-01
    endloop
  endfacet
  facet normal -1.196504e-01  9.460744e-01  3.010432e-01
    outer loop
      vertex -1.622098e-01  2.278670e-01  3.133466e-01
      vertex -9.714868e-02  2.278670e-01  3.392053e-01
      vertex -1.414475e-01  2.432550e-01  2.732393e-01
    endloop
  endfacet
  facet normal -1.196503e-01  9.460744e-01  3.010432e-01
    outer loop
      vertex -1.414475e-01  2.432550e-01  2.732393e-01
      vertex -9.714868e-02  2.278670e-01  3.392053e-01
      vertex -8.471400e-02  2.432550e-01  2.957882e-01
    endloop
  endfacet
  facet normal -5.166515e-02  9.901682e-01  1.299908e-01
    outer loop
      vertex -1.414475e-01  2.432550e-01  2.732393e-01
      vertex -8.471400e-02  2.432550e-01  2.957882e-01
      vertex -1.104345e-01  2.497829e-01  2.358412e-01
    endloop
  endfacet
  facet normal -1.767338e-01 -9.460744e-01  2.714930e-01
    outer loop
      vertex -1.926120e-01 -2.432550e-01  2.399327e-01
      vertex -1.414475e-01 -2.432550e-01  2.732393e-01
      vertex -2.208845e-01 -2.278670e-01  2.751511e-01
    endloop
  endfacet
  facet normal -1.767338e-01 -9.460744e-01  2.714929e-01
    outer loop
      vertex -2.208845e-01 -2.278670e-01  2.751511e-01
      vertex -1.414475e-01 -2.432550e-01  2.732393e-01
      vertex -1.622098e-01 -2.278670e-01  3.133466e-01
    endloop
  endfacet
  facet normal -2.718643e-01 -8.669922e-01  4.176293e-01
    outer loop
      vertex -2.208845e-01 -2.278670e-01  2.751511e-01
      vertex -1.622098e-01 -2.278670e-01  3.133466e-01
      vertex -2.468119e-01 -2.041793e-01  3.074484e-01
    endloop
  endfacet
  facet normal -2.718642e-01 -8.669922e-01  4.176296e-01
    outer loop
      vertex -2.468119e-01 -2.041793e-01  3.074484e-01
      vertex -1.622098e-01 -2.278670e-01  3.133466e-01
      vertex -1.812500e-01 -2.041793e-01  3.501272e-01
    endloop
  endfacet
  facet normal -3.569008e-01 -7.563282e-01  5.482602e-01
    outer loop
      vertex -2.468119e-01 -2.041793e-01  3.074484e-01
      vertex -1.812500e-01 -2.041793e-01  3.501272e-01
      vertex -2.694501e-01 -1.730547e-01  3.356482e-01
    endloop
  endfacet
  facet normal -3.569008e-01 -7.563282e-01  5.482602e-01
    outer loop
      vertex -2.694501e-01 -1.730547e-01  3.356482e-01
      vertex -1.812500e-01 -2.041793e-01  3.501272e-01
      vertex -1.978746e-01 -1.730547e-01  3.822417e-01
    endloop
  endfacet
  facet normal -4.287761e-01 -6.183050e-01  6.586728e-01
    outer loop
      vertex -2.694501e-01 -1.730547e-01  3.356482e-01
      vertex -1.978746e-01 -1.730547e-01  3.822417e-01
      vertex -2.879743e-01 -1.356269e-01  3.587235e-01
    endloop
  endfacet
  facet normal -4.287762e-01 -6.183051e-01  6.586727e-01
    outer loop
      vertex -2.879743e-01 -1.356269e-01  3.587235e-01
      vertex -1.978746e-01 -1.730547e-01  3.822417e-01
      vertex -2.114782e-01 -1.356269e-01  4.085202e-01
    endloop
  endfacet
  facet normal -4.849544e-01 -4.580786e-01  7.449720e-01
    outer loop
      vertex -2.879743e-01 -1.356269e-01  3.587235e-01
      vertex -2.114782e-01 -1.356269e-01  4.085202e-01
      vertex -3.017099e-01 -9.325907e-02  3.758337e-01
    endloop
  endfacet
  facet normal -4.849544e-01 -4.580784e-01  7.449721e-01
    outer loop
      vertex -3.017099e-01 -9.325907e-02  3.758337e-01
      vertex -2.114782e-01 -1.356269e-01  4.085202e-01
      vertex -2.215651e-01 -9.325907e-02  4.280055e-01
    endloop
  endfacet
  facet normal -5.234957e-01 -2.815132e-01  8.041781e-01
    outer loop
      vertex -3.017099e-01 -9.325907e-02  3.758337e-01
      vertex -2.215651e-01 -9.325907e-02  4.280055e-01
      vertex -3.101567e-01 -4.749449e-02  3.863556e-01
    endloop
  endfacet
  facet normal -5.234959e-01 -2.815135e-01  8.041781e-01
    outer loop
      vertex -3.101567e-01 -4.749449e-02  3.863556e-01
      vertex -2.215651e-01 -9.325907e-02  4.280055e-01
      vertex -2.277681e-01 -4.749449e-02  4.399881e-01
    endloop
  endfacet
  facet normal -5.430945e-01 -9.495771e-02  8.342850e-01
    outer loop
      vertex -3.101567e-01 -4.749449e-02  3.863556e-01
      vertex -2.277681e-01 -4.749449e-02  4.399881e-01
      vertex -3.130069e-01  6.123234e-17  3.899060e-01
    endloop
  endfacet
  facet normal -5.430945e-01 -9.495761e-02  8.342850e-01
    outer loop
      vertex -3.130069e-01  6.123234e-17  3.899060e-01
      vertex -2.277681e-01 -4.749449e-02  4.399881e-01
      vertex -2.298612e-01  6.123234e-17  4.440313e-01
    endloop
  endfacet
  facet normal -5.430945e-01  9.495771e-02  8.342850e-01
    outer loop
      vertex -3.130069e-01  6.123234e-17  3.899060e-01
      vertex -2.298612e-01  6.123234e-17  4.440313e-01
      vertex -3.101567e-01  4.749449e-02  3.863556e-01
    endloop
  endfacet
  facet normal -5.430945e-01  9.495752e-02  8.342850e-01
    outer loop
      vertex -3.101567e-01  4.749449e-02  3.863556e-01
      vertex -2.298612e-01  6.123234e-17  4.440313e-01
      vertex -2.277681e-01  4.749449e-02  4.399881e-01
    endloop
  endfacet
  facet normal -5.234959e-01  2.815133e-01  8.041781e-01
    outer loop
      vertex -3.101567e-01  4.749449e-02  3.863556e-01
      vertex -2.277681e-01  4.749449e-02  4.399881e-01
      vertex -3.017099e-01  9.325907e-02  3.758337e-01
    endloop
  endfacet
  facet normal -5.234957e-01  2.815135e-01  8.041781e-01
    outer loop
      vertex -3.017099e-01  9.325907e-02  3.758337e-01
      vertex -2.277681e-01  4.749449e-02  4.399881e-01
      vertex -2.215651e-01  9.325907e-02  4.280055e-01
    endloop
  endfacet
  facet normal -4.849544e-01  4.580785e-01  7.449721e-01
    outer loop
      vertex -3.017099e-01  9.325907e-02  3.758337e-01
      vertex -2.215651e-01  9.325907e-02  4.280055e-01
      vertex -2.879743e-01  1.356269e-01  3.587235e-01
    endloop
  endfacet
  facet normal -4.849544e-01  4.580784e-01  7.449720e-01
    outer loop
      vertex -2.879743e-01  1.356269e-01  3.587235e-01
      vertex -2.215651e-01  9.325907e-02  4.280055e-01
      vertex -2.114782e-01  1.356269e-01  4.085202e-01
    endloop
  endfacet
  facet normal -4.287762e-01  6.183050e-01  6.586728e-01
    outer loop
      vertex -2.879743e-01  1.356269e-01  3.587235e-01
      vertex -2.114782e-01  1.356269e-01  4.085202e-01
      vertex -2.694501e-01  1.730547e-01  3.356482e-01
    endloop
  endfacet
  facet normal -4.287761e-01  6.183052e-01  6.586728e-01
    outer loop
      vertex -2.694501e-01  1.730547e-01  3.356482e-01
      vertex -2.114782e-01  1.356269e-01  4.085202e-01
      vertex -1.978746e-01  1.730547e-01  3.822417e-01
    endloop
  endfacet
  facet normal -3.569009e-01  7.563283e-01  5.482603e-01
    outer loop
      vertex -2.694501e-01  1.730547e-01  3.356482e-01
      vertex -1.978746e-01  1.730547e-01  3.822417e-01
      vertex -2.468119e-01  2.041793e-01  3.074484e-01
    endloop
  endfacet
  facet normal -3.569008e-01  7.563282e-01  5.482602e-01
    outer loop
      vertex -2.468119e-01  2.041793e-01  3.074484e-01
      vertex -1.978746e-01  1.730547e-01  3.822417e-01
      vertex -1.812500e-01  2.041793e-01  3.501272e-01
    endloop
  endfacet
  facet normal -2.718641e-01  8.669922e-01  4.176294e-01
    outer loop
      vertex -2.468119e-01  2.041793e-01  3.074484e-01
      vertex -1.812500e-01  2.041793e-01  3.501272e-01
      vertex -2.208845e-01  2.278670e-01  2.751511e-01
    endloop
  endfacet
  facet normal -2.718644e-01  8.669921e-01  4.176295e-01
    outer loop
      vertex -2.208845e-01  2.278670e-01  2.751511e-01
      vertex -1.812500e-01  2.041793e-01  3.501272e-01
      vertex -1.622098e-01  2.278670e-01  3.133466e-01
    endloop
  endfacet
  facet normal -1.767339e-01  9.460744e-01  2.714930e-01
    outer loop
      vertex -2.208845e-01  2.278670e-01  2.751511e-01
      vertex -1.622098e-01  2.278670e-01  3.133466e-01
      vertex -1.926120e-01  2.432550e-01  2.399327e-01
    endloop
  endfacet
  facet normal -1.767338e-01  9.460744e-01  2.714930e-01
    outer loop
      vertex -1.926120e-01  2.432550e-01  2.399327e-01
      vertex -1.622098e-01  2.278670e-01  3.133466e-01
      vertex -1.414475e-01  2.432550e-01  2.732393e-01
    endloop
  endfacet
  facet normal -7.654347e-02  9.901088e-01  1.175837e-01
    outer loop
      vertex -1.926120e-01  2.432550e-01  2.399327e-01
      vertex -1.414475e-01  2.432550e-01  2.732393e-01
      vertex -1.527371e-01  2.497829e-01  2.109223e-01
    endloop
  endfacet
  facet normal -2.268588e-01 -9.460744e-01  2.312538e-01
    outer loop
      vertex -2.361933e-01 -2.432550e-01  1.971797e-01
      vertex -1.926120e-01 -2.432550e-01  2.399327e-01
      vertex -2.708628e-01 -2.278670e-01  2.261226e-01
    endloop
  endfacet
  facet normal -2.268588e-01 -9.460744e-01  2.312538e-01
    outer loop
      vertex -2.708628e-01 -2.278670e-01  2.261226e-01
      vertex -1.926120e-01 -2.432550e-01  2.399327e-01
      vertex -2.208845e-01 -2.278670e-01  2.751511e-01
    endloop
  endfacet
  facet normal -3.489701e-01 -8.669922e-01  3.557309e-01
    outer loop
      vertex -2.708628e-01 -2.278670e-01  2.261226e-01
      vertex -2.208845e-01 -2.278670e-01  2.751511e-01
      vertex -3.026567e-01 -2.041793e-01  2.526650e-01
    endloop
  endfacet
  facet normal -3.489702e-01 -8.669923e-01  3.557307e-01
    outer loop
      vertex -3.026567e-01 -2.041793e-01  2.526650e-01
      vertex -2.208845e-01 -2.278670e-01  2.751511e-01
      vertex -2.468119e-01 -2.041793e-01  3.074484e-01
    endloop
  endfacet
  facet normal -4.581249e-01 -7.563283e-01  4.670000e-01
    outer loop
      vertex -3.026567e-01 -2.041793e-01  2.526650e-01
      vertex -2.468119e-01 -2.041793e-01  3.074484e-01
      vertex -3.304170e-01 -1.730547e-01  2.758399e-01
    endloop
  endfacet
  facet normal -4.581250e-01 -7.563283e-01  4.670001e-01
    outer loop
      vertex -3.304170e-01 -1.730547e-01  2.758399e-01
      vertex -2.468119e-01 -2.041793e-01  3.074484e-01
      vertex -2.694501e-01 -1.730547e-01  3.356482e-01
    endloop
  endfacet
  facet normal -5.503855e-01 -6.183048e-01  5.610481e-01
    outer loop
      vertex -3.304170e-01 -1.730547e-01  2.758399e-01
      vertex -2.694501e-01 -1.730547e-01  3.356482e-01
      vertex -3.531326e-01 -1.356269e-01  2.948035e-01
    endloop
  endfacet
  facet normal -5.503855e-01 -6.183050e-01  5.610479e-01
    outer loop
      vertex -3.531326e-01 -1.356269e-01  2.948035e-01
      vertex -2.694501e-01 -1.730547e-01  3.356482e-01
      vertex -2.879743e-01 -1.356269e-01  3.587235e-01
    endloop
  endfacet
  facet normal -6.224970e-01 -4.580785e-01  6.345562e-01
    outer loop
      vertex -3.531326e-01 -1.356269e-01  2.948035e-01
      vertex -2.879743e-01 -1.356269e-01  3.587235e-01
      vertex -3.699761e-01 -9.325907e-02  3.088648e-01
    endloop
  endfacet
  facet normal -6.224970e-01 -4.580785e-01  6.345562e-01
    outer loop
      vertex -3.699761e-01 -9.325907e-02  3.088648e-01
      vertex -2.879743e-01 -1.356269e-01  3.587235e-01
      vertex -3.017099e-01 -9.325907e-02  3.758337e-01
    endloop
  endfacet
  facet normal -6.719694e-01 -2.815134e-01  6.849871e-01
    outer loop
      vertex -3.699761e-01 -9.325907e-02  3.088648e-01
      vertex -3.017099e-01 -9.325907e-02  3.758337e-01
      vertex -3.803341e-01 -4.749449e-02  3.175119e-01
    endloop
  endfacet
  facet normal -6.719694e-01 -2.815134e-01  6.849872e-01
    outer loop
      vertex -3.803341e-01 -4.749449e-02  3.175119e-01
      vertex -3.017099e-01 -9.325907e-02  3.758337e-01
      vertex -3.101567e-01 -4.749449e-02  3.863556e-01
    endloop
  endfacet
  facet normal -6.971266e-01 -9.495803e-02  7.106318e-01
    outer loop
      vertex -3.803341e-01 -4.749449e-02  3.175119e-01
      vertex -3.101567e-01 -4.749449e-02  3.863556e-01
      vertex -3.838291e-01  6.123234e-17  3.204297e-01
    endloop
  endfacet
  facet normal -6.971265e-01 -9.495773e-02  7.106319e-01
    outer loop
      vertex -3.838291e-01  6.123234e-17  3.204297e-01
      vertex -3.101567e-01 -4.749449e-02  3.863556e-01
      vertex -3.130069e-01  6.123234e-17  3.899060e-01
    endloop
  endfacet
  facet normal -6.971265e-01  9.495802e-02  7.106319e-01
    outer loop
      vertex -3.838291e-01  6.123234e-17  3.204297e-01
      vertex -3.130069e-01  6.123234e-17  3.899060e-01
      vertex -3.803341e-01  4.749449e-02  3.175119e-01
    endloop
  endfacet
  facet normal -6.971266e-01  9.495763e-02  7.106318e-01
    outer loop
      vertex -3.803341e-01  4.749449e-02  3.175119e-01
      vertex -3.130069e-01  6.123234e-17  3.899060e-01
      vertex -3.101567e-01  4.749449e-02  3.863556e-01
    endloop
  endfacet
  facet normal -6.719694e-01  2.815134e-01  6.849872e-01
    outer loop
      vertex -3.803341e-01  4.749449e-02  3.175119e-01
      vertex -3.101567e-01  4.749449e-02  3.863556e-01
      vertex -3.699761e-01  9.325907e-02  3.088648e-01
    endloop
  endfacet
  facet normal -6.719694e-01  2.815133e-01  6.849871e-01
    outer loop
      vertex -3.699761e-01  9.325907e-02  3.088648e-01
      vertex -3.101567e-01  4.749449e-02  3.863556e-01
      vertex -3.017099e-01  9.325907e-02  3.758337e-01
    endloop
  endfacet
  facet normal -6.224970e-01  4.580785e-01  6.345562e-01
    outer loop
      vertex -3.699761e-01  9.325907e-02  3.088648e-01
      vertex -3.017099e-01  9.325907e-02  3.758337e-01
      vertex -3.531326e-01  1.356269e-01  2.948035e-01
    endloop
  endfacet
  facet normal -6.224970e-01  4.580785e-01  6.345562e-01
    outer loop
      vertex -3.531326e-01  1.356269e-01  2.948035e-01
      vertex -3.017099e-01  9.325907e-02  3.758337e-01
      vertex -2.879743e-01  1.356269e-01  3.587235e-01
    endloop
  endfacet
  facet normal -5.503856e-01  6.183048e-01  5.610479e-01
    outer loop
      vertex -3.531326e-01  1.356269e-01  2.948035e-01
      vertex -2.879743e-01  1.356269e-01  3.587235e-01
      vertex -3.304170e-01  1.730547e-01  2.758399e-01
    endloop
  endfacet
  facet normal -5.503854e-01  6.183050e-01  5.610479e-01
    outer loop
      vertex -3.304170e-01  1.730547e-01  2.758399e-01
      vertex -2.879743e-01  1.356269e-01  3.587235e-01
      vertex -2.694501e-01  1.730547e-01  3.356482e-01
    endloop
  endfacet
  facet normal -4.581249e-01  7.563284e-01  4.670001e-01
    outer loop
      vertex -3.304170e-01  1.730547e-01  2.758399e-01
      vertex -2.694501e-01  1.730547e-01  3.356482e-01
      vertex -3.026567e-01  2.041793e-01  2.526650e-01
    endloop
  endfacet
  facet normal -4.581249e-01  7.563282e-01  4.670000e-01
    outer loop
      vertex -3.026567e-01  2.041793e-01  2.526650e-01
      vertex -2.694501e-01  1.730547e-01  3.356482e-01
      vertex -2.468119e-01  2.041793e-01  3.074484e-01
    endloop
  endfacet
  facet normal -3.489703e-01  8.669921e-01  3.557308e-01
    outer loop
      vertex -3.026567e-01  2.041793e-01  2.526650e-01
      vertex -2.468119e-01  2.041793e-01  3.074484e-01
      vertex -2.708628e-01  2.278670e-01  2.261226e-01
    endloop
  endfacet
  facet normal -3.489700e-01  8.669922e-01  3.557307e-01
    outer loop
      vertex -2.708628e-01  2.278670e-01  2.261226e-01
      vertex -2.468119e-01  2.041793e-01  3.074484e-01
      vertex -2.208845e-01  2.278670e-01  2.751511e-01
    endloop
  endfacet
  facet normal -2.268588e-01  9.460745e-01  2.312538e-01
    outer loop
      vertex -2.708628e-01  2.278670e-01  2.261226e-01
      vertex -2.208845e-01  2.278670e-01  2.751511e-01
      vertex -2.361933e-01  2.432550e-01  1.971797e-01
    endloop
  endfacet
  facet normal -2.268589e-01  9.460744e-01  2.312538e-01
    outer loop
      vertex -2.361933e-01  2.432550e-01  1.971797e-01
      vertex -2.208845e-01  2.278670e-01  2.751511e-01
      vertex -1.926120e-01  2.432550e-01  2.399327e-01
    endloop
  endfacet
  facet normal -9.849511e-02  9.900596e-01  1.004033e-01
    outer loop
      vertex -2.361933e-01  2.432550e-01  1.971797e-01
      vertex -1.926120e-01  2.432550e-01  2.399327e-01
      vertex -1.896109e-01  2.497829e-01  1.785064e-01
    endloop
  endfacet
  facet normal -2.680523e-01 -9.460744e-01  1.819099e-01
    outer loop
      vertex -2.704753e-01 -2.432550e-01  1.466636e-01
      vertex -2.361933e-01 -2.432550e-01  1.971797e-01
      vertex -3.101769e-01 -2.278670e-01  1.681915e-01
    endloop
  endfacet
  facet normal -2.680523e-01 -9.460744e-01  1.819098e-01
    outer loop
      vertex -3.101769e-01 -2.278670e-01  1.681915e-01
      vertex -2.361933e-01 -2.432550e-01  1.971797e-01
      vertex -2.708628e-01 -2.278670e-01  2.261226e-01
    endloop
  endfacet
  facet normal -4.123371e-01 -8.669920e-01  2.798266e-01
    outer loop
      vertex -3.101769e-01 -2.278670e-01  1.681915e-01
      vertex -2.708628e-01 -2.278670e-01  2.261226e-01
      vertex -3.465855e-01 -2.041793e-01  1.879338e-01
    endloop
  endfacet
  facet normal -4.123370e-01 -8.669922e-01  2.798264e-01
    outer loop
      vertex -3.465855e-01 -2.041793e-01  1.879338e-01
      vertex -2.708628e-01 -2.278670e-01  2.261226e-01
      vertex -3.026567e-01 -2.041793e-01  2.526650e-01
    endloop
  endfacet
  facet normal -5.413119e-01 -7.563286e-01  3.673533e-01
    outer loop
      vertex -3.465855e-01 -2.041793e-01  1.879338e-01
      vertex -3.026567e-01 -2.041793e-01  2.526650e-01
      vertex -3.783751e-01 -1.730547e-01  2.051716e-01
    endloop
  endfacet
  facet normal -5.413120e-01 -7.563283e-01  3.673537e-01
    outer loop
      vertex -3.783751e-01 -1.730547e-01  2.051716e-01
      vertex -3.026567e-01 -2.041793e-01  2.526650e-01
      vertex -3.304170e-01 -1.730547e-01  2.758399e-01
    endloop
  endfacet
  facet normal -6.503256e-01 -6.183046e-01  4.413342e-01
    outer loop
      vertex -3.783751e-01 -1.730547e-01  2.051716e-01
      vertex -3.304170e-01 -1.730547e-01  2.758399e-01
      vertex -4.043877e-01 -1.356269e-01  2.192768e-01
    endloop
  endfacet
  facet normal -6.503257e-01 -6.183048e-01  4.413341e-01
    outer loop
      vertex -4.043877e-01 -1.356269e-01  2.192768e-01
      vertex -3.304170e-01 -1.730547e-01  2.758399e-01
      vertex -3.531326e-01 -1.356269e-01  2.948035e-01
    endloop
  endfacet
  facet normal -7.355310e-01 -4.580788e-01  4.991574e-01
    outer loop
      vertex -4.043877e-01 -1.356269e-01  2.192768e-01
      vertex -3.531326e-01 -1.356269e-01  2.948035e-01
      vertex -4.236760e-01 -9.325907e-02  2.297357e-01
    endloop
  endfacet
  facet normal -7.355310e-01 -4.580785e-01  4.991576e-01
    outer loop
      vertex -4.236760e-01 -9.325907e-02  2.297357e-01
      vertex -3.531326e-01 -1.356269e-01  2.948035e-01
      vertex -3.699761e-01 -9.325907e-02  3.088648e-01
    endloop
  endfacet
  facet normal -7.939868e-01 -2.815131e-01  5.388278e-01
    outer loop
      vertex -4.236760e-01 -9.325907e-02  2.297357e-01
      vertex -3.699761e-01 -9.325907e-02  3.088648e-01
      vertex -4.355373e-01 -4.749449e-02  2.361674e-01
    endloop
  endfacet
  facet normal -7.939868e-01 -2.815134e-01  5.388276e-01
    outer loop
      vertex -4.355373e-01 -4.749449e-02  2.361674e-01
      vertex -3.699761e-01 -9.325907e-02  3.088648e-01
      vertex -3.803341e-01 -4.749449e-02  3.175119e-01
    endloop
  endfacet
  facet normal -8.237121e-01 -9.495842e-02  5.590003e-01
    outer loop
      vertex -4.355373e-01 -4.749449e-02  2.361674e-01
      vertex -3.803341e-01 -4.749449e-02  3.175119e-01
      vertex -4.395397e-01  6.123234e-17  2.383377e-01
    endloop
  endfacet
  facet normal -8.237121e-01 -9.495789e-02  5.590004e-01
    outer loop
      vertex -4.395397e-01  6.123234e-17  2.383377e-01
      vertex -3.803341e-01 -4.749449e-02  3.175119e-01
      vertex -3.838291e-01  6.123234e-17  3.204297e-01
    endloop
  endfacet
  facet normal -8.237120e-01  9.495828e-02  5.590004e-01
    outer loop
      vertex -4.395397e-01  6.123234e-17  2.383377e-01
      vertex -3.838291e-01  6.123234e-17  3.204297e-01
      vertex -4.355373e-01  4.749449e-02  2.361674e-01
    endloop
  endfacet
  facet normal -8.237121e-01  9.495793e-02  5.590003e-01
    outer loop
      vertex -4.355373e-01  4.749449e-02  2.361674e-01
      vertex -3.838291e-01  6.123234e-17  3.204297e-01
      vertex -3.803341e-01  4.749449e-02  3.175119e-01
    endloop
  endfacet
  facet normal -7.939868e-01  2.815131e-01  5.388276e-01
    outer loop
      vertex -4.355373e-01  4.749449e-02  2.361674e-01
      vertex -3.803341e-01  4.749449e-02  3.175119e-01
      vertex -4.236760e-01  9.325907e-02  2.297357e-01
    endloop
  endfacet
  facet normal -7.939867e-01  2.815134e-01  5.388278e-01
    outer loop
      vertex -4.236760e-01  9.325907e-02  2.297357e-01
      vertex -3.803341e-01  4.749449e-02  3.175119e-01
      vertex -3.699761e-01  9.325907e-02  3.088648e-01
    endloop
  endfacet
  facet normal -7.355309e-01  4.580788e-01  4.991575e-01
    outer loop
      vertex -4.236760e-01  9.325907e-02  2.297357e-01
      vertex -3.699761e-01  9.325907e-02  3.088648e-01
      vertex -4.043877e-01  1.356269e-01  2.192768e-01
    endloop
  endfacet
  facet normal -7.355310e-01  4.580785e-01  4.991574e-01
    outer loop
      vertex -4.043877e-01  1.356269e-01  2.192768e-01
      vertex -3.699761e-01  9.325907e-02  3.088648e-01
      vertex -3.531326e-01  1.356269e-01  2.948035e-01
    endloop
  endfacet
  facet normal -6.503258e-01  6.183046e-01  4.413342e-01
    outer loop
      vertex -4.043877e-01  1.356269e-01  2.192768e-01
      vertex -3.531326e-01  1.356269e-01  2.948035e-01
      vertex -3.783751e-01  1.730547e-01  2.051716e-01
    endloop
  endfacet
  facet normal -6.503256e-01  6.183048e-01  4.413342e-01
    outer loop
      vertex -3.783751e-01  1.730547e-01  2.051716e-01
      vertex -3.531326e-01  1.356269e-01  2.948035e-01
      vertex -3.304170e-01  1.730547e-01  2.758399e-01
    endloop
  endfacet
  facet normal -5.413118e-01  7.563286e-01  3.673535e-01
    outer loop
      vertex -3.783751e-01  1.730547e-01  2.051716e-01
      vertex -3.304170e-01  1.730547e-01  2.758399e-01
      vertex -3.465855e-01  2.041793e-01  1.879338e-01
    endloop
  endfacet
  facet normal -5.413122e-01  7.563283e-01  3.673535e-01
    outer loop
      vertex -3.465855e-01  2.041793e-01  1.879338e-01
      vertex -3.304170e-01  1.730547e-01  2.758399e-01
      vertex -3.026567e-01  2.041793e-01  2.526650e-01
    endloop
  endfacet
  facet normal -4.123372e-01  8.669919e-01  2.798265e-01
    outer loop
      vertex -3.465855e-01  2.041793e-01  1.879338e-01
      vertex -3.026567e-01  2.041793e-01  2.526650e-01
      vertex -3.101769e-01  2.278670e-01  1.681915e-01
    endloop
  endfacet
  facet normal -4.123369e-01  8.669921e-01  2.798265e-01
    outer loop
      vertex -3.101769e-01  2.278670e-01  1.681915e-01
      vertex -3.026567e-01  2.041793e-01  2.526650e-01
      vertex -2.708628e-01  2.278670e-01  2.261226e-01
    endloop
  endfacet
  facet normal -2.680523e-01  9.460744e-01  1.819098e-01
    outer loop
      vertex -3.101769e-01  2.278670e-01  1.681915e-01
      vertex -2.708628e-01  2.278670e-01  2.261226e-01
      vertex -2.704753e-01  2.432550e-01  1.466636e-01
    endloop
  endfacet
  facet normal -2.680523e-01  9.460744e-01  1.819098e-01
    outer loop
      vertex -2.704753e-01  2.432550e-01  1.466636e-01
      vertex -2.708628e-01  2.278670e-01  2.261226e-01
      vertex -2.361933e-01  2.432550e-01  1.971797e-01
    endloop
  endfacet
  facet normal -1.166039e-01  9.900211e-01  7.913154e-02
    outer loop
      vertex -2.704753e-01  2.432550e-01  1.466636e-01
      vertex -2.361933e-01  2.432550e-01  1.971797e-01
      vertex -2.197452e-01  2.497829e-01  1.397458e-01
    endloop
  endfacet
  facet normal -2.986923e-01 -9.460744e-01  1.254038e-01
    outer loop
      vertex -2.941085e-01 -2.432550e-01  9.037314e-02
      vertex -2.704753e-01 -2.432550e-01  1.466636e-01
      vertex -3.372790e-01 -2.278670e-01  1.036385e-01
    endloop
  endfacet
  facet normal -2.986923e-01 -9.460744e-01  1.254039e-01
    outer loop
      vertex -3.372790e-01 -2.278670e-01  1.036385e-01
      vertex -2.704753e-01 -2.432550e-01  1.466636e-01
      vertex -3.101769e-01 -2.278670e-01  1.681915e-01
    endloop
  endfacet
  facet normal -4.594695e-01 -8.669922e-01  1.929051e-01
    outer loop
      vertex -3.372790e-01 -2.278670e-01  1.036385e-01
      vertex -3.101769e-01 -2.278670e-01  1.681915e-01
      vertex -3.768689e-01 -2.041793e-01  1.158036e-01
    endloop
  endfacet
  facet normal -4.594696e-01 -8.669920e-01  1.929054e-01
    outer loop
      vertex -3.768689e-01 -2.041793e-01  1.158036e-01
      vertex -3.101769e-01 -2.278670e-01  1.681915e-01
      vertex -3.465855e-01 -2.041793e-01  1.879338e-01
    endloop
  endfacet
  facet normal -6.031871e-01 -7.563283e-01  2.532443e-01
    outer loop
      vertex -3.768689e-01 -2.041793e-01  1.158036e-01
      vertex -3.465855e-01 -2.041793e-01  1.879338e-01
      vertex -4.114361e-01 -1.730547e-01  1.264254e-01
    endloop
  endfacet
  facet normal -6.031870e-01 -7.563286e-01  2.532440e-01
    outer loop
      vertex -4.114361e-01 -1.730547e-01  1.264254e-01
      vertex -3.465855e-01 -2.041793e-01  1.879338e-01
      vertex -3.783751e-01 -1.730547e-01  2.051716e-01
    endloop
  endfacet
  facet normal -7.246617e-01 -6.183047e-01  3.042443e-01
    outer loop
      vertex -4.114361e-01 -1.730547e-01  1.264254e-01
      vertex -3.783751e-01 -1.730547e-01  2.051716e-01
      vertex -4.397217e-01 -1.356269e-01  1.351169e-01
    endloop
  endfacet
  facet normal -7.246618e-01 -6.183046e-01  3.042445e-01
    outer loop
      vertex -4.397217e-01 -1.356269e-01  1.351169e-01
      vertex -3.783751e-01 -1.730547e-01  2.051716e-01
      vertex -4.043877e-01 -1.356269e-01  2.192768e-01
    endloop
  endfacet
  facet normal -8.196064e-01 -4.580789e-01  3.441063e-01
    outer loop
      vertex -4.397217e-01 -1.356269e-01  1.351169e-01
      vertex -4.043877e-01 -1.356269e-01  2.192768e-01
      vertex -4.606953e-01 -9.325907e-02  1.415616e-01
    endloop
  endfacet
  facet normal -8.196064e-01 -4.580788e-01  3.441064e-01
    outer loop
      vertex -4.606953e-01 -9.325907e-02  1.415616e-01
      vertex -4.043877e-01 -1.356269e-01  2.192768e-01
      vertex -4.236760e-01 -9.325907e-02  2.297357e-01
    endloop
  endfacet
  facet normal -8.847442e-01 -2.815133e-01  3.714541e-01
    outer loop
      vertex -4.606953e-01 -9.325907e-02  1.415616e-01
      vertex -4.236760e-01 -9.325907e-02  2.297357e-01
      vertex -4.735930e-01 -4.749449e-02  1.455248e-01
    endloop
  endfacet
  facet normal -8.847442e-01 -2.815131e-01  3.714542e-01
    outer loop
      vertex -4.735930e-01 -4.749449e-02  1.455248e-01
      vertex -4.236760e-01 -9.325907e-02  2.297357e-01
      vertex -4.355373e-01 -4.749449e-02  2.361674e-01
    endloop
  endfacet
  facet normal -9.178672e-01 -9.495743e-02  3.853607e-01
    outer loop
      vertex -4.735930e-01 -4.749449e-02  1.455248e-01
      vertex -4.355373e-01 -4.749449e-02  2.361674e-01
      vertex -4.779451e-01  6.123234e-17  1.468621e-01
    endloop
  endfacet
  facet normal -9.178674e-01 -9.495835e-02  3.853603e-01
    outer loop
      vertex -4.779451e-01  6.123234e-17  1.468621e-01
      vertex -4.355373e-01 -4.749449e-02  2.361674e-01
      vertex -4.395397e-01  6.123234e-17  2.383377e-01
    endloop
  endfacet
  facet normal -9.178674e-01  9.495742e-02  3.853603e-01
    outer loop
      vertex -4.779451e-01  6.123234e-17  1.468621e-01
      vertex -4.395397e-01  6.123234e-17  2.383377e-01
      vertex -4.735930e-01  4.749449e-02  1.455248e-01
    endloop
  endfacet
  facet normal -9.178671e-01  9.495836e-02  3.853606e-01
    outer loop
      vertex -4.735930e-01  4.749449e-02  1.455248e-01
      vertex -4.395397e-01  6.123234e-17  2.383377e-01
      vertex -4.355373e-01  4.749449e-02  2.361674e-01
    endloop
  endfacet
  facet normal -8.847441e-01  2.815133e-01  3.714541e-01
    outer loop
      vertex -4.735930e-01  4.749449e-02  1.455248e-01
      vertex -4.355373e-01  4.749449e-02  2.361674e-01
      vertex -4.606953e-01  9.325907e-02  1.415616e-01
    endloop
  endfacet
  facet normal -8.847442e-01  2.815131e-01  3.714541e-01
    outer loop
      vertex -4.606953e-01  9.325907e-02  1.415616e-01
      vertex -4.355373e-01  4.749449e-02  2.361674e-01
      vertex -4.236760e-01  9.325907e-02  2.297357e-01
    endloop
  endfacet
  facet normal -8.196064e-01  4.580789e-01  3.441064e-01
    outer loop
      vertex -4.606953e-01  9.325907e-02  1.415616e-01
      vertex -4.236760e-01  9.325907e-02  2.297357e-01
      vertex -4.397217e-01  1.356269e-01  1.351169e-01
    endloop
  endfacet
  facet normal -8.196064e-01  4.580788e-01  3.441063e-01
    outer loop
      vertex -4.397217e-01  1.356269e-01  1.351169e-01
      vertex -4.236760e-01  9.325907e-02  2.297357e-01
      vertex -4.043877e-01  1.356269e-01  2.192768e-01
    endloop
  endfacet
  facet normal -7.246618e-01  6.183047e-01  3.042445e-01
    outer loop
      vertex -4.397217e-01  1.356269e-01  1.351169e-01
      vertex -4.043877e-01  1.356269e-01  2.192768e-01
      vertex -4.114361e-01  1.730547e-01  1.264254e-01
    endloop
  endfacet
  facet normal -7.246618e-01  6.183046e-01  3.042444e-01
    outer loop
      vertex -4.114361e-01  1.730547e-01  1.264254e-01
      vertex -4.043877e-01  1.356269e-01  2.192768e-01
      vertex -3.783751e-01  1.730547e-01  2.051716e-01
    endloop
  endfacet
  facet normal -6.031872e-01  7.563285e-01  2.532441e-01
    outer loop
      vertex -4.114361e-01  1.730547e-01  1.264254e-01
      vertex -3.783751e-01  1.730547e-01  2.051716e-01
      vertex -3.768689e-01  2.041793e-01  1.158036e-01
    endloop
  endfacet
  facet normal -6.031869e-01  7.563286e-01  2.532442e-01
    outer loop
      vertex -3.768689e-01  2.041793e-01  1.158036e-01
      vertex -3.783751e-01  1.730547e-01  2.051716e-01
      vertex -3.465855e-01  2.041793e-01  1.879338e-01
    endloop
  endfacet
  facet normal -4.594694e-01  8.669922e-01  1.929053e-01
    outer loop
      vertex -3.768689e-01  2.041793e-01  1.158036e-01
      vertex -3.465855e-01  2.041793e-01  1.879338e-01
      vertex -3.372790e-01  2.278670e-01  1.036385e-01
    endloop
  endfacet
  facet normal -4.594697e-01  8.669920e-01  1.929052e-01
    outer loop
      vertex -3.372790e-01  2.278670e-01  1.036385e-01
      vertex -3.465855e-01  2.041793e-01  1.879338e-01
      vertex -3.101769e-01  2.278670e-01  1.681915e-01
    endloop
  endfacet
  facet normal -2.986922e-01  9.460744e-01  1.254039e-01
    outer loop
      vertex -3.372790e-01  2.278670e-01  1.036385e-01
      vertex -3.101769e-01  2.278670e-01  1.681915e-01
      vertex -2.941085e-01  2.432550e-01  9.037314e-02
    endloop
  endfacet
  facet normal -2.986923e-01  9.460744e-01  1.254039e-01
    outer loop
      vertex -2.941085e-01  2.432550e-01  9.037314e-02
      vertex -3.101769e-01  2.278670e-01  1.681915e-01
      vertex -2.704753e-01  2.432550e-01  1.466636e-01
    endloop
  endfacet
  facet normal -1.301112e-01  9.899935e-01  5.462626e-02
    outer loop
      vertex -2.941085e-01  2.432550e-01  9.037314e-02
      vertex -2.704753e-01  2.432550e-01  1.466636e-01
      vertex -2.420690e-01  2.497829e-01  9.601801e-02
    endloop
  endfacet
  facet normal -3.175724e-01 -9.460744e-01  6.396080e-02
    outer loop
      vertex -3.061623e-01 -2.432550e-01  3.052461e-02
      vertex -2.941085e-01 -2.432550e-01  9.037314e-02
      vertex -3.511021e-01 -2.278670e-01  3.500514e-02
    endloop
  endfacet
  facet normal -3.175724e-01 -9.460745e-01  6.396076e-02
    outer loop
      vertex -3.511021e-01 -2.278670e-01  3.500514e-02
      vertex -2.941085e-01 -2.432550e-01  9.037314e-02
      vertex -3.372790e-01 -2.278670e-01  1.036385e-01
    endloop
  endfacet
  facet normal -4.885123e-01 -8.669922e-01  9.838896e-02
    outer loop
      vertex -3.511021e-01 -2.278670e-01  3.500514e-02
      vertex -3.372790e-01 -2.278670e-01  1.036385e-01
      vertex -3.923146e-01 -2.041793e-01  3.911405e-02
    endloop
  endfacet
  facet normal -4.885122e-01 -8.669921e-01  9.838893e-02
    outer loop
      vertex -3.923146e-01 -2.041793e-01  3.911405e-02
      vertex -3.372790e-01 -2.278670e-01  1.036385e-01
      vertex -3.768689e-01 -2.041793e-01  1.158036e-01
    endloop
  endfacet
  facet normal -6.413143e-01 -7.563284e-01  1.291641e-01
    outer loop
      vertex -3.923146e-01 -2.041793e-01  3.911405e-02
      vertex -3.768689e-01 -2.041793e-01  1.158036e-01
      vertex -4.282985e-01 -1.730547e-01  4.270168e-02
    endloop
  endfacet
  facet normal -6.413143e-01 -7.563285e-01  1.291641e-01
    outer loop
      vertex -4.282985e-01 -1.730547e-01  4.270168e-02
      vertex -3.768689e-01 -2.041793e-01  1.158036e-01
      vertex -4.114361e-01 -1.730547e-01  1.264254e-01
    endloop
  endfacet
  facet normal -7.704670e-01 -6.183050e-01  1.551761e-01
    outer loop
      vertex -4.282985e-01 -1.730547e-01  4.270168e-02
      vertex -4.114361e-01 -1.730547e-01  1.264254e-01
      vertex -4.577433e-01 -1.356269e-01  4.563735e-02
    endloop
  endfacet
  facet normal -7.704671e-01 -6.183048e-01  1.551763e-01
    outer loop
      vertex -4.577433e-01 -1.356269e-01  4.563735e-02
      vertex -4.114361e-01 -1.730547e-01  1.264254e-01
      vertex -4.397217e-01 -1.356269e-01  1.351169e-01
    endloop
  endfacet
  facet normal -8.714133e-01 -4.580784e-01  1.755074e-01
    outer loop
      vertex -4.577433e-01 -1.356269e-01  4.563735e-02
      vertex -4.397217e-01 -1.356269e-01  1.351169e-01
      vertex -4.795765e-01 -9.325907e-02  4.781413e-02
    endloop
  endfacet
  facet normal -8.714132e-01 -4.580789e-01  1.755071e-01
    outer loop
      vertex -4.795765e-01 -9.325907e-02  4.781413e-02
      vertex -4.397217e-01 -1.356269e-01  1.351169e-01
      vertex -4.606953e-01 -9.325907e-02  1.415616e-01
    endloop
  endfacet
  facet normal -9.406684e-01 -2.815132e-01  1.894555e-01
    outer loop
      vertex -4.795765e-01 -9.325907e-02  4.781413e-02
      vertex -4.606953e-01 -9.325907e-02  1.415616e-01
      vertex -4.930029e-01 -4.749449e-02  4.915275e-02
    endloop
  endfacet
  facet normal -9.406683e-01 -2.815132e-01  1.894554e-01
    outer loop
      vertex -4.930029e-01 -4.749449e-02  4.915275e-02
      vertex -4.606953e-01 -9.325907e-02  1.415616e-01
      vertex -4.735930e-01 -4.749449e-02  1.455248e-01
    endloop
  endfacet
  facet normal -9.758851e-01 -9.495811e-02  1.965483e-01
    outer loop
      vertex -4.930029e-01 -4.749449e-02  4.915275e-02
      vertex -4.735930e-01 -4.749449e-02  1.455248e-01
      vertex -4.975333e-01  6.123234e-17  4.960444e-02
    endloop
  endfacet
  facet normal -9.758851e-01 -9.495746e-02  1.965486e-01
    outer loop
      vertex -4.975333e-01  6.123234e-17  4.960444e-02
      vertex -4.735930e-01 -4.749449e-02  1.455248e-01
      vertex -4.779451e-01  6.123234e-17  1.468621e-01
    endloop
  endfacet
  facet normal -9.758851e-01  9.495813e-02  1.965486e-01
    outer loop
      vertex -4.975333e-01  6.123234e-17  4.960444e-02
      vertex -4.779451e-01  6.123234e-17  1.468621e-01
      vertex -4.930029e-01  4.749449e-02  4.915275e-02
    endloop
  endfacet
  facet normal -9.758852e-01  9.495745e-02  1.965483e-01
    outer loop
      vertex -4.930029e-01  4.749449e-02  4.915275e-02
      vertex -4.779451e-01  6.123234e-17  1.468621e-01
      vertex -4.735930e-01  4.749449e-02  1.455248e-01
    endloop
  endfacet
  facet normal -9.406683e-01  2.815132e-01  1.894554e-01
    outer loop
      vertex -4.930029e-01  4.749449e-02  4.915275e-02
      vertex -4.735930e-01  4.749449e-02  1.455248e-01
      vertex -4.795765e-01  9.325907e-02  4.781413e-02
    endloop
  endfacet
  facet normal -9.406684e-01  2.815132e-01  1.894555e-01
    outer loop
      vertex -4.795765e-01  9.325907e-02  4.781413e-02
      vertex -4.735930e-01  4.749449e-02  1.455248e-01
      vertex -4.606953e-01  9.325907e-02  1.415616e-01
    endloop
  endfacet
  facet normal -8.714135e-01  4.580785e-01  1.755072e-01
    outer loop
      vertex -4.795765e-01  9.325907e-02  4.781413e-02
      vertex -4.606953e-01  9.325907e-02  1.415616e-01
      vertex -4.577433e-01  1.356269e-01  4.563735e-02
    endloop
  endfacet
  facet normal -8.714132e-01  4.580789e-01  1.755074e-01
    outer loop
      vertex -4.577433e-01  1.356269e-01  4.563735e-02
      vertex -4.606953e-01  9.325907e-02  1.415616e-01
      vertex -4.397217e-01  1.356269e-01  1.351169e-01
    endloop
  endfacet
  facet normal -7.704670e-01  6.183050e-01  1.551763e-01
    outer loop
      vertex -4.577433e-01  1.356269e-01  4.563735e-02
      vertex -4.397217e-01  1.356269e-01  1.351169e-01
      vertex -4.282985e-01  1.730547e-01  4.270168e-02
    endloop
  endfacet
  facet normal -7.704672e-01  6.183047e-01  1.551761e-01
    outer loop
      vertex -4.282985e-01  1.730547e-01  4.270168e-02
      vertex -4.397217e-01  1.356269e-01  1.351169e-01
      vertex -4.114361e-01  1.730547e-01  1.264254e-01
    endloop
  endfacet
  facet normal -6.413143e-01  7.563284e-01  1.291641e-01
    outer loop
      vertex -4.282985e-01  1.730547e-01  4.270168e-02
      vertex -4.114361e-01  1.730547e-01  1.264254e-01
      vertex -3.923146e-01  2.041793e-01  3.911405e-02
    endloop
  endfacet
  facet normal -6.413143e-01  7.563284e-01  1.291641e-01
    outer loop
      vertex -3.923146e-01  2.041793e-01  3.911405e-02
      vertex -4.114361e-01  1.730547e-01  1.264254e-01
      vertex -3.768689e-01  2.041793e-01  1.158036e-01
    endloop
  endfacet
  facet normal -4.885123e-01  8.669921e-01  9.838894e-02
    outer loop
      vertex -3.923146e-01  2.041793e-01  3.911405e-02
      vertex -3.768689e-01  2.041793e-01  1.158036e-01
      vertex -3.511021e-01  2.278670e-01  3.500514e-02
    endloop
  endfacet
  facet normal -4.885122e-01  8.669922e-01  9.838895e-02
    outer loop
      vertex -3.511021e-01  2.278670e-01  3.500514e-02
      vertex -3.768689e-01  2.041793e-01  1.158036e-01
      vertex -3.372790e-01  2.278670e-01  1.036385e-01
    endloop
  endfacet
  facet normal -3.175724e-01  9.460744e-01  6.396076e-02
    outer loop
      vertex -3.511021e-01  2.278670e-01  3.500514e-02
      vertex -3.372790e-01  2.278670e-01  1.036385e-01
      vertex -3.061623e-01  2.432550e-01  3.052461e-02
    endloop
  endfacet
  facet normal -3.175723e-01  9.460744e-01  6.396079e-02
    outer loop
      vertex -3.061623e-01  2.432550e-01  3.052461e-02
      vertex -3.372790e-01  2.278670e-01  1.036385e-01
      vertex -2.941085e-01  2.432550e-01  9.037314e-02
    endloop
  endfacet
  facet normal -1.384497e-01  9.899769e-01  2.788452e-02
    outer loop
      vertex -3.061623e-01  2.432550e-01  3.052461e-02
      vertex -2.941085e-01  2.432550e-01  9.037314e-02
      vertex -2.557887e-01  2.497829e-01  4.887741e-02
    endloop
  endfacet
  facet normal -3.239495e-01 -9.460744e-01 -4.744175e-07
    outer loop
      vertex -3.061622e-01 -2.432550e-01 -3.052571e-02
      vertex -3.061623e-01 -2.432550e-01  3.052461e-02
      vertex -3.511020e-01 -2.278670e-01 -3.500640e-02
    endloop
  endfacet
  facet normal -3.239494e-01 -9.460745e-01 -5.515915e-07
    outer loop
      vertex -3.511020e-01 -2.278670e-01 -3.500640e-02
      vertex -3.061623e-01 -2.432550e-01  3.052461e-02
      vertex -3.511021e-01 -2.278670e-01  3.500514e-02
    endloop
  endfacet
  facet normal -4.983220e-01 -8.669921e-01 -8.484973e-07
    outer loop
      vertex -3.511020e-01 -2.278670e-01 -3.500640e-02
      vertex -3.511021e-01 -2.278670e-01  3.500514e-02
      vertex -3.923144e-01 -2.041793e-01 -3.911546e-02
    endloop
  endfacet
  facet normal -4.983218e-01 -8.669921e-01 -9.492036e-07
    outer loop
      vertex -3.923144e-01 -2.041793e-01 -3.911546e-02
      vertex -3.511021e-01 -2.278670e-01  3.500514e-02
      vertex -3.923146e-01 -2.041793e-01  3.911405e-02
    endloop
  endfacet
  facet normal -6.541920e-01 -7.563285e-01 -1.246105e-06
    outer loop
      vertex -3.923144e-01 -2.041793e-01 -3.911546e-02
      vertex -3.923146e-01 -2.041793e-01  3.911405e-02
      vertex -4.282984e-01 -1.730547e-01 -4.270322e-02
    endloop
  endfacet
  facet normal -6.541921e-01 -7.563284e-01 -1.141413e-06
    outer loop
      vertex -4.282984e-01 -1.730547e-01 -4.270322e-02
      vertex -3.923146e-01 -2.041793e-01  3.911405e-02
      vertex -4.282985e-01 -1.730547e-01  4.270168e-02
    endloop
  endfacet
  facet normal -7.859385e-01 -6.183048e-01 -1.371279e-06
    outer loop
      vertex -4.282984e-01 -1.730547e-01 -4.270322e-02
      vertex -4.282985e-01 -1.730547e-01  4.270168e-02
      vertex -4.577432e-01 -1.356269e-01 -4.563899e-02
    endloop
  endfacet
  facet normal -7.859383e-01 -6.183050e-01 -1.539684e-06
    outer loop
      vertex -4.577432e-01 -1.356269e-01 -4.563899e-02
      vertex -4.282985e-01 -1.730547e-01  4.270168e-02
      vertex -4.577433e-01 -1.356269e-01  4.563735e-02
    endloop
  endfacet
  facet normal -8.889117e-01 -4.580786e-01 -1.741413e-06
    outer loop
      vertex -4.577432e-01 -1.356269e-01 -4.563899e-02
      vertex -4.577433e-01 -1.356269e-01  4.563735e-02
      vertex -4.795763e-01 -9.325907e-02 -4.781585e-02
    endloop
  endfacet
  facet normal -8.889118e-01 -4.580785e-01 -1.662133e-06
    outer loop
      vertex -4.795763e-01 -9.325907e-02 -4.781585e-02
      vertex -4.577433e-01 -1.356269e-01  4.563735e-02
      vertex -4.795765e-01 -9.325907e-02  4.781413e-02
    endloop
  endfacet
  facet normal -9.595573e-01 -2.815133e-01 -1.794230e-06
    outer loop
      vertex -4.795763e-01 -9.325907e-02 -4.781585e-02
      vertex -4.795765e-01 -9.325907e-02  4.781413e-02
      vertex -4.930027e-01 -4.749449e-02 -4.915452e-02
    endloop
  endfacet
  facet normal -9.595574e-01 -2.815132e-01 -1.745367e-06
    outer loop
      vertex -4.930027e-01 -4.749449e-02 -4.915452e-02
      vertex -4.795765e-01 -9.325907e-02  4.781413e-02
      vertex -4.930029e-01 -4.749449e-02  4.915275e-02
    endloop
  endfacet
  facet normal -9.954813e-01 -9.495814e-02 -1.810710e-06
    outer loop
      vertex -4.930027e-01 -4.749449e-02 -4.915452e-02
      vertex -4.930029e-01 -4.749449e-02  4.915275e-02
      vertex -4.975331e-01  6.123234e-17 -4.960622e-02
    endloop
  endfacet
  facet normal -9.954813e-01 -9.495811e-02 -1.794222e-06
    outer loop
      vertex -4.975331e-01  6.123234e-17 -4.960622e-02
      vertex -4.930029e-01 -4.749449e-02  4.915275e-02
      vertex -4.975333e-01  6.123234e-17  4.960444e-02
    endloop
  endfacet
  facet normal -9.954813e-01  9.495814e-02 -1.794222e-06
    outer loop
      vertex -4.975331e-01  6.123234e-17 -4.960622e-02
      vertex -4.975333e-01  6.123234e-17  4.960444e-02
      vertex -4.930027e-01  4.749449e-02 -4.915452e-02
    endloop
  endfacet
  facet normal -9.954813e-01  9.495810e-02 -1.810710e-06
    outer loop
      vertex -4.930027e-01  4.749449e-02 -4.915452e-02
      vertex -4.975333e-01  6.123234e-17  4.960444e-02
      vertex -4.930029e-01  4.749449e-02  4.915275e-02
    endloop
  endfacet
  facet normal -9.595574e-01  2.815133e-01 -1.745367e-06
    outer loop
      vertex -4.930027e-01  4.749449e-02 -4.915452e-02
      vertex -4.930029e-01  4.749449e-02  4.915275e-02
      vertex -4.795763e-01  9.325907e-02 -4.781585e-02
    endloop
  endfacet
  facet normal -9.595573e-01  2.815132e-01 -1.794230e-06
    outer loop
      vertex -4.795763e-01  9.325907e-02 -4.781585e-02
      vertex -4.930029e-01  4.749449e-02  4.915275e-02
      vertex -4.795765e-01  9.325907e-02  4.781413e-02
    endloop
  endfacet
  facet normal -8.889117e-01  4.580786e-01 -1.662133e-06
    outer loop
      vertex -4.795763e-01  9.325907e-02 -4.781585e-02
      vertex -4.795765e-01  9.325907e-02  4.781413e-02
      vertex -4.577432e-01  1.356269e-01 -4.563899e-02
    endloop
  endfacet
  facet normal -8.889117e-01  4.580784e-01 -1.741413e-06
    outer loop
      vertex -4.577432e-01  1.356269e-01 -4.563899e-02
      vertex -4.795765e-01  9.325907e-02  4.781413e-02
      vertex -4.577433e-01  1.356269e-01  4.563735e-02
    endloop
  endfacet
  facet normal -7.859386e-01  6.183047e-01 -1.539684e-06
    outer loop
      vertex -4.577432e-01  1.356269e-01 -4.563899e-02
      vertex -4.577433e-01  1.356269e-01  4.563735e-02
      vertex -4.282984e-01  1.730547e-01 -4.270322e-02
    endloop
  endfacet
  facet normal -7.859383e-01  6.183050e-01 -1.371279e-06
    outer loop
      vertex -4.282984e-01  1.730547e-01 -4.270322e-02
      vertex -4.577433e-01  1.356269e-01  4.563735e-02
      vertex -4.282985e-01  1.730547e-01  4.270168e-02
    endloop
  endfacet
  facet normal -6.541920e-01  7.563285e-01 -1.141412e-06
    outer loop
      vertex -4.282984e-01  1.730547e-01 -4.270322e-02
      vertex -4.282985e-01  1.730547e-01  4.270168e-02
      vertex -3.923144e-01  2.041793e-01 -3.911546e-02
    endloop
  endfacet
  facet normal -6.541921e-01  7.563284e-01 -1.246105e-06
    outer loop
      vertex -3.923144e-01  2.041793e-01 -3.911546e-02
      vertex -4.282985e-01  1.730547e-01  4.270168e-02
      vertex -3.923146e-01  2.041793e-01  3.911405e-02
    endloop
  endfacet
  facet normal -4.983220e-01  8.669921e-01 -9.492038e-07
    outer loop
      vertex -3.923144e-01  2.041793e-01 -3.911546e-02
      vertex -3.923146e-01  2.041793e-01  3.911405e-02
      vertex -3.511020e-01  2.278670e-01 -3.500640e-02
    endloop
  endfacet
  facet normal -4.983218e-01  8.669921e-01 -8.484971e-07
    outer loop
      vertex -3.511020e-01  2.278670e-01 -3.500640e-02
      vertex -3.923146e-01  2.041793e-01  3.911405e-02
      vertex -3.511021e-01  2.278670e-01  3.500514e-02
    endloop
  endfacet
  facet normal -3.239495e-01  9.460744e-01 -5.515918e-07
    outer loop
      vertex -3.511020e-01  2.278670e-01 -3.500640e-02
      vertex -3.511021e-01  2.278670e-01  3.500514e-02
      vertex -3.061622e-01  2.432550e-01 -3.052571e-02
    endloop
  endfacet
  facet normal -3.239494e-01  9.460744e-01 -4.744173e-07
    outer loop
      vertex -3.061622e-01  2.432550e-01 -3.052571e-02
      vertex -3.511021e-01  2.278670e-01  3.500514e-02
      vertex -3.061623e-01  2.432550e-01  3.052461e-02
    endloop
  endfacet
  facet normal -1.412687e-01  9.899713e-01 -2.068851e-07
    outer loop
      vertex -3.061622e-01  2.432550e-01 -3.052571e-02
      vertex -3.061623e-01  2.432550e-01  3.052461e-02
      vertex -2.604167e-01  2.497829e-01 -4.665553e-07
    endloop
  endfacet
  facet normal -3.175724e-01 -9.460742e-01 -6.396195e-02
    outer loop
      vertex -2.941082e-01 -2.432550e-01 -9.037419e-02
      vertex -3.061622e-01 -2.432550e-01 -3.052571e-02
      vertex -3.372786e-01 -2.278670e-01 -1.036397e-01
    endloop
  endfacet
  facet normal -3.175722e-01 -9.460744e-01 -6.396203e-02
    outer loop
      vertex -3.372786e-01 -2.278670e-01 -1.036397e-01
      vertex -3.061622e-01 -2.432550e-01 -3.052571e-02
      vertex -3.511020e-01 -2.278670e-01 -3.500640e-02
    endloop
  endfacet
  facet normal -4.885118e-01 -8.669922e-01 -9.839085e-02
    outer loop
      vertex -3.372786e-01 -2.278670e-01 -1.036397e-01
      vertex -3.511020e-01 -2.278670e-01 -3.500640e-02
      vertex -3.768685e-01 -2.041793e-01 -1.158050e-01
    endloop
  endfacet
  facet normal -4.885121e-01 -8.669921e-01 -9.839068e-02
    outer loop
      vertex -3.768685e-01 -2.041793e-01 -1.158050e-01
      vertex -3.511020e-01 -2.278670e-01 -3.500640e-02
      vertex -3.923144e-01 -2.041793e-01 -3.911546e-02
    endloop
  endfacet
  facet normal -6.413140e-01 -7.563282e-01 -1.291664e-01
    outer loop
      vertex -3.768685e-01 -2.041793e-01 -1.158050e-01
      vertex -3.923144e-01 -2.041793e-01 -3.911546e-02
      vertex -4.114357e-01 -1.730547e-01 -1.264268e-01
    endloop
  endfacet
  facet normal -6.413137e-01 -7.563285e-01 -1.291666e-01
    outer loop
      vertex -4.114357e-01 -1.730547e-01 -1.264268e-01
      vertex -3.923144e-01 -2.041793e-01 -3.911546e-02
      vertex -4.282984e-01 -1.730547e-01 -4.270322e-02
    endloop
  endfacet
  facet normal -7.704663e-01 -6.183051e-01 -1.551791e-01
    outer loop
      vertex -4.114357e-01 -1.730547e-01 -1.264268e-01
      vertex -4.282984e-01 -1.730547e-01 -4.270322e-02
      vertex -4.397212e-01 -1.356269e-01 -1.351185e-01
    endloop
  endfacet
  facet normal -7.704666e-01 -6.183047e-01 -1.551789e-01
    outer loop
      vertex -4.397212e-01 -1.356269e-01 -1.351185e-01
      vertex -4.282984e-01 -1.730547e-01 -4.270322e-02
      vertex -4.577432e-01 -1.356269e-01 -4.563899e-02
    endloop
  endfacet
  facet normal -8.714128e-01 -4.580784e-01 -1.755104e-01
    outer loop
      vertex -4.397212e-01 -1.356269e-01 -1.351185e-01
      vertex -4.577432e-01 -1.356269e-01 -4.563899e-02
      vertex -4.606948e-01 -9.325907e-02 -1.415633e-01
    endloop
  endfacet
  facet normal -8.714128e-01 -4.580786e-01 -1.755105e-01
    outer loop
      vertex -4.606948e-01 -9.325907e-02 -1.415633e-01
      vertex -4.577432e-01 -1.356269e-01 -4.563899e-02
      vertex -4.795763e-01 -9.325907e-02 -4.781585e-02
    endloop
  endfacet
  facet normal -9.406676e-01 -2.815135e-01 -1.894591e-01
    outer loop
      vertex -4.606948e-01 -9.325907e-02 -1.415633e-01
      vertex -4.795763e-01 -9.325907e-02 -4.781585e-02
      vertex -4.735925e-01 -4.749449e-02 -1.455265e-01
    endloop
  endfacet
  facet normal -9.406676e-01 -2.815134e-01 -1.894590e-01
    outer loop
      vertex -4.735925e-01 -4.749449e-02 -1.455265e-01
      vertex -4.795763e-01 -9.325907e-02 -4.781585e-02
      vertex -4.930027e-01 -4.749449e-02 -4.915452e-02
    endloop
  endfacet
  facet normal -9.758844e-01 -9.495814e-02 -1.965519e-01
    outer loop
      vertex -4.735925e-01 -4.749449e-02 -1.455265e-01
      vertex -4.930027e-01 -4.749449e-02 -4.915452e-02
      vertex -4.779446e-01  6.123234e-17 -1.468638e-01
    endloop
  endfacet
  facet normal -9.758844e-01 -9.495813e-02 -1.965519e-01
    outer loop
      vertex -4.779446e-01  6.123234e-17 -1.468638e-01
      vertex -4.930027e-01 -4.749449e-02 -4.915452e-02
      vertex -4.975331e-01  6.123234e-17 -4.960622e-02
    endloop
  endfacet
  facet normal -9.758844e-01  9.495816e-02 -1.965519e-01
    outer loop
      vertex -4.779446e-01  6.123234e-17 -1.468638e-01
      vertex -4.975331e-01  6.123234e-17 -4.960622e-02
      vertex -4.735925e-01  4.749449e-02 -1.455265e-01
    endloop
  endfacet
  facet normal -9.758844e-01  9.495809e-02 -1.965519e-01
    outer loop
      vertex -4.735925e-01  4.749449e-02 -1.455265e-01
      vertex -4.975331e-01  6.123234e-17 -4.960622e-02
      vertex -4.930027e-01  4.749449e-02 -4.915452e-02
    endloop
  endfacet
  facet normal -9.406675e-01  2.815135e-01 -1.894589e-01
    outer loop
      vertex -4.735925e-01  4.749449e-02 -1.455265e-01
      vertex -4.930027e-01  4.749449e-02 -4.915452e-02
      vertex -4.606948e-01  9.325907e-02 -1.415633e-01
    endloop
  endfacet
  facet normal -9.406677e-01  2.815133e-01 -1.894591e-01
    outer loop
      vertex -4.606948e-01  9.325907e-02 -1.415633e-01
      vertex -4.930027e-01  4.749449e-02 -4.915452e-02
      vertex -4.795763e-01  9.325907e-02 -4.781585e-02
    endloop
  endfacet
  facet normal -8.714128e-01  4.580784e-01 -1.755105e-01
    outer loop
      vertex -4.606948e-01  9.325907e-02 -1.415633e-01
      vertex -4.795763e-01  9.325907e-02 -4.781585e-02
      vertex -4.397212e-01  1.356269e-01 -1.351185e-01
    endloop
  endfacet
  facet normal -8.714127e-01  4.580786e-01 -1.755103e-01
    outer loop
      vertex -4.397212e-01  1.356269e-01 -1.351185e-01
      vertex -4.795763e-01  9.325907e-02 -4.781585e-02
      vertex -4.577432e-01  1.356269e-01 -4.563899e-02
    endloop
  endfacet
  facet normal -7.704663e-01  6.183050e-01 -1.551788e-01
    outer loop
      vertex -4.397212e-01  1.356269e-01 -1.351185e-01
      vertex -4.577432e-01  1.356269e-01 -4.563899e-02
      vertex -4.114357e-01  1.730547e-01 -1.264268e-01
    endloop
  endfacet
  facet normal -7.704665e-01  6.183047e-01 -1.551791e-01
    outer loop
      vertex -4.114357e-01  1.730547e-01 -1.264268e-01
      vertex -4.577432e-01  1.356269e-01 -4.563899e-02
      vertex -4.282984e-01  1.730547e-01 -4.270322e-02
    endloop
  endfacet
  facet normal -6.413140e-01  7.563282e-01 -1.291666e-01
    outer loop
      vertex -4.114357e-01  1.730547e-01 -1.264268e-01
      vertex -4.282984e-01  1.730547e-01 -4.270322e-02
      vertex -3.768685e-01  2.041793e-01 -1.158050e-01
    endloop
  endfacet
  facet normal -6.413137e-01  7.563285e-01 -1.291663e-01
    outer loop
      vertex -3.768685e-01  2.041793e-01 -1.158050e-01
      vertex -4.282984e-01  1.730547e-01 -4.270322e-02
      vertex -3.923144e-01  2.041793e-01 -3.911546e-02
    endloop
  endfacet
  facet normal -4.885118e-01  8.669922e-01 -9.839063e-02
    outer loop
      vertex -3.768685e-01  2.041793e-01 -1.158050e-01
      vertex -3.923144e-01  2.041793e-01 -3.911546e-02
      vertex -3.372786e-01  2.278670e-01 -1.036397e-01
    endloop
  endfacet
  facet normal -4.885121e-01  8.669921e-01 -9.839091e-02
    outer loop
      vertex -3.372786e-01  2.278670e-01 -1.036397e-01
      vertex -3.923144e-01  2.041793e-01 -3.911546e-02
      vertex -3.511020e-01  2.278670e-01 -3.500640e-02
    endloop
  endfacet
  facet normal -3.175724e-01  9.460744e-01 -6.396206e-02
    outer loop
      vertex -3.372786e-01  2.278670e-01 -1.036397e-01
      vertex -3.511020e-01  2.278670e-01 -3.500640e-02
      vertex -2.941082e-01  2.432550e-01 -9.037419e-02
    endloop
  endfacet
  facet normal -3.175722e-01  9.460743e-01 -6.396192e-02
    outer loop
      vertex -2.941082e-01  2.432550e-01 -9.037419e-02
      vertex -3.511020e-01  2.278670e-01 -3.500640e-02
      vertex -3.061622e-01  2.432550e-01 -3.052571e-02
    endloop
  endfacet
  facet normal -1.384495e-01  9.899769e-01 -2.788498e-02
    outer loop
      vertex -2.941082e-01  2.432550e-01 -9.037419e-02
      vertex -3.061622e-01  2.432550e-01 -3.052571e-02
      vertex -2.557885e-01  2.497829e-01 -4.887833e-02
    endloop
  endfacet
  facet normal -2.986919e-01 -9.460744e-01 -1.254051e-01
    outer loop
      vertex -2.704748e-01 -2.432550e-01 -1.466646e-01
      vertex -2.941082e-01 -2.432550e-01 -9.037419e-02
      vertex -3.101763e-01 -2.278670e-01 -1.681926e-01
    endloop
  endfacet
  facet normal -2.986920e-01 -9.460744e-01 -1.254051e-01
    outer loop
      vertex -3.101763e-01 -2.278670e-01 -1.681926e-01
      vertex -2.941082e-01 -2.432550e-01 -9.037419e-02
      vertex -3.372786e-01 -2.278670e-01 -1.036397e-01
    endloop
  endfacet
  facet normal -4.594687e-01 -8.669923e-01 -1.929068e-01
    outer loop
      vertex -3.101763e-01 -2.278670e-01 -1.681926e-01
      vertex -3.372786e-01 -2.278670e-01 -1.036397e-01
      vertex -3.465848e-01 -2.041793e-01 -1.879351e-01
    endloop
  endfacet
  facet normal -4.594687e-01 -8.669922e-01 -1.929068e-01
    outer loop
      vertex -3.465848e-01 -2.041793e-01 -1.879351e-01
      vertex -3.372786e-01 -2.278670e-01 -1.036397e-01
      vertex -3.768685e-01 -2.041793e-01 -1.158050e-01
    endloop
  endfacet
  facet normal -6.031864e-01 -7.563283e-01 -2.532463e-01
    outer loop
      vertex -3.465848e-01 -2.041793e-01 -1.879351e-01
      vertex -3.768685e-01 -2.041793e-01 -1.158050e-01
      vertex -3.783743e-01 -1.730547e-01 -2.051729e-01
    endloop
  endfacet
  facet normal -6.031864e-01 -7.563282e-01 -2.532462e-01
    outer loop
      vertex -3.783743e-01 -1.730547e-01 -2.051729e-01
      vertex -3.768685e-01 -2.041793e-01 -1.158050e-01
      vertex -4.114357e-01 -1.730547e-01 -1.264268e-01
    endloop
  endfacet
  facet normal -7.246606e-01 -6.183049e-01 -3.042468e-01
    outer loop
      vertex -3.783743e-01 -1.730547e-01 -2.051729e-01
      vertex -4.114357e-01 -1.730547e-01 -1.264268e-01
      vertex -4.043869e-01 -1.356269e-01 -2.192782e-01
    endloop
  endfacet
  facet normal -7.246605e-01 -6.183051e-01 -3.042469e-01
    outer loop
      vertex -4.043869e-01 -1.356269e-01 -2.192782e-01
      vertex -4.114357e-01 -1.730547e-01 -1.264268e-01
      vertex -4.397212e-01 -1.356269e-01 -1.351185e-01
    endloop
  endfacet
  facet normal -8.196052e-01 -4.580788e-01 -3.441092e-01
    outer loop
      vertex -4.043869e-01 -1.356269e-01 -2.192782e-01
      vertex -4.397212e-01 -1.356269e-01 -1.351185e-01
      vertex -4.236752e-01 -9.325907e-02 -2.297372e-01
    endloop
  endfacet
  facet normal -8.196055e-01 -4.580784e-01 -3.441091e-01
    outer loop
      vertex -4.236752e-01 -9.325907e-02 -2.297372e-01
      vertex -4.397212e-01 -1.356269e-01 -1.351185e-01
      vertex -4.606948e-01 -9.325907e-02 -1.415633e-01
    endloop
  endfacet
  facet normal -8.847430e-01 -2.815130e-01 -3.714569e-01
    outer loop
      vertex -4.236752e-01 -9.325907e-02 -2.297372e-01
      vertex -4.606948e-01 -9.325907e-02 -1.415633e-01
      vertex -4.355365e-01 -4.749449e-02 -2.361690e-01
    endloop
  endfacet
  facet normal -8.847428e-01 -2.815135e-01 -3.714571e-01
    outer loop
      vertex -4.355365e-01 -4.749449e-02 -2.361690e-01
      vertex -4.606948e-01 -9.325907e-02 -1.415633e-01
      vertex -4.735925e-01 -4.749449e-02 -1.455265e-01
    endloop
  endfacet
  facet normal -9.178659e-01 -9.495798e-02 -3.853637e-01
    outer loop
      vertex -4.355365e-01 -4.749449e-02 -2.361690e-01
      vertex -4.735925e-01 -4.749449e-02 -1.455265e-01
      vertex -4.395388e-01  6.123234e-17 -2.383393e-01
    endloop
  endfacet
  facet normal -9.178659e-01 -9.495810e-02 -3.853638e-01
    outer loop
      vertex -4.395388e-01  6.123234e-17 -2.383393e-01
      vertex -4.735925e-01 -4.749449e-02 -1.455265e-01
      vertex -4.779446e-01  6.123234e-17 -1.468638e-01
    endloop
  endfacet
  facet normal -9.178659e-01  9.495795e-02 -3.853638e-01
    outer loop
      vertex -4.395388e-01  6.123234e-17 -2.383393e-01
      vertex -4.779446e-01  6.123234e-17 -1.468638e-01
      vertex -4.355365e-01  4.749449e-02 -2.361690e-01
    endloop
  endfacet
  facet normal -9.178659e-01  9.495808e-02 -3.853637e-01
    outer loop
      vertex -4.355365e-01  4.749449e-02 -2.361690e-01
      vertex -4.779446e-01  6.123234e-17 -1.468638e-01
      vertex -4.735925e-01  4.749449e-02 -1.455265e-01
    endloop
  endfacet
  facet normal -8.847430e-01  2.815130e-01 -3.714572e-01
    outer loop
      vertex -4.355365e-01  4.749449e-02 -2.361690e-01
      vertex -4.735925e-01  4.749449e-02 -1.455265e-01
      vertex -4.236752e-01  9.325907e-02 -2.297372e-01
    endloop
  endfacet
  facet normal -8.847429e-01  2.815135e-01 -3.714568e-01
    outer loop
      vertex -4.236752e-01  9.325907e-02 -2.297372e-01
      vertex -4.735925e-01  4.749449e-02 -1.455265e-01
      vertex -4.606948e-01  9.325907e-02 -1.415633e-01
    endloop
  endfacet
  facet normal -8.196053e-01  4.580788e-01 -3.441090e-01
    outer loop
      vertex -4.236752e-01  9.325907e-02 -2.297372e-01
      vertex -4.606948e-01  9.325907e-02 -1.415633e-01
      vertex -4.043869e-01  1.356269e-01 -2.192782e-01
    endloop
  endfacet
  facet normal -8.196054e-01  4.580784e-01 -3.441093e-01
    outer loop
      vertex -4.043869e-01  1.356269e-01 -2.192782e-01
      vertex -4.606948e-01  9.325907e-02 -1.415633e-01
      vertex -4.397212e-01  1.356269e-01 -1.351185e-01
    endloop
  endfacet
  facet normal -7.246605e-01  6.183049e-01 -3.042469e-01
    outer loop
      vertex -4.043869e-01  1.356269e-01 -2.192782e-01
      vertex -4.397212e-01  1.356269e-01 -1.351185e-01
      vertex -3.783743e-01  1.730547e-01 -2.051729e-01
    endloop
  endfacet
  facet normal -7.246605e-01  6.183051e-01 -3.042468e-01
    outer loop
      vertex -3.783743e-01  1.730547e-01 -2.051729e-01
      vertex -4.397212e-01  1.356269e-01 -1.351185e-01
      vertex -4.114357e-01  1.730547e-01 -1.264268e-01
    endloop
  endfacet
  facet normal -6.031864e-01  7.563283e-01 -2.532462e-01
    outer loop
      vertex -3.783743e-01  1.730547e-01 -2.051729e-01
      vertex -4.114357e-01  1.730547e-01 -1.264268e-01
      vertex -3.465848e-01  2.041793e-01 -1.879351e-01
    endloop
  endfacet
  facet normal -6.031864e-01  7.563282e-01 -2.532463e-01
    outer loop
      vertex -3.465848e-01  2.041793e-01 -1.879351e-01
      vertex -4.114357e-01  1.730547e-01 -1.264268e-01
      vertex -3.768685e-01  2.041793e-01 -1.158050e-01
    endloop
  endfacet
  facet normal -4.594686e-01  8.669923e-01 -1.929068e-01
    outer loop
      vertex -3.465848e-01  2.041793e-01 -1.879351e-01
      vertex -3.768685e-01  2.041793e-01 -1.158050e-01
      vertex -3.101763e-01  2.278670e-01 -1.681926e-01
    endloop
  endfacet
  facet normal -4.594687e-01  8.669922e-01 -1.929068e-01
    outer loop
      vertex -3.101763e-01  2.278670e-01 -1.681926e-01
      vertex -3.768685e-01  2.041793e-01 -1.158050e-01
      vertex -3.372786e-01  2.278670e-01 -1.036397e-01
    endloop
  endfacet
  facet normal -2.986919e-01  9.460744e-01 -1.254051e-01
    outer loop
      vertex -3.101763e-01  2.278670e-01 -1.681926e-01
      vertex -3.372786e-01  2.278670e-01 -1.036397e-01
      vertex -2.704748e-01  2.432550e-01 -1.466646e-01
    endloop
  endfacet
  facet normal -2.986920e-01  9.460744e-01 -1.254052e-01
    outer loop
      vertex -2.704748e-01  2.432550e-01 -1.466646e-01
      vertex -3.372786e-01  2.278670e-01 -1.036397e-01
      vertex -2.941082e-01  2.432550e-01 -9.037419e-02
    endloop
  endfacet
  facet normal -1.301109e-01  9.899935e-01 -5.462679e-02
    outer loop
      vertex -2.704748e-01  2.432550e-01 -1.466646e-01
      vertex -2.941082e-01  2.432550e-01 -9.037419e-02
      vertex -2.420686e-01  2.497829e-01 -9.601887e-02
    endloop
  endfacet
  facet normal -2.680518e-01 -9.460744e-01 -1.819108e-01
    outer loop
      vertex -2.361926e-01 -2.432550e-01 -1.971806e-01
      vertex -2.704748e-01 -2.432550e-01 -1.466646e-01
      vertex -2.708619e-01 -2.278670e-01 -2.261236e-01
    endloop
  endfacet
  facet normal -2.680517e-01 -9.460744e-01 -1.819108e-01
    outer loop
      vertex -2.708619e-01 -2.278670e-01 -2.261236e-01
      vertex -2.704748e-01 -2.432550e-01 -1.466646e-01
      vertex -3.101763e-01 -2.278670e-01 -1.681926e-01
    endloop
  endfacet
  facet normal -4.123360e-01 -8.669921e-01 -2.798280e-01
    outer loop
      vertex -2.708619e-01 -2.278670e-01 -2.261236e-01
      vertex -3.101763e-01 -2.278670e-01 -1.681926e-01
      vertex -3.026558e-01 -2.041793e-01 -2.526660e-01
    endloop
  endfacet
  facet normal -4.123358e-01 -8.669923e-01 -2.798280e-01
    outer loop
      vertex -3.026558e-01 -2.041793e-01 -2.526660e-01
      vertex -3.101763e-01 -2.278670e-01 -1.681926e-01
      vertex -3.465848e-01 -2.041793e-01 -1.879351e-01
    endloop
  endfacet
  facet normal -5.413104e-01 -7.563286e-01 -3.673555e-01
    outer loop
      vertex -3.026558e-01 -2.041793e-01 -2.526660e-01
      vertex -3.465848e-01 -2.041793e-01 -1.879351e-01
      vertex -3.304160e-01 -1.730547e-01 -2.758411e-01
    endloop
  endfacet
  facet normal -5.413108e-01 -7.563283e-01 -3.673555e-01
    outer loop
      vertex -3.304160e-01 -1.730547e-01 -2.758411e-01
      vertex -3.465848e-01 -2.041793e-01 -1.879351e-01
      vertex -3.783743e-01 -1.730547e-01 -2.051729e-01
    endloop
  endfacet
  facet normal -6.503241e-01 -6.183047e-01 -4.413364e-01
    outer loop
      vertex -3.304160e-01 -1.730547e-01 -2.758411e-01
      vertex -3.783743e-01 -1.730547e-01 -2.051729e-01
      vertex -3.531316e-01 -1.356269e-01 -2.948047e-01
    endloop
  endfacet
  facet normal -6.503239e-01 -6.183049e-01 -4.413364e-01
    outer loop
      vertex -3.531316e-01 -1.356269e-01 -2.948047e-01
      vertex -3.783743e-01 -1.730547e-01 -2.051729e-01
      vertex -4.043869e-01 -1.356269e-01 -2.192782e-01
    endloop
  endfacet
  facet normal -7.355291e-01 -4.580787e-01 -4.991601e-01
    outer loop
      vertex -3.531316e-01 -1.356269e-01 -2.948047e-01
      vertex -4.043869e-01 -1.356269e-01 -2.192782e-01
      vertex -3.699750e-01 -9.325907e-02 -3.088662e-01
    endloop
  endfacet
  facet normal -7.355291e-01 -4.580788e-01 -4.991602e-01
    outer loop
      vertex -3.699750e-01 -9.325907e-02 -3.088662e-01
      vertex -4.043869e-01 -1.356269e-01 -2.192782e-01
      vertex -4.236752e-01 -9.325907e-02 -2.297372e-01
    endloop
  endfacet
  facet normal -7.939848e-01 -2.815133e-01 -5.388306e-01
    outer loop
      vertex -3.699750e-01 -9.325907e-02 -3.088662e-01
      vertex -4.236752e-01 -9.325907e-02 -2.297372e-01
      vertex -3.803329e-01 -4.749449e-02 -3.175133e-01
    endloop
  endfacet
  facet normal -7.939849e-01 -2.815129e-01 -5.388305e-01
    outer loop
      vertex -3.803329e-01 -4.749449e-02 -3.175133e-01
      vertex -4.236752e-01 -9.325907e-02 -2.297372e-01
      vertex -4.355365e-01 -4.749449e-02 -2.361690e-01
    endloop
  endfacet
  facet normal -8.237102e-01 -9.495793e-02 -5.590032e-01
    outer loop
      vertex -3.803329e-01 -4.749449e-02 -3.175133e-01
      vertex -4.355365e-01 -4.749449e-02 -2.361690e-01
      vertex -3.838280e-01  6.123234e-17 -3.204311e-01
    endloop
  endfacet
  facet normal -8.237101e-01 -9.495800e-02 -5.590032e-01
    outer loop
      vertex -3.838280e-01  6.123234e-17 -3.204311e-01
      vertex -4.355365e-01 -4.749449e-02 -2.361690e-01
      vertex -4.395388e-01  6.123234e-17 -2.383393e-01
    endloop
  endfacet
  facet normal -8.237101e-01  9.495800e-02 -5.590032e-01
    outer loop
      vertex -3.838280e-01  6.123234e-17 -3.204311e-01
      vertex -4.395388e-01  6.123234e-17 -2.383393e-01
      vertex -3.803329e-01  4.749449e-02 -3.175133e-01
    endloop
  endfacet
  facet normal -8.237102e-01  9.495803e-02 -5.590032e-01
    outer loop
      vertex -3.803329e-01  4.749449e-02 -3.175133e-01
      vertex -4.395388e-01  6.123234e-17 -2.383393e-01
      vertex -4.355365e-01  4.749449e-02 -2.361690e-01
    endloop
  endfacet
  facet normal -7.939849e-01  2.815134e-01 -5.388305e-01
    outer loop
      vertex -3.803329e-01  4.749449e-02 -3.175133e-01
      vertex -4.355365e-01  4.749449e-02 -2.361690e-01
      vertex -3.699750e-01  9.325907e-02 -3.088662e-01
    endloop
  endfacet
  facet normal -7.939849e-01  2.815130e-01 -5.388307e-01
    outer loop
      vertex -3.699750e-01  9.325907e-02 -3.088662e-01
      vertex -4.355365e-01  4.749449e-02 -2.361690e-01
      vertex -4.236752e-01  9.325907e-02 -2.297372e-01
    endloop
  endfacet
  facet normal -7.355291e-01  4.580787e-01 -4.991602e-01
    outer loop
      vertex -3.699750e-01  9.325907e-02 -3.088662e-01
      vertex -4.236752e-01  9.325907e-02 -2.297372e-01
      vertex -3.531316e-01  1.356269e-01 -2.948047e-01
    endloop
  endfacet
  facet normal -7.355291e-01  4.580788e-01 -4.991601e-01
    outer loop
      vertex -3.531316e-01  1.356269e-01 -2.948047e-01
      vertex -4.236752e-01  9.325907e-02 -2.297372e-01
      vertex -4.043869e-01  1.356269e-01 -2.192782e-01
    endloop
  endfacet
  facet normal -6.503240e-01  6.183047e-01 -4.413365e-01
    outer loop
      vertex -3.531316e-01  1.356269e-01 -2.948047e-01
      vertex -4.043869e-01  1.356269e-01 -2.192782e-01
      vertex -3.304160e-01  1.730547e-01 -2.758411e-01
    endloop
  endfacet
  facet normal -6.503240e-01  6.183049e-01 -4.413363e-01
    outer loop
      vertex -3.304160e-01  1.730547e-01 -2.758411e-01
      vertex -4.043869e-01  1.356269e-01 -2.192782e-01
      vertex -3.783743e-01  1.730547e-01 -2.051729e-01
    endloop
  endfacet
  facet normal -5.413105e-01  7.563286e-01 -3.673553e-01
    outer loop
      vertex -3.304160e-01  1.730547e-01 -2.758411e-01
      vertex -3.783743e-01  1.730547e-01 -2.051729e-01
      vertex -3.026558e-01  2.041793e-01 -2.526660e-01
    endloop
  endfacet
  facet normal -5.413106e-01  7.563283e-01 -3.673557e-01
    outer loop
      vertex -3.026558e-01  2.041793e-01 -2.526660e-01
      vertex -3.783743e-01  1.730547e-01 -2.051729e-01
      vertex -3.465848e-01  2.041793e-01 -1.879351e-01
    endloop
  endfacet
  facet normal -4.123359e-01  8.669922e-01 -2.798281e-01
    outer loop
      vertex -3.026558e-01  2.041793e-01 -2.526660e-01
      vertex -3.465848e-01  2.041793e-01 -1.879351e-01
      vertex -2.708619e-01  2.278670e-01 -2.261236e-01
    endloop
  endfacet
  facet normal -4.123358e-01  8.669922e-01 -2.798278e-01
    outer loop
      vertex -2.708619e-01  2.278670e-01 -2.261236e-01
      vertex -3.465848e-01  2.041793e-01 -1.879351e-01
      vertex -3.101763e-01  2.278670e-01 -1.681926e-01
    endloop
  endfacet
  facet normal -2.680517e-01  9.460743e-01 -1.819108e-01
    outer loop
      vertex -2.708619e-01  2.278670e-01 -2.261236e-01
      vertex -3.101763e-01  2.278670e-01 -1.681926e-01
      vertex -2.361926e-01  2.432550e-01 -1.971806e-01
    endloop
  endfacet
  facet normal -2.680518e-01  9.460744e-01 -1.819108e-01
    outer loop
      vertex -2.361926e-01  2.432550e-01 -1.971806e-01
      vertex -3.101763e-01  2.278670e-01 -1.681926e-01
      vertex -2.704748e-01  2.432550e-01 -1.466646e-01
    endloop
  endfacet
  facet normal -1.166036e-01  9.900210e-01 -7.913193e-02
    outer loop
      vertex -2.361926e-01  2.432550e-01 -1.971806e-01
      vertex -2.704748e-01  2.432550e-01 -1.466646e-01
      vertex -2.197447e-01  2.497829e-01 -1.397465e-01
    endloop
  endfacet
  facet normal -2.268581e-01 -9.460744e-01 -2.312546e-01
    outer loop
      vertex -1.926112e-01 -2.432550e-01 -2.399334e-01
      vertex -2.361926e-01 -2.432550e-01 -1.971806e-01
      vertex -2.208835e-01 -2.278670e-01 -2.751519e-01
    endloop
  endfacet
  facet normal -2.268582e-01 -9.460744e-01 -2.312546e-01
    outer loop
      vertex -2.208835e-01 -2.278670e-01 -2.751519e-01
      vertex -2.361926e-01 -2.432550e-01 -1.971806e-01
      vertex -2.708619e-01 -2.278670e-01 -2.261236e-01
    endloop
  endfacet
  facet normal -3.489691e-01 -8.669921e-01 -3.557320e-01
    outer loop
      vertex -2.208835e-01 -2.278670e-01 -2.751519e-01
      vertex -2.708619e-01 -2.278670e-01 -2.261236e-01
      vertex -2.468108e-01 -2.041793e-01 -3.074493e-01
    endloop
  endfacet
  facet normal -3.489691e-01 -8.669922e-01 -3.557321e-01
    outer loop
      vertex -2.468108e-01 -2.041793e-01 -3.074493e-01
      vertex -2.708619e-01 -2.278670e-01 -2.261236e-01
      vertex -3.026558e-01 -2.041793e-01 -2.526660e-01
    endloop
  endfacet
  facet normal -4.581231e-01 -7.563286e-01 -4.670014e-01
    outer loop
      vertex -2.468108e-01 -2.041793e-01 -3.074493e-01
      vertex -3.026558e-01 -2.041793e-01 -2.526660e-01
      vertex -2.694489e-01 -1.730547e-01 -3.356492e-01
    endloop
  endfacet
  facet normal -4.581231e-01 -7.563286e-01 -4.670014e-01
    outer loop
      vertex -2.694489e-01 -1.730547e-01 -3.356492e-01
      vertex -3.026558e-01 -2.041793e-01 -2.526660e-01
      vertex -3.304160e-01 -1.730547e-01 -2.758411e-01
    endloop
  endfacet
  facet normal -5.503837e-01 -6.183046e-01 -5.610501e-01
    outer loop
      vertex -2.694489e-01 -1.730547e-01 -3.356492e-01
      vertex -3.304160e-01 -1.730547e-01 -2.758411e-01
      vertex -2.879730e-01 -1.356269e-01 -3.587245e-01
    endloop
  endfacet
  facet normal -5.503836e-01 -6.183047e-01 -5.610500e-01
    outer loop
      vertex -2.879730e-01 -1.356269e-01 -3.587245e-01
      vertex -3.304160e-01 -1.730547e-01 -2.758411e-01
      vertex -3.531316e-01 -1.356269e-01 -2.948047e-01
    endloop
  endfacet
  facet normal -6.224946e-01 -4.580786e-01 -6.345586e-01
    outer loop
      vertex -2.879730e-01 -1.356269e-01 -3.587245e-01
      vertex -3.531316e-01 -1.356269e-01 -2.948047e-01
      vertex -3.017086e-01 -9.325907e-02 -3.758347e-01
    endloop
  endfacet
  facet normal -6.224945e-01 -4.580788e-01 -6.345585e-01
    outer loop
      vertex -3.017086e-01 -9.325907e-02 -3.758347e-01
      vertex -3.531316e-01 -1.356269e-01 -2.948047e-01
      vertex -3.699750e-01 -9.325907e-02 -3.088662e-01
    endloop
  endfacet
  facet normal -6.719669e-01 -2.815133e-01 -6.849896e-01
    outer loop
      vertex -3.017086e-01 -9.325907e-02 -3.758347e-01
      vertex -3.699750e-01 -9.325907e-02 -3.088662e-01
      vertex -3.101553e-01 -4.749449e-02 -3.863567e-01
    endloop
  endfacet
  facet normal -6.719669e-01 -2.815133e-01 -6.849896e-01
    outer loop
      vertex -3.101553e-01 -4.749449e-02 -3.863567e-01
      vertex -3.699750e-01 -9.325907e-02 -3.088662e-01
      vertex -3.803329e-01 -4.749449e-02 -3.175133e-01
    endloop
  endfacet
  facet normal -6.971241e-01 -9.495771e-02 -7.106344e-01
    outer loop
      vertex -3.101553e-01 -4.749449e-02 -3.863567e-01
      vertex -3.803329e-01 -4.749449e-02 -3.175133e-01
      vertex -3.130055e-01  6.123234e-17 -3.899071e-01
    endloop
  endfacet
  facet normal -6.971239e-01 -9.495801e-02 -7.106345e-01
    outer loop
      vertex -3.130055e-01  6.123234e-17 -3.899071e-01
      vertex -3.803329e-01 -4.749449e-02 -3.175133e-01
      vertex -3.838280e-01  6.123234e-17 -3.204311e-01
    endloop
  endfacet
  facet normal -6.971239e-01  9.495771e-02 -7.106345e-01
    outer loop
      vertex -3.130055e-01  6.123234e-17 -3.899071e-01
      vertex -3.838280e-01  6.123234e-17 -3.204311e-01
      vertex -3.101553e-01  4.749449e-02 -3.863567e-01
    endloop
  endfacet
  facet normal -6.971239e-01  9.495800e-02 -7.106343e-01
    outer loop
      vertex -3.101553e-01  4.749449e-02 -3.863567e-01
      vertex -3.838280e-01  6.123234e-17 -3.204311e-01
      vertex -3.803329e-01  4.749449e-02 -3.175133e-01
    endloop
  endfacet
  facet normal -6.719669e-01  2.815134e-01 -6.849896e-01
    outer loop
      vertex -3.101553e-01  4.749449e-02 -3.863567e-01
      vertex -3.803329e-01  4.749449e-02 -3.175133e-01
      vertex -3.017086e-01  9.325907e-02 -3.758347e-01
    endloop
  endfacet
  facet normal -6.719669e-01  2.815133e-01 -6.849896e-01
    outer loop
      vertex -3.017086e-01  9.325907e-02 -3.758347e-01
      vertex -3.803329e-01  4.749449e-02 -3.175133e-01
      vertex -3.699750e-01  9.325907e-02 -3.088662e-01
    endloop
  endfacet
  facet normal -6.224946e-01  4.580786e-01 -6.345586e-01
    outer loop
      vertex -3.017086e-01  9.325907e-02 -3.758347e-01
      vertex -3.699750e-01  9.325907e-02 -3.088662e-01
      vertex -2.879730e-01  1.356269e-01 -3.587245e-01
    endloop
  endfacet
  facet normal -6.224946e-01  4.580788e-01 -6.345585e-01
    outer loop
      vertex -2.879730e-01  1.356269e-01 -3.587245e-01
      vertex -3.699750e-01  9.325907e-02 -3.088662e-01
      vertex -3.531316e-01  1.356269e-01 -2.948047e-01
    endloop
  endfacet
  facet normal -5.503836e-01  6.183046e-01 -5.610501e-01
    outer loop
      vertex -2.879730e-01  1.356269e-01 -3.587245e-01
      vertex -3.531316e-01  1.356269e-01 -2.948047e-01
      vertex -2.694489e-01  1.730547e-01 -3.356492e-01
    endloop
  endfacet
  facet normal -5.503837e-01  6.183047e-01 -5.610500e-01
    outer loop
      vertex -2.694489e-01  1.730547e-01 -3.356492e-01
      vertex -3.531316e-01  1.356269e-01 -2.948047e-01
      vertex -3.304160e-01  1.730547e-01 -2.758411e-01
    endloop
  endfacet
  facet normal -4.581230e-01  7.563286e-01 -4.670014e-01
    outer loop
      vertex -2.694489e-01  1.730547e-01 -3.356492e-01
      vertex -3.304160e-01  1.730547e-01 -2.758411e-01
      vertex -2.468108e-01  2.041793e-01 -3.074493e-01
    endloop
  endfacet
  facet normal -4.581231e-01  7.563286e-01 -4.670015e-01
    outer loop
      vertex -2.468108e-01  2.041793e-01 -3.074493e-01
      vertex -3.304160e-01  1.730547e-01 -2.758411e-01
      vertex -3.026558e-01  2.041793e-01 -2.526660e-01
    endloop
  endfacet
  facet normal -3.489691e-01  8.669921e-01 -3.557321e-01
    outer loop
      vertex -2.468108e-01  2.041793e-01 -3.074493e-01
      vertex -3.026558e-01  2.041793e-01 -2.526660e-01
      vertex -2.208835e-01  2.278670e-01 -2.751519e-01
    endloop
  endfacet
  facet normal -3.489691e-01  8.669921e-01 -3.557320e-01
    outer loop
      vertex -2.208835e-01  2.278670e-01 -2.751519e-01
      vertex -3.026558e-01  2.041793e-01 -2.526660e-01
      vertex -2.708619e-01  2.278670e-01 -2.261236e-01
    endloop
  endfacet
  facet normal -2.268581e-01  9.460744e-01 -2.312546e-01
    outer loop
      vertex -2.208835e-01  2.278670e-01 -2.751519e-01
      vertex -2.708619e-01  2.278670e-01 -2.261236e-01
      vertex -1.926112e-01  2.432550e-01 -2.399334e-01
    endloop
  endfacet
  facet normal -2.268582e-01  9.460744e-01 -2.312547e-01
    outer loop
      vertex -1.926112e-01  2.432550e-01 -2.399334e-01
      vertex -2.708619e-01  2.278670e-01 -2.261236e-01
      vertex -2.361926e-01  2.432550e-01 -1.971806e-01
    endloop
  endfacet
  facet normal -9.849475e-02  9.900596e-01 -1.004036e-01
    outer loop
      vertex -1.926112e-01  2.432550e-01 -2.399334e-01
      vertex -2.361926e-01  2.432550e-01 -1.971806e-01
      vertex -1.896103e-01  2.497829e-01 -1.785071e-01
    endloop
  endfacet
  facet normal -1.767328e-01 -9.460744e-01 -2.714937e-01
    outer loop
      vertex -1.414465e-01 -2.432550e-01 -2.732398e-01
      vertex -1.926112e-01 -2.432550e-01 -2.399334e-01
      vertex -1.622086e-01 -2.278670e-01 -3.133471e-01
    endloop
  endfacet
  facet normal -1.767327e-01 -9.460744e-01 -2.714937e-01
    outer loop
      vertex -1.622086e-01 -2.278670e-01 -3.133471e-01
      vertex -1.926112e-01 -2.432550e-01 -2.399334e-01
      vertex -2.208835e-01 -2.278670e-01 -2.751519e-01
    endloop
  endfacet
  facet normal -2.718627e-01 -8.669922e-01 -4.176306e-01
    outer loop
      vertex -1.622086e-01 -2.278670e-01 -3.133471e-01
      vertex -2.208835e-01 -2.278670e-01 -2.751519e-01
      vertex -1.812487e-01 -2.041793e-01 -3.501279e-01
    endloop
  endfacet
  facet normal -2.718628e-01 -8.669921e-01 -4.176306e-01
    outer loop
      vertex -1.812487e-01 -2.041793e-01 -3.501279e-01
      vertex -2.208835e-01 -2.278670e-01 -2.751519e-01
      vertex -2.468108e-01 -2.041793e-01 -3.074493e-01
    endloop
  endfacet
  facet normal -3.568988e-01 -7.563285e-01 -5.482613e-01
    outer loop
      vertex -1.812487e-01 -2.041793e-01 -3.501279e-01
      vertex -2.468108e-01 -2.041793e-01 -3.074493e-01
      vertex -1.978732e-01 -1.730547e-01 -3.822424e-01
    endloop
  endfacet
  facet normal -3.568986e-01 -7.563285e-01 -5.482613e-01
    outer loop
      vertex -1.978732e-01 -1.730547e-01 -3.822424e-01
      vertex -2.468108e-01 -2.041793e-01 -3.074493e-01
      vertex -2.694489e-01 -1.730547e-01 -3.356492e-01
    endloop
  endfacet
  facet normal -4.287737e-01 -6.183048e-01 -6.586746e-01
    outer loop
      vertex -1.978732e-01 -1.730547e-01 -3.822424e-01
      vertex -2.694489e-01 -1.730547e-01 -3.356492e-01
      vertex -2.114767e-01 -1.356269e-01 -4.085209e-01
    endloop
  endfacet
  facet normal -4.287739e-01 -6.183046e-01 -6.586746e-01
    outer loop
      vertex -2.114767e-01 -1.356269e-01 -4.085209e-01
      vertex -2.694489e-01 -1.730547e-01 -3.356492e-01
      vertex -2.879730e-01 -1.356269e-01 -3.587245e-01
    endloop
  endfacet
  facet normal -4.849516e-01 -4.580788e-01 -7.449737e-01
    outer loop
      vertex -2.114767e-01 -1.356269e-01 -4.085209e-01
      vertex -2.879730e-01 -1.356269e-01 -3.587245e-01
      vertex -2.215636e-01 -9.325907e-02 -4.280063e-01
    endloop
  endfacet
  facet normal -4.849518e-01 -4.580786e-01 -7.449737e-01
    outer loop
      vertex -2.215636e-01 -9.325907e-02 -4.280063e-01
      vertex -2.879730e-01 -1.356269e-01 -3.587245e-01
      vertex -3.017086e-01 -9.325907e-02 -3.758347e-01
    endloop
  endfacet
  facet normal -5.234931e-01 -2.815131e-01 -8.041800e-01
    outer loop
      vertex -2.215636e-01 -9.325907e-02 -4.280063e-01
      vertex -3.017086e-01 -9.325907e-02 -3.758347e-01
      vertex -2.277665e-01 -4.749449e-02 -4.399889e-01
    endloop
  endfacet
  facet normal -5.234928e-01 -2.815135e-01 -8.041800e-01
    outer loop
      vertex -2.277665e-01 -4.749449e-02 -4.399889e-01
      vertex -3.017086e-01 -9.325907e-02 -3.758347e-01
      vertex -3.101553e-01 -4.749449e-02 -3.863567e-01
    endloop
  endfacet
  facet normal -5.430914e-01 -9.495804e-02 -8.342870e-01
    outer loop
      vertex -2.277665e-01 -4.749449e-02 -4.399889e-01
      vertex -3.101553e-01 -4.749449e-02 -3.863567e-01
      vertex -2.298596e-01  6.123234e-17 -4.440322e-01
    endloop
  endfacet
  facet normal -5.430915e-01 -9.495771e-02 -8.342869e-01
    outer loop
      vertex -2.298596e-01  6.123234e-17 -4.440322e-01
      vertex -3.101553e-01 -4.749449e-02 -3.863567e-01
      vertex -3.130055e-01  6.123234e-17 -3.899071e-01
    endloop
  endfacet
  facet normal -5.430915e-01  9.495791e-02 -8.342869e-01
    outer loop
      vertex -2.298596e-01  6.123234e-17 -4.440322e-01
      vertex -3.130055e-01  6.123234e-17 -3.899071e-01
      vertex -2.277665e-01  4.749449e-02 -4.399889e-01
    endloop
  endfacet
  facet normal -5.430914e-01  9.495774e-02 -8.342870e-01
    outer loop
      vertex -2.277665e-01  4.749449e-02 -4.399889e-01
      vertex -3.130055e-01  6.123234e-17 -3.899071e-01
      vertex -3.101553e-01  4.749449e-02 -3.863567e-01
    endloop
  endfacet
  facet normal -5.234928e-01  2.815130e-01 -8.041801e-01
    outer loop
      vertex -2.277665e-01  4.749449e-02 -4.399889e-01
      vertex -3.101553e-01  4.749449e-02 -3.863567e-01
      vertex -2.215636e-01  9.325907e-02 -4.280063e-01
    endloop
  endfacet
  facet normal -5.234929e-01  2.815135e-01 -8.041798e-01
    outer loop
      vertex -2.215636e-01  9.325907e-02 -4.280063e-01
      vertex -3.101553e-01  4.749449e-02 -3.863567e-01
      vertex -3.017086e-01  9.325907e-02 -3.758347e-01
    endloop
  endfacet
  facet normal -4.849517e-01  4.580789e-01 -7.449736e-01
    outer loop
      vertex -2.215636e-01  9.325907e-02 -4.280063e-01
      vertex -3.017086e-01  9.325907e-02 -3.758347e-01
      vertex -2.114767e-01  1.356269e-01 -4.085209e-01
    endloop
  endfacet
  facet normal -4.849516e-01  4.580785e-01 -7.449738e-01
    outer loop
      vertex -2.114767e-01  1.356269e-01 -4.085209e-01
      vertex -3.017086e-01  9.325907e-02 -3.758347e-01
      vertex -2.879730e-01  1.356269e-01 -3.587245e-01
    endloop
  endfacet
  facet normal -4.287739e-01  6.183048e-01 -6.586745e-01
    outer loop
      vertex -2.114767e-01  1.356269e-01 -4.085209e-01
      vertex -2.879730e-01  1.356269e-01 -3.587245e-01
      vertex -1.978732e-01  1.730547e-01 -3.822424e-01
    endloop
  endfacet
  facet normal -4.287738e-01  6.183047e-01 -6.586747e-01
    outer loop
      vertex -1.978732e-01  1.730547e-01 -3.822424e-01
      vertex -2.879730e-01  1.356269e-01 -3.587245e-01
      vertex -2.694489e-01  1.730547e-01 -3.356492e-01
    endloop
  endfacet
  facet normal -3.568987e-01  7.563285e-01 -5.482614e-01
    outer loop
      vertex -1.978732e-01  1.730547e-01 -3.822424e-01
      vertex -2.694489e-01  1.730547e-01 -3.356492e-01
      vertex -1.812487e-01  2.041793e-01 -3.501279e-01
    endloop
  endfacet
  facet normal -3.568987e-01  7.563286e-01 -5.482612e-01
    outer loop
      vertex -1.812487e-01  2.041793e-01 -3.501279e-01
      vertex -2.694489e-01  1.730547e-01 -3.356492e-01
      vertex -2.468108e-01  2.041793e-01 -3.074493e-01
    endloop
  endfacet
  facet normal -2.718628e-01  8.669922e-01 -4.176306e-01
    outer loop
      vertex -1.812487e-01  2.041793e-01 -3.501279e-01
      vertex -2.468108e-01  2.041793e-01 -3.074493e-01
      vertex -1.622086e-01  2.278670e-01 -3.133471e-01
    endloop
  endfacet
  facet normal -2.718627e-01  8.669921e-01 -4.176306e-01
    outer loop
      vertex -1.622086e-01  2.278670e-01 -3.133471e-01
      vertex -2.468108e-01  2.041793e-01 -3.074493e-01
      vertex -2.208835e-01  2.278670e-01 -2.751519e-01
    endloop
  endfacet
  facet normal -1.767328e-01  9.460743e-01 -2.714937e-01
    outer loop
      vertex -1.622086e-01  2.278670e-01 -3.133471e-01
      vertex -2.208835e-01  2.278670e-01 -2.751519e-01
      vertex -1.414465e-01  2.432550e-01 -2.732398e-01
    endloop
  endfacet
  facet normal -1.767328e-01  9.460743e-01 -2.714936e-01
    outer loop
      vertex -1.414465e-01  2.432550e-01 -2.732398e-01
      vertex -2.208835e-01  2.278670e-01 -2.751519e-01
      vertex -1.926112e-01  2.432550e-01 -2.399334e-01
    endloop
  endfacet
  facet normal -7.654300e-02  9.901087e-01 -1.175839e-01
    outer loop
      vertex -1.414465e-01  2.432550e-01 -2.732398e-01
      vertex -1.926112e-01  2.432550e-01 -2.399334e-01
      vertex -1.527364e-01  2.497829e-01 -2.109228e-01
    endloop
  endfacet
  facet normal -1.196494e-01 -9.460744e-01 -3.010438e-01
    outer loop
      vertex -8.471293e-02 -2.432550e-01 -2.957885e-01
      vertex -1.414465e-01 -2.432550e-01 -2.732398e-01
      vertex -9.714746e-02 -2.278670e-01 -3.392056e-01
    endloop
  endfacet
  facet normal -1.196494e-01 -9.460743e-01 -3.010437e-01
    outer loop
      vertex -9.714746e-02 -2.278670e-01 -3.392056e-01
      vertex -1.414465e-01 -2.432550e-01 -2.732398e-01
      vertex -1.622086e-01 -2.278670e-01 -3.133471e-01
    endloop
  endfacet
  facet normal -1.840530e-01 -8.669921e-01 -4.630865e-01
    outer loop
      vertex -9.714746e-02 -2.278670e-01 -3.392056e-01
      vertex -1.622086e-01 -2.278670e-01 -3.133471e-01
      vertex -1.085507e-01 -2.041793e-01 -3.790216e-01
    endloop
  endfacet
  facet normal -1.840530e-01 -8.669922e-01 -4.630865e-01
    outer loop
      vertex -1.085507e-01 -2.041793e-01 -3.790216e-01
      vertex -1.622086e-01 -2.278670e-01 -3.133471e-01
      vertex -1.812487e-01 -2.041793e-01 -3.501279e-01
    endloop
  endfacet
  facet normal -2.416230e-01 -7.563285e-01 -6.079354e-01
    outer loop
      vertex -1.085507e-01 -2.041793e-01 -3.790216e-01
      vertex -1.812487e-01 -2.041793e-01 -3.501279e-01
      vertex -1.185072e-01 -1.730547e-01 -4.137863e-01
    endloop
  endfacet
  facet normal -2.416231e-01 -7.563285e-01 -6.079355e-01
    outer loop
      vertex -1.185072e-01 -1.730547e-01 -4.137863e-01
      vertex -1.812487e-01 -2.041793e-01 -3.501279e-01
      vertex -1.978732e-01 -1.730547e-01 -3.822424e-01
    endloop
  endfacet
  facet normal -2.902830e-01 -6.183050e-01 -7.303662e-01
    outer loop
      vertex -1.185072e-01 -1.730547e-01 -4.137863e-01
      vertex -1.978732e-01 -1.730547e-01 -3.822424e-01
      vertex -1.266543e-01 -1.356269e-01 -4.422334e-01
    endloop
  endfacet
  facet normal -2.902831e-01 -6.183048e-01 -7.303663e-01
    outer loop
      vertex -1.266543e-01 -1.356269e-01 -4.422334e-01
      vertex -1.978732e-01 -1.730547e-01 -3.822424e-01
      vertex -2.114767e-01 -1.356269e-01 -4.085209e-01
    endloop
  endfacet
  facet normal -3.283159e-01 -4.580785e-01 -8.260586e-01
    outer loop
      vertex -1.266543e-01 -1.356269e-01 -4.422334e-01
      vertex -2.114767e-01 -1.356269e-01 -4.085209e-01
      vertex -1.326954e-01 -9.325907e-02 -4.633268e-01
    endloop
  endfacet
  facet normal -3.283156e-01 -4.580788e-01 -8.260584e-01
    outer loop
      vertex -1.326954e-01 -9.325907e-02 -4.633268e-01
      vertex -2.114767e-01 -1.356269e-01 -4.085209e-01
      vertex -2.215636e-01 -9.325907e-02 -4.280063e-01
    endloop
  endfacet
  facet normal -3.544084e-01 -2.815131e-01 -8.917091e-01
    outer loop
      vertex -1.326954e-01 -9.325907e-02 -4.633268e-01
      vertex -2.215636e-01 -9.325907e-02 -4.280063e-01
      vertex -1.364104e-01 -4.749449e-02 -4.762982e-01
    endloop
  endfacet
  facet normal -3.544084e-01 -2.815131e-01 -8.917091e-01
    outer loop
      vertex -1.364104e-01 -4.749449e-02 -4.762982e-01
      vertex -2.215636e-01 -9.325907e-02 -4.280063e-01
      vertex -2.277665e-01 -4.749449e-02 -4.399889e-01
    endloop
  endfacet
  facet normal -3.676767e-01 -9.495803e-02 -9.250929e-01
    outer loop
      vertex -1.364104e-01 -4.749449e-02 -4.762982e-01
      vertex -2.277665e-01 -4.749449e-02 -4.399889e-01
      vertex -1.376639e-01  6.123234e-17 -4.806752e-01
    endloop
  endfacet
  facet normal -3.676767e-01 -9.495796e-02 -9.250928e-01
    outer loop
      vertex -1.376639e-01  6.123234e-17 -4.806752e-01
      vertex -2.277665e-01 -4.749449e-02 -4.399889e-01
      vertex -2.298596e-01  6.123234e-17 -4.440322e-01
    endloop
  endfacet
  facet normal -3.676767e-01  9.495801e-02 -9.250928e-01
    outer loop
      vertex -1.376639e-01  6.123234e-17 -4.806752e-01
      vertex -2.298596e-01  6.123234e-17 -4.440322e-01
      vertex -1.364104e-01  4.749449e-02 -4.762982e-01
    endloop
  endfacet
  facet normal -3.676767e-01  9.495798e-02 -9.250929e-01
    outer loop
      vertex -1.364104e-01  4.749449e-02 -4.762982e-01
      vertex -2.298596e-01  6.123234e-17 -4.440322e-01
      vertex -2.277665e-01  4.749449e-02 -4.399889e-01
    endloop
  endfacet
  facet normal -3.544084e-01  2.815131e-01 -8.917090e-01
    outer loop
      vertex -1.364104e-01  4.749449e-02 -4.762982e-01
      vertex -2.277665e-01  4.749449e-02 -4.399889e-01
      vertex -1.326954e-01  9.325907e-02 -4.633268e-01
    endloop
  endfacet
  facet normal -3.544084e-01  2.815131e-01 -8.917091e-01
    outer loop
      vertex -1.326954e-01  9.325907e-02 -4.633268e-01
      vertex -2.277665e-01  4.749449e-02 -4.399889e-01
      vertex -2.215636e-01  9.325907e-02 -4.280063e-01
    endloop
  endfacet
  facet normal -3.283157e-01  4.580785e-01 -8.260586e-01
    outer loop
      vertex -1.326954e-01  9.325907e-02 -4.633268e-01
      vertex -2.215636e-01  9.325907e-02 -4.280063e-01
      vertex -1.266543e-01  1.356269e-01 -4.422334e-01
    endloop
  endfacet
  facet normal -3.283158e-01  4.580788e-01 -8.260584e-01
    outer loop
      vertex -1.266543e-01  1.356269e-01 -4.422334e-01
      vertex -2.215636e-01  9.325907e-02 -4.280063e-01
      vertex -2.114767e-01  1.356269e-01 -4.085209e-01
    endloop
  endfacet
  facet normal -2.902830e-01  6.183049e-01 -7.303662e-01
    outer loop
      vertex -1.266543e-01  1.356269e-01 -4.422334e-01
      vertex -2.114767e-01  1.356269e-01 -4.085209e-01
      vertex -1.185072e-01  1.730547e-01 -4.137863e-01
    endloop
  endfacet
  facet normal -2.902830e-01  6.183048e-01 -7.303662e-01
    outer loop
      vertex -1.185072e-01  1.730547e-01 -4.137863e-01
      vertex -2.114767e-01  1.356269e-01 -4.085209e-01
      vertex -1.978732e-01  1.730547e-01 -3.822424e-01
    endloop
  endfacet
  facet normal -2.416230e-01  7.563285e-01 -6.079354e-01
    outer loop
      vertex -1.185072e-01  1.730547e-01 -4.137863e-01
      vertex -1.978732e-01  1.730547e-01 -3.822424e-01
      vertex -1.085507e-01  2.041793e-01 -3.790216e-01
    endloop
  endfacet
  facet normal -2.416230e-01  7.563285e-01 -6.079355e-01
    outer loop
      vertex -1.085507e-01  2.041793e-01 -3.790216e-01
      vertex -1.978732e-01  1.730547e-01 -3.822424e-01
      vertex -1.812487e-01  2.041793e-01 -3.501279e-01
    endloop
  endfacet
  facet normal -1.840530e-01  8.669922e-01 -4.630865e-01
    outer loop
      vertex -1.085507e-01  2.041793e-01 -3.790216e-01
      vertex -1.812487e-01  2.041793e-01 -3.501279e-01
      vertex -9.714746e-02  2.278670e-01 -3.392056e-01
    endloop
  endfacet
  facet normal -1.840530e-01  8.669921e-01 -4.630865e-01
    outer loop
      vertex -9.714746e-02  2.278670e-01 -3.392056e-01
      vertex -1.812487e-01  2.041793e-01 -3.501279e-01
      vertex -1.622086e-01  2.278670e-01 -3.133471e-01
    endloop
  endfacet
  facet normal -1.196494e-01  9.460744e-01 -3.010438e-01
    outer loop
      vertex -9.714746e-02  2.278670e-01 -3.392056e-01
      vertex -1.622086e-01  2.278670e-01 -3.133471e-01
      vertex -8.471293e-02  2.432550e-01 -2.957885e-01
    endloop
  endfacet
  facet normal -1.196494e-01  9.460744e-01 -3.010437e-01
    outer loop
      vertex -8.471293e-02  2.432550e-01 -2.957885e-01
      vertex -1.622086e-01  2.278670e-01 -3.133471e-01
      vertex -1.414465e-01  2.432550e-01 -2.732398e-01
    endloop
  endfacet
  facet normal -5.166473e-02  9.901682e-01 -1.299910e-01
    outer loop
      vertex -8.471293e-02  2.432550e-01 -2.957885e-01
      vertex -1.414465e-01  2.432550e-01 -2.732398e-01
      vertex -1.104336e-01  2.497829e-01 -2.358416e-01
    endloop
  endfacet
  facet normal -5.785524e-02 -9.460742e-01 -3.187414e-01
    outer loop
      vertex -2.464413e-02 -2.432550e-01 -3.066917e-01
      vertex -8.471293e-02 -2.432550e-01 -2.957885e-01
      vertex -2.826150e-02 -2.278670e-01 -3.517092e-01
    endloop
  endfacet
  facet normal -5.785524e-02 -9.460744e-01 -3.187415e-01
    outer loop
      vertex -2.826150e-02 -2.278670e-01 -3.517092e-01
      vertex -8.471293e-02 -2.432550e-01 -2.957885e-01
      vertex -9.714746e-02 -2.278670e-01 -3.392056e-01
    endloop
  endfacet
  facet normal -8.899695e-02 -8.669922e-01 -4.903103e-01
    outer loop
      vertex -2.826150e-02 -2.278670e-01 -3.517092e-01
      vertex -9.714746e-02 -2.278670e-01 -3.392056e-01
      vertex -3.157884e-02 -2.041793e-01 -3.929929e-01
    endloop
  endfacet
  facet normal -8.899695e-02 -8.669922e-01 -4.903103e-01
    outer loop
      vertex -3.157884e-02 -2.041793e-01 -3.929929e-01
      vertex -9.714746e-02 -2.278670e-01 -3.392056e-01
      vertex -1.085507e-01 -2.041793e-01 -3.790216e-01
    endloop
  endfacet
  facet normal -1.168343e-01 -7.563285e-01 -6.436745e-01
    outer loop
      vertex -3.157884e-02 -2.041793e-01 -3.929929e-01
      vertex -1.085507e-01 -2.041793e-01 -3.790216e-01
      vertex -3.447532e-02 -1.730547e-01 -4.290391e-01
    endloop
  endfacet
  facet normal -1.168343e-01 -7.563286e-01 -6.436746e-01
    outer loop
      vertex -3.447532e-02 -1.730547e-01 -4.290391e-01
      vertex -1.085507e-01 -2.041793e-01 -3.790216e-01
      vertex -1.185072e-01 -1.730547e-01 -4.137863e-01
    endloop
  endfacet
  facet normal -1.403633e-01 -6.183048e-01 -7.733029e-01
    outer loop
      vertex -3.447532e-02 -1.730547e-01 -4.290391e-01
      vertex -1.185072e-01 -1.730547e-01 -4.137863e-01
      vertex -3.684544e-02 -1.356269e-01 -4.585348e-01
    endloop
  endfacet
  facet normal -1.403632e-01 -6.183050e-01 -7.733028e-01
    outer loop
      vertex -3.684544e-02 -1.356269e-01 -4.585348e-01
      vertex -1.185072e-01 -1.730547e-01 -4.137863e-01
      vertex -1.266543e-01 -1.356269e-01 -4.422334e-01
    endloop
  endfacet
  facet normal -1.587536e-01 -4.580787e-01 -8.746206e-01
    outer loop
      vertex -3.684544e-02 -1.356269e-01 -4.585348e-01
      vertex -1.266543e-01 -1.356269e-01 -4.422334e-01
      vertex -3.860287e-02 -9.325907e-02 -4.804057e-01
    endloop
  endfacet
  facet normal -1.587537e-01 -4.580784e-01 -8.746207e-01
    outer loop
      vertex -3.860287e-02 -9.325907e-02 -4.804057e-01
      vertex -1.266543e-01 -1.356269e-01 -4.422334e-01
      vertex -1.326954e-01 -9.325907e-02 -4.633268e-01
    endloop
  endfacet
  facet normal -1.713705e-01 -2.815132e-01 -9.441305e-01
    outer loop
      vertex -3.860287e-02 -9.325907e-02 -4.804057e-01
      vertex -1.326954e-01 -9.325907e-02 -4.633268e-01
      vertex -3.968361e-02 -4.749449e-02 -4.938553e-01
    endloop
  endfacet
  facet normal -1.713706e-01 -2.815132e-01 -9.441305e-01
    outer loop
      vertex -3.968361e-02 -4.749449e-02 -4.938553e-01
      vertex -1.326954e-01 -9.325907e-02 -4.633268e-01
      vertex -1.364104e-01 -4.749449e-02 -4.762982e-01
    endloop
  endfacet
  facet normal -1.777863e-01 -9.495819e-02 -9.794768e-01
    outer loop
      vertex -3.968361e-02 -4.749449e-02 -4.938553e-01
      vertex -1.364104e-01 -4.749449e-02 -4.762982e-01
      vertex -4.004828e-02  6.123234e-17 -4.983936e-01
    endloop
  endfacet
  facet normal -1.777864e-01 -9.495800e-02 -9.794769e-01
    outer loop
      vertex -4.004828e-02  6.123234e-17 -4.983936e-01
      vertex -1.364104e-01 -4.749449e-02 -4.762982e-01
      vertex -1.376639e-01  6.123234e-17 -4.806752e-01
    endloop
  endfacet
  facet normal -1.777864e-01  9.495817e-02 -9.794769e-01
    outer loop
      vertex -4.004828e-02  6.123234e-17 -4.983936e-01
      vertex -1.376639e-01  6.123234e-17 -4.806752e-01
      vertex -3.968361e-02  4.749449e-02 -4.938553e-01
    endloop
  endfacet
  facet normal -1.777864e-01  9.495801e-02 -9.794770e-01
    outer loop
      vertex -3.968361e-02  4.749449e-02 -4.938553e-01
      vertex -1.376639e-01  6.123234e-17 -4.806752e-01
      vertex -1.364104e-01  4.749449e-02 -4.762982e-01
    endloop
  endfacet
  facet normal -1.713706e-01  2.815132e-01 -9.441305e-01
    outer loop
      vertex -3.968361e-02  4.749449e-02 -4.938553e-01
      vertex -1.364104e-01  4.749449e-02 -4.762982e-01
      vertex -3.860287e-02  9.325907e-02 -4.804057e-01
    endloop
  endfacet
  facet normal -1.713705e-01  2.815131e-01 -9.441305e-01
    outer loop
      vertex -3.860287e-02  9.325907e-02 -4.804057e-01
      vertex -1.364104e-01  4.749449e-02 -4.762982e-01
      vertex -1.326954e-01  9.325907e-02 -4.633268e-01
    endloop
  endfacet
  facet normal -1.587537e-01  4.580787e-01 -8.746206e-01
    outer loop
      vertex -3.860287e-02  9.325907e-02 -4.804057e-01
      vertex -1.326954e-01  9.325907e-02 -4.633268e-01
      vertex -3.684544e-02  1.356269e-01 -4.585348e-01
    endloop
  endfacet
  facet normal -1.587536e-01  4.580785e-01 -8.746207e-01
    outer loop
      vertex -3.684544e-02  1.356269e-01 -4.585348e-01
      vertex -1.326954e-01  9.325907e-02 -4.633268e-01
      vertex -1.266543e-01  1.356269e-01 -4.422334e-01
    endloop
  endfacet
  facet normal -1.403633e-01  6.183048e-01 -7.733029e-01
    outer loop
      vertex -3.684544e-02  1.356269e-01 -4.585348e-01
      vertex -1.266543e-01  1.356269e-01 -4.422334e-01
      vertex -3.447532e-02  1.730547e-01 -4.290391e-01
    endloop
  endfacet
  facet normal -1.403633e-01  6.183050e-01 -7.733027e-01
    outer loop
      vertex -3.447532e-02  1.730547e-01 -4.290391e-01
      vertex -1.266543e-01  1.356269e-01 -4.422334e-01
      vertex -1.185072e-01  1.730547e-01 -4.137863e-01
    endloop
  endfacet
  facet normal -1.168343e-01  7.563285e-01 -6.436746e-01
    outer loop
      vertex -3.447532e-02  1.730547e-01 -4.290391e-01
      vertex -1.185072e-01  1.730547e-01 -4.137863e-01
      vertex -3.157884e-02  2.041793e-01 -3.929929e-01
    endloop
  endfacet
  facet normal -1.168343e-01  7.563286e-01 -6.436745e-01
    outer loop
      vertex -3.157884e-02  2.041793e-01 -3.929929e-01
      vertex -1.185072e-01  1.730547e-01 -4.137863e-01
      vertex -1.085507e-01  2.041793e-01 -3.790216e-01
    endloop
  endfacet
  facet normal -8.899696e-02  8.669922e-01 -4.903103e-01
    outer loop
      vertex -3.157884e-02  2.041793e-01 -3.929929e-01
      vertex -1.085507e-01  2.041793e-01 -3.790216e-01
      vertex -2.826150e-02  2.278670e-01 -3.517092e-01
    endloop
  endfacet
  facet normal -8.899695e-02  8.669921e-01 -4.903103e-01
    outer loop
      vertex -2.826150e-02  2.278670e-01 -3.517092e-01
      vertex -1.085507e-01  2.041793e-01 -3.790216e-01
      vertex -9.714746e-02  2.278670e-01 -3.392056e-01
    endloop
  endfacet
  facet normal -5.785524e-02  9.460744e-01 -3.187415e-01
    outer loop
      vertex -2.826150e-02  2.278670e-01 -3.517092e-01
      vertex -9.714746e-02  2.278670e-01 -3.392056e-01
      vertex -2.464413e-02  2.432550e-01 -3.066917e-01
    endloop
  endfacet
  facet normal -5.785524e-02  9.460744e-01 -3.187414e-01
    outer loop
      vertex -2.464413e-02  2.432550e-01 -3.066917e-01
      vertex -9.714746e-02  2.278670e-01 -3.392056e-01
      vertex -8.471293e-02  2.432550e-01 -2.957885e-01
    endloop
  endfacet
  facet normal -2.489371e-02  9.902379e-01 -1.371467e-01
    outer loop
      vertex -2.464413e-02  2.432550e-01 -3.066917e-01
      vertex -8.471293e-02  2.432550e-01 -2.957885e-01
      vertex -6.420566e-02  2.497829e-01 -2.523776e-01
    endloop
  endfacet
  facet normal  6.216769e-03 -9.460744e-01 -3.238899e-01
    outer loop
      vertex  3.639495e-02 -2.432550e-01 -3.055201e-01
      vertex -2.464413e-02 -2.432550e-01 -3.066917e-01
      vertex  4.173715e-02 -2.278670e-01 -3.503656e-01
    endloop
  endfacet
  facet normal  6.216717e-03 -9.460744e-01 -3.238900e-01
    outer loop
      vertex  4.173715e-02 -2.278670e-01 -3.503656e-01
      vertex -2.464413e-02 -2.432550e-01 -3.066917e-01
      vertex -2.826150e-02 -2.278670e-01 -3.517092e-01
    endloop
  endfacet
  facet normal  9.562988e-03 -8.669921e-01 -4.982301e-01
    outer loop
      vertex  4.173715e-02 -2.278670e-01 -3.503656e-01
      vertex -2.826150e-02 -2.278670e-01 -3.517092e-01
      vertex  4.663627e-02 -2.041793e-01 -3.914916e-01
    endloop
  endfacet
  facet normal  9.563038e-03 -8.669922e-01 -4.982301e-01
    outer loop
      vertex  4.663627e-02 -2.041793e-01 -3.914916e-01
      vertex -2.826150e-02 -2.278670e-01 -3.517092e-01
      vertex -3.157884e-02 -2.041793e-01 -3.929929e-01
    endloop
  endfacet
  facet normal  1.255427e-02 -7.563283e-01 -6.540717e-01
    outer loop
      vertex  4.663627e-02 -2.041793e-01 -3.914916e-01
      vertex -3.157884e-02 -2.041793e-01 -3.929929e-01
      vertex  5.091385e-02 -1.730547e-01 -4.274001e-01
    endloop
  endfacet
  facet normal  1.255440e-02 -7.563286e-01 -6.540716e-01
    outer loop
      vertex  5.091385e-02 -1.730547e-01 -4.274001e-01
      vertex -3.157884e-02 -2.041793e-01 -3.929929e-01
      vertex -3.447532e-02 -1.730547e-01 -4.290391e-01
    endloop
  endfacet
  facet normal  1.508269e-02 -6.183051e-01 -7.857934e-01
    outer loop
      vertex  5.091385e-02 -1.730547e-01 -4.274001e-01
      vertex -3.447532e-02 -1.730547e-01 -4.290391e-01
      vertex  5.441409e-02 -1.356269e-01 -4.567831e-01
    endloop
  endfacet
  facet normal  1.508249e-02 -6.183049e-01 -7.857937e-01
    outer loop
      vertex  5.441409e-02 -1.356269e-01 -4.567831e-01
      vertex -3.447532e-02 -1.730547e-01 -4.290391e-01
      vertex -3.684544e-02 -1.356269e-01 -4.585348e-01
    endloop
  endfacet
  facet normal  1.705859e-02 -4.580784e-01 -8.887481e-01
    outer loop
      vertex  5.441409e-02 -1.356269e-01 -4.567831e-01
      vertex -3.684544e-02 -1.356269e-01 -4.585348e-01
      vertex  5.700951e-02 -9.325907e-02 -4.785705e-01
    endloop
  endfacet
  facet normal  1.705875e-02 -4.580787e-01 -8.887480e-01
    outer loop
      vertex  5.700951e-02 -9.325907e-02 -4.785705e-01
      vertex -3.684544e-02 -1.356269e-01 -4.585348e-01
      vertex -3.860287e-02 -9.325907e-02 -4.804057e-01
    endloop
  endfacet
  facet normal  1.841448e-02 -2.815132e-01 -9.593806e-01
    outer loop
      vertex  5.700951e-02 -9.325907e-02 -4.785705e-01
      vertex -3.860287e-02 -9.325907e-02 -4.804057e-01
      vertex  5.860556e-02 -4.749449e-02 -4.919687e-01
    endloop
  endfacet
  facet normal  1.841449e-02 -2.815132e-01 -9.593806e-01
    outer loop
      vertex  5.860556e-02 -4.749449e-02 -4.919687e-01
      vertex -3.860287e-02 -9.325907e-02 -4.804057e-01
      vertex -3.968361e-02 -4.749449e-02 -4.938553e-01
    endloop
  endfacet
  facet normal  1.910389e-02 -9.495804e-02 -9.952980e-01
    outer loop
      vertex  5.860556e-02 -4.749449e-02 -4.919687e-01
      vertex -3.968361e-02 -4.749449e-02 -4.938553e-01
      vertex  5.914411e-02  6.123234e-17 -4.964896e-01
    endloop
  endfacet
  facet normal  1.910397e-02 -9.495819e-02 -9.952978e-01
    outer loop
      vertex  5.914411e-02  6.123234e-17 -4.964896e-01
      vertex -3.968361e-02 -4.749449e-02 -4.938553e-01
      vertex -4.004828e-02  6.123234e-17 -4.983936e-01
    endloop
  endfacet
  facet normal  1.910398e-02  9.495804e-02 -9.952980e-01
    outer loop
      vertex  5.914411e-02  6.123234e-17 -4.964896e-01
      vertex -4.004828e-02  6.123234e-17 -4.983936e-01
      vertex  5.860556e-02  4.749449e-02 -4.919687e-01
    endloop
  endfacet
  facet normal  1.910389e-02  9.495822e-02 -9.952980e-01
    outer loop
      vertex  5.860556e-02  4.749449e-02 -4.919687e-01
      vertex -4.004828e-02  6.123234e-17 -4.983936e-01
      vertex -3.968361e-02  4.749449e-02 -4.938553e-01
    endloop
  endfacet
  facet normal  1.841449e-02  2.815132e-01 -9.593806e-01
    outer loop
      vertex  5.860556e-02  4.749449e-02 -4.919687e-01
      vertex -3.968361e-02  4.749449e-02 -4.938553e-01
      vertex  5.700951e-02  9.325907e-02 -4.785705e-01
    endloop
  endfacet
  facet normal  1.841448e-02  2.815132e-01 -9.593806e-01
    outer loop
      vertex  5.700951e-02  9.325907e-02 -4.785705e-01
      vertex -3.968361e-02  4.749449e-02 -4.938553e-01
      vertex -3.860287e-02  9.325907e-02 -4.804057e-01
    endloop
  endfacet
  facet normal  1.705875e-02  4.580784e-01 -8.887482e-01
    outer loop
      vertex  5.700951e-02  9.325907e-02 -4.785705e-01
      vertex -3.860287e-02  9.325907e-02 -4.804057e-01
      vertex  5.441409e-02  1.356269e-01 -4.567831e-01
    endloop
  endfacet
  facet normal  1.705859e-02  4.580787e-01 -8.887479e-01
    outer loop
      vertex  5.441409e-02  1.356269e-01 -4.567831e-01
      vertex -3.860287e-02  9.325907e-02 -4.804057e-01
      vertex -3.684544e-02  1.356269e-01 -4.585348e-01
    endloop
  endfacet
  facet normal  1.508248e-02  6.183051e-01 -7.857934e-01
    outer loop
      vertex  5.441409e-02  1.356269e-01 -4.567831e-01
      vertex -3.684544e-02  1.356269e-01 -4.585348e-01
      vertex  5.091385e-02  1.730547e-01 -4.274001e-01
    endloop
  endfacet
  facet normal  1.508270e-02  6.183048e-01 -7.857936e-01
    outer loop
      vertex  5.091385e-02  1.730547e-01 -4.274001e-01
      vertex -3.684544e-02  1.356269e-01 -4.585348e-01
      vertex -3.447532e-02  1.730547e-01 -4.290391e-01
    endloop
  endfacet
  facet normal  1.255440e-02  7.563283e-01 -6.540717e-01
    outer loop
      vertex  5.091385e-02  1.730547e-01 -4.274001e-01
      vertex -3.447532e-02  1.730547e-01 -4.290391e-01
      vertex  4.663627e-02  2.041793e-01 -3.914916e-01
    endloop
  endfacet
  facet normal  1.255426e-02  7.563285e-01 -6.540715e-01
    outer loop
      vertex  4.663627e-02  2.041793e-01 -3.914916e-01
      vertex -3.447532e-02  1.730547e-01 -4.290391e-01
      vertex -3.157884e-02  2.041793e-01 -3.929929e-01
    endloop
  endfacet
  facet normal  9.563038e-03  8.669921e-01 -4.982301e-01
    outer loop
      vertex  4.663627e-02  2.041793e-01 -3.914916e-01
      vertex -3.157884e-02  2.041793e-01 -3.929929e-01
      vertex  4.173715e-02  2.278670e-01 -3.503656e-01
    endloop
  endfacet
  facet normal  9.562986e-03  8.669921e-01 -4.982300e-01
    outer loop
      vertex  4.173715e-02  2.278670e-01 -3.503656e-01
      vertex -3.157884e-02  2.041793e-01 -3.929929e-01
      vertex -2.826150e-02  2.278670e-01 -3.517092e-01
    endloop
  endfacet
  facet normal  6.216716e-03  9.460744e-01 -3.238899e-01
    outer loop
      vertex  4.173715e-02  2.278670e-01 -3.503656e-01
      vertex -2.826150e-02  2.278670e-01 -3.517092e-01
      vertex  3.639495e-02  2.432550e-01 -3.055201e-01
    endloop
  endfacet
  facet normal  6.216770e-03  9.460742e-01 -3.238899e-01
    outer loop
      vertex  3.639495e-02  2.432550e-01 -3.055201e-01
      vertex -2.826150e-02  2.278670e-01 -3.517092e-01
      vertex -2.464413e-02  2.432550e-01 -3.066917e-01
    endloop
  endfacet
  facet normal  2.664071e-03  9.903174e-01 -1.387965e-01
    outer loop
      vertex  3.639495e-02  2.432550e-01 -3.055201e-01
      vertex -2.464413e-02  2.432550e-01 -3.066917e-01
      vertex -1.569559e-02  2.497829e-01 -2.599432e-01
    endloop
  endfacet
  facet normal  7.242188e-03  9.905701e-01  1.368143e-01
    outer loop
      vertex  1.500000e+00  2.497829e-01  2.041667e-02
      vertex  1.019950e+00  2.497829e-01  4.582782e-02
      vertex  1.500000e+00  2.432550e-01  6.768021e-02
    endloop
  endfacet
  facet normal  7.242189e-03  9.905702e-01  1.368143e-01
    outer loop
      vertex  1.500000e+00  2.432550e-01  6.768021e-02
      vertex  1.019950e+00  2.497829e-01  4.582782e-02
      vertex  1.024940e+00  2.432550e-01  9.282723e-02
    endloop
  endfacet
  facet normal  1.706982e-02  9.464255e-01  3.224709e-01
    outer loop
      vertex  1.500000e+00  2.432550e-01  6.768021e-02
      vertex  1.024940e+00  2.432550e-01  9.282723e-02
      vertex  1.500000e+00  2.278670e-01  1.128428e-01
    endloop
  endfacet
  facet normal  1.706982e-02  9.464254e-01  3.224708e-01
    outer loop
      vertex  1.500000e+00  2.278670e-01  1.128428e-01
      vertex  1.024940e+00  2.432550e-01  9.282723e-02
      vertex  1.029708e+00  2.278670e-01  1.377375e-01
    endloop
  endfacet
  facet normal  2.627132e-02  8.677540e-01  4.962991e-01
    outer loop
      vertex  1.500000e+00  2.278670e-01  1.128428e-01
      vertex  1.029708e+00  2.278670e-01  1.377375e-01
      vertex  1.500000e+00  2.041793e-01  1.542596e-01
    endloop
  endfacet
  facet normal  2.627132e-02  8.677540e-01  4.962991e-01
    outer loop
      vertex  1.500000e+00  2.041793e-01  1.542596e-01
      vertex  1.029708e+00  2.278670e-01  1.377375e-01
      vertex  1.034081e+00  2.041793e-01  1.789228e-01
    endloop
  endfacet
  facet normal  3.451068e-02  7.574749e-01  6.519514e-01
    outer loop
      vertex  1.500000e+00  2.041793e-01  1.542596e-01
      vertex  1.034081e+00  2.041793e-01  1.789228e-01
      vertex  1.500000e+00  1.730547e-01  1.904220e-01
    endloop
  endfacet
  facet normal  3.451069e-02  7.574750e-01  6.519514e-01
    outer loop
      vertex  1.500000e+00  1.730547e-01  1.904220e-01
      vertex  1.034081e+00  2.041793e-01  1.789228e-01
      vertex  1.037898e+00  1.730547e-01  2.148830e-01
    endloop
  endfacet
  facet normal  4.148862e-02  6.196592e-01  7.837737e-01
    outer loop
      vertex  1.500000e+00  1.730547e-01  1.904220e-01
      vertex  1.037898e+00  1.730547e-01  2.148830e-01
      vertex  1.500000e+00  1.356269e-01  2.200128e-01
    endloop
  endfacet
  facet normal  4.148862e-02  6.196592e-01  7.837737e-01
    outer loop
      vertex  1.500000e+00  1.356269e-01  2.200128e-01
      vertex  1.037898e+00  1.730547e-01  2.148830e-01
      vertex  1.041022e+00  1.356269e-01  2.443085e-01
    endloop
  endfacet
  facet normal  4.695319e-02  4.593633e-01  8.870066e-01
    outer loop
      vertex  1.500000e+00  1.356269e-01  2.200128e-01
      vertex  1.041022e+00  1.356269e-01  2.443085e-01
      vertex  1.500000e+00  9.325907e-02  2.419542e-01
    endloop
  endfacet
  facet normal  4.695320e-02  4.593633e-01  8.870067e-01
    outer loop
      vertex  1.500000e+00  9.325907e-02  2.419542e-01
      vertex  1.041022e+00  1.356269e-01  2.443085e-01
      vertex  1.043339e+00  9.325907e-02  2.661273e-01
    endloop
  endfacet
  facet normal  5.070831e-02  2.824337e-01  9.579456e-01
    outer loop
      vertex  1.500000e+00  9.325907e-02  2.419542e-01
      vertex  1.043339e+00  9.325907e-02  2.661273e-01
      vertex  1.500000e+00  4.749449e-02  2.554471e-01
    endloop
  endfacet
  facet normal  5.070833e-02  2.824340e-01  9.579455e-01
    outer loop
      vertex  1.500000e+00  4.749449e-02  2.554471e-01
      vertex  1.043339e+00  9.325907e-02  2.661273e-01
      vertex  1.044763e+00  4.749449e-02  2.795448e-01
    endloop
  endfacet
  facet normal  5.261992e-02  9.529202e-02  9.940577e-01
    outer loop
      vertex  1.500000e+00  4.749449e-02  2.554471e-01
      vertex  1.044763e+00  4.749449e-02  2.795448e-01
      vertex  1.500000e+00 -9.571422e-17  2.600000e-01
    endloop
  endfacet
  facet normal  5.261990e-02  9.529187e-02  9.940576e-01
    outer loop
      vertex  1.500000e+00 -9.571422e-17  2.600000e-01
      vertex  1.044763e+00  4.749449e-02  2.795448e-01
      vertex  1.045244e+00 -4.747054e-16  2.840723e-01
    endloop
  endfacet
  facet normal  5.261990e-02 -9.529204e-02  9.940576e-01
    outer loop
      vertex  1.500000e+00 -9.571422e-17  2.600000e-01
      vertex  1.045244e+00 -4.747054e-16  2.840723e-01
      vertex  1.500000e+00 -4.749449e-02  2.554471e-01
    endloop
  endfacet
  facet normal  5.261992e-02 -9.529185e-02  9.940577e-01
    outer loop
      vertex  1.500000e+00 -4.749449e-02  2.554471e-01
      vertex  1.045244e+00 -4.747054e-16  2.840723e-01
      vertex  1.044763e+00 -4.749449e-02  2.795448e-01
    endloop
  endfacet
  facet normal  5.070834e-02 -2.824337e-01  9.579456e-01
    outer loop
      vertex  1.500000e+00 -4.749449e-02  2.554471e-01
      vertex  1.044763e+00 -4.749449e-02  2.795448e-01
      vertex  1.500000e+00 -9.325907e-02  2.419542e-01
    endloop
  endfacet
  facet normal  5.070830e-02 -2.824341e-01  9.579455e-01
    outer loop
      vertex  1.500000e+00 -9.325907e-02  2.419542e-01
      vertex  1.044763e+00 -4.749449e-02  2.795448e-01
      vertex  1.043339e+00 -9.325907e-02  2.661273e-01
    endloop
  endfacet
  facet normal  4.695320e-02 -4.593633e-01  8.870067e-01
    outer loop
      vertex  1.500000e+00 -9.325907e-02  2.419542e-01
      vertex  1.043339e+00 -9.325907e-02  2.661273e-01
      vertex  1.500000e+00 -1.356269e-01  2.200128e-01
    endloop
  endfacet
  facet normal  4.695319e-02 -4.593633e-01  8.870066e-01
    outer loop
      vertex  1.500000e+00 -1.356269e-01  2.200128e-01
      vertex  1.043339e+00 -9.325907e-02  2.661273e-01
      vertex  1.041022e+00 -1.356269e-01  2.443085e-01
    endloop
  endfacet
  facet normal  4.148862e-02 -6.196593e-01  7.837737e-01
    outer loop
      vertex  1.500000e+00 -1.356269e-01  2.200128e-01
      vertex  1.041022e+00 -1.356269e-01  2.443085e-01
      vertex  1.500000e+00 -1.730547e-01  1.904220e-01
    endloop
  endfacet
  facet normal  4.148863e-02 -6.196592e-01  7.837737e-01
    outer loop
      vertex  1.500000e+00 -1.730547e-01  1.904220e-01
      vertex  1.041022e+00 -1.356269e-01  2.443085e-01
      vertex  1.037898e+00 -1.730547e-01  2.148830e-01
    endloop
  endfacet
  facet normal  3.451069e-02 -7.574749e-01  6.519515e-01
    outer loop
      vertex  1.500000e+00 -1.730547e-01  1.904220e-01
      vertex  1.037898e+00 -1.730547e-01  2.148830e-01
      vertex  1.500000e+00 -2.041793e-01  1.542596e-01
    endloop
  endfacet
  facet normal  3.451068e-02 -7.574749e-01  6.519514e-01
    outer loop
      vertex  1.500000e+00 -2.041793e-01  1.542596e-01
      vertex  1.037898e+00 -1.730547e-01  2.148830e-01
      vertex  1.034081e+00 -2.041793e-01  1.789228e-01
    endloop
  endfacet
  facet normal  2.627131e-02 -8.677540e-01  4.962991e-01
    outer loop
      vertex  1.500000e+00 -2.041793e-01  1.542596e-01
      vertex  1.034081e+00 -2.041793e-01  1.789228e-01
      vertex  1.500000e+00 -2.278670e-01  1.128428e-01
    endloop
  endfacet
  facet normal  2.627132e-02 -8.677540e-01  4.962991e-01
    outer loop
      vertex  1.500000e+00 -2.278670e-01  1.128428e-01
      vertex  1.034081e+00 -2.041793e-01  1.789228e-01
      vertex  1.029708e+00 -2.278670e-01  1.377375e-01
    endloop
  endfacet
  facet normal  1.706982e-02 -9.464254e-01  3.224708e-01
    outer loop
      vertex  1.500000e+00 -2.278670e-01  1.128428e-01
      vertex  1.029708e+00 -2.278670e-01  1.377375e-01
      vertex  1.500000e+00 -2.432550e-01  6.768021e-02
    endloop
  endfacet
  facet normal  1.706981e-02 -9.464254e-01  3.224708e-01
    outer loop
      vertex  1.500000e+00 -2.432550e-01  6.768021e-02
      vertex  1.029708e+00 -2.278670e-01  1.377375e-01
      vertex  1.024940e+00 -2.432550e-01  9.282723e-02
    endloop
  endfacet
  facet normal  7.242189e-03 -9.905702e-01  1.368143e-01
    outer loop
      vertex  1.500000e+00 -2.432550e-01  6.768021e-02
      vertex  1.024940e+00 -2.432550e-01  9.282723e-02
      vertex  1.500000e+00 -2.497829e-01  2.041667e-02
    endloop
  endfacet
  facet normal  7.242188e-03 -9.905701e-01  1.368143e-01
    outer loop
      vertex  1.500000e+00 -2.497829e-01  2.041667e-02
      vertex  1.024940e+00 -2.432550e-01  9.282723e-02
      vertex  1.019950e+00 -2.497829e-01  4.582782e-02
    endloop
  endfacet
  facet normal  3.580715e-02  9.905702e-01  1.322440e-01
    outer loop
      vertex  5.452664e-01  2.497829e-01  1.217773e-01
      vertex  8.125325e-02  2.497829e-01  2.474162e-01
      vertex  5.551901e-01  2.432550e-01  1.679872e-01
    endloop
  endfacet
  facet normal  3.580714e-02  9.905704e-01  1.322440e-01
    outer loop
      vertex  5.551901e-01  2.432550e-01  1.679872e-01
      vertex  8.125325e-02  2.497829e-01  2.474162e-01
      vertex  9.600007e-02  2.432550e-01  2.923202e-01
    endloop
  endfacet
  facet normal  8.439728e-02  9.464254e-01  3.116984e-01
    outer loop
      vertex  5.551901e-01  2.432550e-01  1.679872e-01
      vertex  9.600007e-02  2.432550e-01  2.923202e-01
      vertex  5.646727e-01  2.278670e-01  2.121432e-01
    endloop
  endfacet
  facet normal  8.439727e-02  9.464255e-01  3.116984e-01
    outer loop
      vertex  5.646727e-01  2.278670e-01  2.121432e-01
      vertex  9.600007e-02  2.432550e-01  2.923202e-01
      vertex  1.100914e-01  2.278670e-01  3.352282e-01
    endloop
  endfacet
  facet normal  1.298917e-01  8.677540e-01  4.797198e-01
    outer loop
      vertex  5.646727e-01  2.278670e-01  2.121432e-01
      vertex  1.100914e-01  2.278670e-01  3.352282e-01
      vertex  5.733688e-01  2.041793e-01  2.526367e-01
    endloop
  endfacet
  facet normal  1.298918e-01  8.677539e-01  4.797201e-01
    outer loop
      vertex  5.733688e-01  2.041793e-01  2.526367e-01
      vertex  1.100914e-01  2.278670e-01  3.352282e-01
      vertex  1.230139e-01  2.041793e-01  3.745774e-01
    endloop
  endfacet
  facet normal  1.706291e-01  7.574750e-01  6.301725e-01
    outer loop
      vertex  5.733688e-01  2.041793e-01  2.526367e-01
      vertex  1.230139e-01  2.041793e-01  3.745774e-01
      vertex  5.809617e-01  1.730547e-01  2.879929e-01
    endloop
  endfacet
  facet normal  1.706291e-01  7.574751e-01  6.301724e-01
    outer loop
      vertex  5.809617e-01  1.730547e-01  2.879929e-01
      vertex  1.230139e-01  2.041793e-01  3.745774e-01
      vertex  1.342970e-01  1.730547e-01  4.089344e-01
    endloop
  endfacet
  facet normal  2.051298e-01  6.196591e-01  7.575912e-01
    outer loop
      vertex  5.809617e-01  1.730547e-01  2.879929e-01
      vertex  1.342970e-01  1.730547e-01  4.089344e-01
      vertex  5.871748e-01  1.356269e-01  3.169241e-01
    endloop
  endfacet
  facet normal  2.051298e-01  6.196590e-01  7.575913e-01
    outer loop
      vertex  5.871748e-01  1.356269e-01  3.169241e-01
      vertex  1.342970e-01  1.730547e-01  4.089344e-01
      vertex  1.435297e-01  1.356269e-01  4.370480e-01
    endloop
  endfacet
  facet normal  2.321479e-01  4.593633e-01  8.573754e-01
    outer loop
      vertex  5.871748e-01  1.356269e-01  3.169241e-01
      vertex  1.435297e-01  1.356269e-01  4.370480e-01
      vertex  5.917817e-01  9.325907e-02  3.383764e-01
    endloop
  endfacet
  facet normal  2.321479e-01  4.593633e-01  8.573755e-01
    outer loop
      vertex  5.917817e-01  9.325907e-02  3.383764e-01
      vertex  1.435297e-01  1.356269e-01  4.370480e-01
      vertex  1.503757e-01  9.325907e-02  4.578941e-01
    endloop
  endfacet
  facet normal  2.507141e-01  2.824336e-01  9.259447e-01
    outer loop
      vertex  5.917817e-01  9.325907e-02  3.383764e-01
      vertex  1.503757e-01  9.325907e-02  4.578941e-01
      vertex  5.946148e-01  4.749449e-02  3.515685e-01
    endloop
  endfacet
  facet normal  2.507141e-01  2.824338e-01  9.259447e-01
    outer loop
      vertex  5.946148e-01  4.749449e-02  3.515685e-01
      vertex  1.503757e-01  9.325907e-02  4.578941e-01
      vertex  1.545857e-01  4.749449e-02  4.707134e-01
    endloop
  endfacet
  facet normal  2.601654e-01  9.529218e-02  9.608504e-01
    outer loop
      vertex  5.946148e-01  4.749449e-02  3.515685e-01
      vertex  1.545857e-01  4.749449e-02  4.707134e-01
      vertex  5.955707e-01 -4.747054e-16  3.560200e-01
    endloop
  endfacet
  facet normal  2.601654e-01  9.529260e-02  9.608503e-01
    outer loop
      vertex  5.955707e-01 -4.747054e-16  3.560200e-01
      vertex  1.545857e-01  4.749449e-02  4.707134e-01
      vertex  1.560062e-01 -2.526608e-16  4.750390e-01
    endloop
  endfacet
  facet normal  2.601654e-01 -9.529226e-02  9.608503e-01
    outer loop
      vertex  5.955707e-01 -4.747054e-16  3.560200e-01
      vertex  1.560062e-01 -2.526608e-16  4.750390e-01
      vertex  5.946148e-01 -4.749449e-02  3.515685e-01
    endloop
  endfacet
  facet normal  2.601654e-01 -9.529252e-02  9.608504e-01
    outer loop
      vertex  5.946148e-01 -4.749449e-02  3.515685e-01
      vertex  1.560062e-01 -2.526608e-16  4.750390e-01
      vertex  1.545857e-01 -4.749449e-02  4.707134e-01
    endloop
  endfacet
  facet normal  2.507141e-01 -2.824338e-01  9.259447e-01
    outer loop
      vertex  5.946148e-01 -4.749449e-02  3.515685e-01
      vertex  1.545857e-01 -4.749449e-02  4.707134e-01
      vertex  5.917817e-01 -9.325907e-02  3.383764e-01
    endloop
  endfacet
  facet normal  2.507141e-01 -2.824339e-01  9.259446e-01
    outer loop
      vertex  5.917817e-01 -9.325907e-02  3.383764e-01
      vertex  1.545857e-01 -4.749449e-02  4.707134e-01
      vertex  1.503757e-01 -9.325907e-02  4.578941e-01
    endloop
  endfacet
  facet normal  2.321479e-01 -4.593633e-01  8.573755e-01
    outer loop
      vertex  5.917817e-01 -9.325907e-02  3.383764e-01
      vertex  1.503757e-01 -9.325907e-02  4.578941e-01
      vertex  5.871748e-01 -1.356269e-01  3.169241e-01
    endloop
  endfacet
  facet normal  2.321479e-01 -4.593632e-01  8.573754e-01
    outer loop
      vertex  5.871748e-01 -1.356269e-01  3.169241e-01
      vertex  1.503757e-01 -9.325907e-02  4.578941e-01
      vertex  1.435297e-01 -1.356269e-01  4.370480e-01
    endloop
  endfacet
  facet normal  2.051298e-01 -6.196592e-01  7.575911e-01
    outer loop
      vertex  5.871748e-01 -1.356269e-01  3.169241e-01
      vertex  1.435297e-01 -1.356269e-01  4.370480e-01
      vertex  5.809617e-01 -1.730547e-01  2.879929e-01
    endloop
  endfacet
  facet normal  2.051298e-01 -6.196590e-01  7.575912e-01
    outer loop
      vertex  5.809617e-01 -1.730547e-01  2.879929e-01
      vertex  1.435297e-01 -1.356269e-01  4.370480e-01
      vertex  1.342970e-01 -1.730547e-01  4.089344e-01
    endloop
  endfacet
  facet normal  1.706291e-01 -7.574751e-01  6.301724e-01
    outer loop
      vertex  5.809617e-01 -1.730547e-01  2.879929e-01
      vertex  1.342970e-01 -1.730547e-01  4.089344e-01
      vertex  5.733688e-01 -2.041793e-01  2.526367e-01
    endloop
  endfacet
  facet normal  1.706291e-01 -7.574750e-01  6.301724e-01
    outer loop
      vertex  5.733688e-01 -2.041793e-01  2.526367e-01
      vertex  1.342970e-01 -1.730547e-01  4.089344e-01
      vertex  1.230139e-01 -2.041793e-01  3.745774e-01
    endloop
  endfacet
  facet normal  1.298917e-01 -8.677540e-01  4.797198e-01
    outer loop
      vertex  5.733688e-01 -2.041793e-01  2.526367e-01
      vertex  1.230139e-01 -2.041793e-01  3.745774e-01
      vertex  5.646727e-01 -2.278670e-01  2.121432e-01
    endloop
  endfacet
  facet normal  1.298918e-01 -8.677539e-01  4.797200e-01
    outer loop
      vertex  5.646727e-01 -2.278670e-01  2.121432e-01
      vertex  1.230139e-01 -2.041793e-01  3.745774e-01
      vertex  1.100914e-01 -2.278670e-01  3.352282e-01
    endloop
  endfacet
  facet normal  8.439729e-02 -9.464255e-01  3.116984e-01
    outer loop
      vertex  5.646727e-01 -2.278670e-01  2.121432e-01
      vertex  1.100914e-01 -2.278670e-01  3.352282e-01
      vertex  5.551901e-01 -2.432550e-01  1.679872e-01
    endloop
  endfacet
  facet normal  8.439726e-02 -9.464254e-01  3.116984e-01
    outer loop
      vertex  5.551901e-01 -2.432550e-01  1.679872e-01
      vertex  1.100914e-01 -2.278670e-01  3.352282e-01
      vertex  9.600007e-02 -2.432550e-01  2.923202e-01
    endloop
  endfacet
  facet normal  3.580714e-02 -9.905704e-01  1.322440e-01
    outer loop
      vertex  5.551901e-01 -2.432550e-01  1.679872e-01
      vertex  9.600007e-02 -2.432550e-01  2.923202e-01
      vertex  5.452664e-01 -2.497829e-01  1.217773e-01
    endloop
  endfacet
  facet normal  3.580712e-02 -9.905702e-01  1.322439e-01
    outer loop
      vertex  5.452664e-01 -2.497829e-01  1.217773e-01
      vertex  9.600007e-02 -2.432550e-01  2.923202e-01
      vertex  8.125325e-02 -2.497829e-01  2.474162e-01
    endloop
  endfacet
  facet normal  2.164562e-02  9.905702e-01  1.352852e-01
    outer loop
      vertex  1.019950e+00  2.497829e-01  4.582782e-02
      vertex  5.452664e-01  2.497829e-01  1.217773e-01
      vertex  1.024940e+00  2.432550e-01  9.282723e-02
    endloop
  endfacet
  facet normal  2.164563e-02  9.905702e-01  1.352852e-01
    outer loop
      vertex  1.024940e+00  2.432550e-01  9.282723e-02
      vertex  5.452664e-01  2.497829e-01  1.217773e-01
      vertex  5.551901e-01  2.432550e-01  1.679872e-01
    endloop
  endfacet
  facet normal  5.101866e-02  9.464254e-01  3.188667e-01
    outer loop
      vertex  1.024940e+00  2.432550e-01  9.282723e-02
      vertex  5.551901e-01  2.432550e-01  1.679872e-01
      vertex  1.029708e+00  2.278670e-01  1.377375e-01
    endloop
  endfacet
  facet normal  5.101866e-02  9.464255e-01  3.188666e-01
    outer loop
      vertex  1.029708e+00  2.278670e-01  1.377375e-01
      vertex  5.551901e-01  2.432550e-01  1.679872e-01
      vertex  5.646727e-01  2.278670e-01  2.121432e-01
    endloop
  endfacet
  facet normal  7.852032e-02  8.677540e-01  4.907520e-01
    outer loop
      vertex  1.029708e+00  2.278670e-01  1.377375e-01
      vertex  5.646727e-01  2.278670e-01  2.121432e-01
      vertex  1.034081e+00  2.041793e-01  1.789228e-01
    endloop
  endfacet
  facet normal  7.852031e-02  8.677540e-01  4.907520e-01
    outer loop
      vertex  1.034081e+00  2.041793e-01  1.789228e-01
      vertex  5.646727e-01  2.278670e-01  2.121432e-01
      vertex  5.733688e-01  2.041793e-01  2.526367e-01
    endloop
  endfacet
  facet normal  1.031463e-01  7.574750e-01  6.446646e-01
    outer loop
      vertex  1.034081e+00  2.041793e-01  1.789228e-01
      vertex  5.733688e-01  2.041793e-01  2.526367e-01
      vertex  1.037898e+00  1.730547e-01  2.148830e-01
    endloop
  endfacet
  facet normal  1.031463e-01  7.574750e-01  6.446646e-01
    outer loop
      vertex  1.037898e+00  1.730547e-01  2.148830e-01
      vertex  5.733688e-01  2.041793e-01  2.526367e-01
      vertex  5.809617e-01  1.730547e-01  2.879929e-01
    endloop
  endfacet
  facet normal  1.240022e-01  6.196591e-01  7.750136e-01
    outer loop
      vertex  1.037898e+00  1.730547e-01  2.148830e-01
      vertex  5.809617e-01  1.730547e-01  2.879929e-01
      vertex  1.041022e+00  1.356269e-01  2.443085e-01
    endloop
  endfacet
  facet normal  1.240022e-01  6.196591e-01  7.750136e-01
    outer loop
      vertex  1.041022e+00  1.356269e-01  2.443085e-01
      vertex  5.809617e-01  1.730547e-01  2.879929e-01
      vertex  5.871748e-01  1.356269e-01  3.169241e-01
    endloop
  endfacet
  facet normal  1.403348e-01  4.593633e-01  8.770927e-01
    outer loop
      vertex  1.041022e+00  1.356269e-01  2.443085e-01
      vertex  5.871748e-01  1.356269e-01  3.169241e-01
      vertex  1.043339e+00  9.325907e-02  2.661273e-01
    endloop
  endfacet
  facet normal  1.403348e-01  4.593634e-01  8.770927e-01
    outer loop
      vertex  1.043339e+00  9.325907e-02  2.661273e-01
      vertex  5.871748e-01  1.356269e-01  3.169241e-01
      vertex  5.917817e-01  9.325907e-02  3.383764e-01
    endloop
  endfacet
  facet normal  1.515582e-01  2.824339e-01  9.472387e-01
    outer loop
      vertex  1.043339e+00  9.325907e-02  2.661273e-01
      vertex  5.917817e-01  9.325907e-02  3.383764e-01
      vertex  1.044763e+00  4.749449e-02  2.795448e-01
    endloop
  endfacet
  facet normal  1.515582e-01  2.824337e-01  9.472388e-01
    outer loop
      vertex  1.044763e+00  4.749449e-02  2.795448e-01
      vertex  5.917817e-01  9.325907e-02  3.383764e-01
      vertex  5.946148e-01  4.749449e-02  3.515685e-01
    endloop
  endfacet
  facet normal  1.572715e-01  9.529185e-02  9.829472e-01
    outer loop
      vertex  1.044763e+00  4.749449e-02  2.795448e-01
      vertex  5.946148e-01  4.749449e-02  3.515685e-01
      vertex  1.045244e+00 -4.747054e-16  2.840723e-01
    endloop
  endfacet
  facet normal  1.572715e-01  9.529217e-02  9.829471e-01
    outer loop
      vertex  1.045244e+00 -4.747054e-16  2.840723e-01
      vertex  5.946148e-01  4.749449e-02  3.515685e-01
      vertex  5.955707e-01 -4.747054e-16  3.560200e-01
    endloop
  endfacet
  facet normal  1.572715e-01 -9.529191e-02  9.829472e-01
    outer loop
      vertex  1.045244e+00 -4.747054e-16  2.840723e-01
      vertex  5.955707e-01 -4.747054e-16  3.560200e-01
      vertex  1.044763e+00 -4.749449e-02  2.795448e-01
    endloop
  endfacet
  facet normal  1.572715e-01 -9.529235e-02  9.829471e-01
    outer loop
      vertex  1.044763e+00 -4.749449e-02  2.795448e-01
      vertex  5.955707e-01 -4.747054e-16  3.560200e-01
      vertex  5.946148e-01 -4.749449e-02  3.515685e-01
    endloop
  endfacet
  facet normal  1.515582e-01 -2.824338e-01  9.472387e-01
    outer loop
      vertex  1.044763e+00 -4.749449e-02  2.795448e-01
      vertex  5.946148e-01 -4.749449e-02  3.515685e-01
      vertex  1.043339e+00 -9.325907e-02  2.661273e-01
    endloop
  endfacet
  facet normal  1.515582e-01 -2.824337e-01  9.472387e-01
    outer loop
      vertex  1.043339e+00 -9.325907e-02  2.661273e-01
      vertex  5.946148e-01 -4.749449e-02  3.515685e-01
      vertex  5.917817e-01 -9.325907e-02  3.383764e-01
    endloop
  endfacet
  facet normal  1.403348e-01 -4.593633e-01  8.770927e-01
    outer loop
      vertex  1.043339e+00 -9.325907e-02  2.661273e-01
      vertex  5.917817e-01 -9.325907e-02  3.383764e-01
      vertex  1.041022e+00 -1.356269e-01  2.443085e-01
    endloop
  endfacet
  facet normal  1.403348e-01 -4.593633e-01  8.770927e-01
    outer loop
      vertex  1.041022e+00 -1.356269e-01  2.443085e-01
      vertex  5.917817e-01 -9.325907e-02  3.383764e-01
      vertex  5.871748e-01 -1.356269e-01  3.169241e-01
    endloop
  endfacet
  facet normal  1.240022e-01 -6.196592e-01  7.750135e-01
    outer loop
      vertex  1.041022e+00 -1.356269e-01  2.443085e-01
      vertex  5.871748e-01 -1.356269e-01  3.169241e-01
      vertex  1.037898e+00 -1.730547e-01  2.148830e-01
    endloop
  endfacet
  facet normal  1.240022e-01 -6.196591e-01  7.750136e-01
    outer loop
      vertex  1.037898e+00 -1.730547e-01  2.148830e-01
      vertex  5.871748e-01 -1.356269e-01  3.169241e-01
      vertex  5.809617e-01 -1.730547e-01  2.879929e-01
    endloop
  endfacet
  facet normal  1.031463e-01 -7.574750e-01  6.446646e-01
    outer loop
      vertex  1.037898e+00 -1.730547e-01  2.148830e-01
      vertex  5.809617e-01 -1.730547e-01  2.879929e-01
      vertex  1.034081e+00 -2.041793e-01  1.789228e-01
    endloop
  endfacet
  facet normal  1.031463e-01 -7.574750e-01  6.446645e-01
    outer loop
      vertex  1.034081e+00 -2.041793e-01  1.789228e-01
      vertex  5.809617e-01 -1.730547e-01  2.879929e-01
      vertex  5.733688e-01 -2.041793e-01  2.526367e-01
    endloop
  endfacet
  facet normal  7.852031e-02 -8.677540e-01  4.907520e-01
    outer loop
      vertex  1.034081e+00 -2.041793e-01  1.789228e-01
      vertex  5.733688e-01 -2.041793e-01  2.526367e-01
      vertex  1.029708e+00 -2.278670e-01  1.377375e-01
    endloop
  endfacet
  facet normal  7.852034e-02 -8.677539e-01  4.907521e-01
    outer loop
      vertex  1.029708e+00 -2.278670e-01  1.377375e-01
      vertex  5.733688e-01 -2.041793e-01  2.526367e-01
      vertex  5.646727e-01 -2.278670e-01  2.121432e-01
    endloop
  endfacet
  facet normal  5.101867e-02 -9.464254e-01  3.188667e-01
    outer loop
      vertex  1.029708e+00 -2.278670e-01  1.377375e-01
      vertex  5.646727e-01 -2.278670e-01  2.121432e-01
      vertex  1.024940e+00 -2.432550e-01  9.282723e-02
    endloop
  endfacet
  facet normal  5.101864e-02 -9.464254e-01  3.188666e-01
    outer loop
      vertex  1.024940e+00 -2.432550e-01  9.282723e-02
      vertex  5.646727e-01 -2.278670e-01  2.121432e-01
      vertex  5.551901e-01 -2.432550e-01  1.679872e-01
    endloop
  endfacet
  facet normal  2.164562e-02 -9.905702e-01  1.352851e-01
    outer loop
      vertex  1.024940e+00 -2.432550e-01  9.282723e-02
      vertex  5.551901e-01 -2.432550e-01  1.679872e-01
      vertex  1.019950e+00 -2.497829e-01  4.582782e-02
    endloop
  endfacet
  facet normal  2.164563e-02 -9.905702e-01  1.352852e-01
    outer loop
      vertex  1.019950e+00 -2.497829e-01  4.582782e-02
      vertex  5.551901e-01 -2.432550e-01  1.679872e-01
      vertex  5.452664e-01 -2.497829e-01  1.217773e-01
    endloop
  endfacet
  facet normal -2.603096e-01 -8.934128e-02 -9.613829e-01
    outer loop
      vertex  7.800312e-02 -2.397916e-01  2.375195e-01
      vertex  5.430792e-01 -2.397916e-01  1.115928e-01
      vertex  7.805306e-02 -2.415736e-01  2.376716e-01
    endloop
  endfacet
  facet normal -2.603096e-01 -8.934010e-02 -9.613829e-01
    outer loop
      vertex  7.805306e-02 -2.415736e-01  2.376716e-01
      vertex  5.430792e-01 -2.397916e-01  1.115928e-01
      vertex  5.431128e-01 -2.415736e-01  1.117493e-01
    endloop
  endfacet
  facet normal -2.519983e-01 -2.651751e-01 -9.306874e-01
    outer loop
      vertex  7.805306e-02 -2.415736e-01  2.376716e-01
      vertex  5.431128e-01 -2.415736e-01  1.117493e-01
      vertex  7.820129e-02 -2.432987e-01  2.381229e-01
    endloop
  endfacet
  facet normal -2.519982e-01 -2.651767e-01 -9.306870e-01
    outer loop
      vertex  7.820129e-02 -2.432987e-01  2.381229e-01
      vertex  5.431128e-01 -2.415736e-01  1.117493e-01
      vertex  5.432126e-01 -2.432987e-01  1.122138e-01
    endloop
  endfacet
  facet normal -2.356343e-01 -4.325951e-01 -8.702517e-01
    outer loop
      vertex  7.820129e-02 -2.432987e-01  2.381229e-01
      vertex  5.432126e-01 -2.432987e-01  1.122138e-01
      vertex  7.844307e-02 -2.449114e-01  2.388591e-01
    endloop
  endfacet
  facet normal -2.356352e-01 -4.325882e-01 -8.702549e-01
    outer loop
      vertex  7.844307e-02 -2.449114e-01  2.388591e-01
      vertex  5.432126e-01 -2.432987e-01  1.122138e-01
      vertex  5.433753e-01 -2.449114e-01  1.129714e-01
    endloop
  endfacet
  facet normal -2.117330e-01 -5.862414e-01 -7.819784e-01
    outer loop
      vertex  7.844307e-02 -2.449114e-01  2.388591e-01
      vertex  5.433753e-01 -2.449114e-01  1.129714e-01
      vertex  7.877065e-02 -2.463602e-01  2.398566e-01
    endloop
  endfacet
  facet normal -2.117329e-01 -5.862420e-01 -7.819780e-01
    outer loop
      vertex  7.877065e-02 -2.463602e-01  2.398566e-01
      vertex  5.433753e-01 -2.449114e-01  1.129714e-01
      vertex  5.435957e-01 -2.463602e-01  1.139979e-01
    endloop
  endfacet
  facet normal -1.810469e-01 -7.212021e-01 -6.686476e-01
    outer loop
      vertex  7.877065e-02 -2.463602e-01  2.398566e-01
      vertex  5.435957e-01 -2.463602e-01  1.139979e-01
      vertex  7.917354e-02 -2.475988e-01  2.410834e-01
    endloop
  endfacet
  facet normal -1.810473e-01 -7.212005e-01 -6.686491e-01
    outer loop
      vertex  7.917354e-02 -2.475988e-01  2.410834e-01
      vertex  5.435957e-01 -2.463602e-01  1.139979e-01
      vertex  5.438669e-01 -2.475988e-01  1.152604e-01
    endloop
  endfacet
  facet normal -1.445469e-01 -8.331363e-01 -5.338447e-01
    outer loop
      vertex  7.917354e-02 -2.475988e-01  2.410834e-01
      vertex  5.438669e-01 -2.475988e-01  1.152604e-01
      vertex  7.963885e-02 -2.485874e-01  2.425003e-01
    endloop
  endfacet
  facet normal -1.445458e-01 -8.331390e-01 -5.338408e-01
    outer loop
      vertex  7.963885e-02 -2.485874e-01  2.425003e-01
      vertex  5.438669e-01 -2.475988e-01  1.152604e-01
      vertex  5.441800e-01 -2.485874e-01  1.167185e-01
    endloop
  endfacet
  facet normal -1.033957e-01 -9.184166e-01 -3.818640e-01
    outer loop
      vertex  7.963885e-02 -2.485874e-01  2.425003e-01
      vertex  5.441800e-01 -2.485874e-01  1.167185e-01
      vertex  8.015168e-02 -2.492944e-01  2.440619e-01
    endloop
  endfacet
  facet normal -1.033951e-01 -9.184178e-01 -3.818617e-01
    outer loop
      vertex  8.015168e-02 -2.492944e-01  2.440619e-01
      vertex  5.441800e-01 -2.485874e-01  1.167185e-01
      vertex  5.445251e-01 -2.492944e-01  1.183255e-01
    endloop
  endfacet
  facet normal -5.891397e-02 -9.742622e-01 -2.175828e-01
    outer loop
      vertex  8.015168e-02 -2.492944e-01  2.440619e-01
      vertex  5.445251e-01 -2.492944e-01  1.183255e-01
      vertex  8.069562e-02 -2.496972e-01  2.457182e-01
    endloop
  endfacet
  facet normal -5.891420e-02 -9.742621e-01 -2.175836e-01
    outer loop
      vertex  8.069562e-02 -2.496972e-01  2.457182e-01
      vertex  5.445251e-01 -2.492944e-01  1.183255e-01
      vertex  5.448911e-01 -2.496972e-01  1.200299e-01
    endloop
  endfacet
  facet normal -1.253300e-02 -9.988495e-01 -4.628725e-02
    outer loop
      vertex  8.069562e-02 -2.496972e-01  2.457182e-01
      vertex  5.448911e-01 -2.496972e-01  1.200299e-01
      vertex  8.125325e-02 -2.497829e-01  2.474162e-01
    endloop
  endfacet
  facet normal -1.253292e-02 -9.988495e-01 -4.628695e-02
    outer loop
      vertex  8.125325e-02 -2.497829e-01  2.474162e-01
      vertex  5.448911e-01 -2.496972e-01  1.200299e-01
      vertex  5.452664e-01 -2.497829e-01  1.217773e-01
    endloop
  endfacet
  facet normal -5.264906e-02 -8.933911e-02 -9.946087e-01
    outer loop
      vertex  1.018851e+00 -2.397916e-01  3.546937e-02
      vertex  1.500000e+00 -2.397916e-01  1.000000e-02
      vertex  1.018868e+00 -2.415736e-01  3.562855e-02
    endloop
  endfacet
  facet normal -5.264907e-02 -8.933795e-02 -9.946089e-01
    outer loop
      vertex  1.018868e+00 -2.415736e-01  3.562855e-02
      vertex  1.500000e+00 -2.397916e-01  1.000000e-02
      vertex  1.500000e+00 -2.415736e-01  1.016007e-02
    endloop
  endfacet
  facet normal -5.096799e-02 -2.651791e-01 -9.628511e-01
    outer loop
      vertex  1.018868e+00 -2.415736e-01  3.562855e-02
      vertex  1.500000e+00 -2.415736e-01  1.016007e-02
      vertex  1.018918e+00 -2.432987e-01  3.610098e-02
    endloop
  endfacet
  facet normal -5.096801e-02 -2.651777e-01 -9.628515e-01
    outer loop
      vertex  1.018918e+00 -2.432987e-01  3.610098e-02
      vertex  1.500000e+00 -2.415736e-01  1.016007e-02
      vertex  1.500000e+00 -2.432987e-01  1.063515e-02
    endloop
  endfacet
  facet normal -4.765849e-02 -4.325899e-01 -9.003304e-01
    outer loop
      vertex  1.018918e+00 -2.432987e-01  3.610098e-02
      vertex  1.500000e+00 -2.432987e-01  1.063515e-02
      vertex  1.019000e+00 -2.449114e-01  3.687153e-02
    endloop
  endfacet
  facet normal -4.765846e-02 -4.325908e-01 -9.003298e-01
    outer loop
      vertex  1.019000e+00 -2.449114e-01  3.687153e-02
      vertex  1.500000e+00 -2.432987e-01  1.063515e-02
      vertex  1.500000e+00 -2.449114e-01  1.141004e-02
    endloop
  endfacet
  facet normal -4.282425e-02 -5.862392e-01 -8.090054e-01
    outer loop
      vertex  1.019000e+00 -2.449114e-01  3.687153e-02
      vertex  1.500000e+00 -2.449114e-01  1.141004e-02
      vertex  1.019110e+00 -2.463602e-01  3.791555e-02
    endloop
  endfacet
  facet normal -4.282428e-02 -5.862384e-01 -8.090059e-01
    outer loop
      vertex  1.019110e+00 -2.463602e-01  3.791555e-02
      vertex  1.500000e+00 -2.449114e-01  1.141004e-02
      vertex  1.500000e+00 -2.463602e-01  1.245993e-02
    endloop
  endfacet
  facet normal -3.661782e-02 -7.212006e-01 -6.917579e-01
    outer loop
      vertex  1.019110e+00 -2.463602e-01  3.791555e-02
      vertex  1.500000e+00 -2.463602e-01  1.245993e-02
      vertex  1.019247e+00 -2.475988e-01  3.919961e-02
    endloop
  endfacet
  facet normal -3.661773e-02 -7.212020e-01 -6.917562e-01
    outer loop
      vertex  1.019247e+00 -2.475988e-01  3.919961e-02
      vertex  1.500000e+00 -2.463602e-01  1.245993e-02
      vertex  1.500000e+00 -2.475988e-01  1.375121e-02
    endloop
  endfacet
  facet normal -2.923516e-02 -8.331392e-01 -5.522901e-01
    outer loop
      vertex  1.019247e+00 -2.475988e-01  3.919961e-02
      vertex  1.500000e+00 -2.475988e-01  1.375121e-02
      vertex  1.019404e+00 -2.485874e-01  4.068260e-02
    endloop
  endfacet
  facet normal -2.923519e-02 -8.331389e-01 -5.522905e-01
    outer loop
      vertex  1.019404e+00 -2.485874e-01  4.068260e-02
      vertex  1.500000e+00 -2.475988e-01  1.375121e-02
      vertex  1.500000e+00 -2.485874e-01  1.524253e-02
    endloop
  endfacet
  facet normal -2.091231e-02 -9.184170e-01 -3.950606e-01
    outer loop
      vertex  1.019404e+00 -2.485874e-01  4.068260e-02
      vertex  1.500000e+00 -2.485874e-01  1.524253e-02
      vertex  1.019578e+00 -2.492944e-01  4.231705e-02
    endloop
  endfacet
  facet normal -2.091237e-02 -9.184165e-01 -3.950616e-01
    outer loop
      vertex  1.019578e+00 -2.492944e-01  4.231705e-02
      vertex  1.500000e+00 -2.485874e-01  1.524253e-02
      vertex  1.500000e+00 -2.492944e-01  1.688616e-02
    endloop
  endfacet
  facet normal -1.191573e-02 -9.742620e-01 -2.251035e-01
    outer loop
      vertex  1.019578e+00 -2.492944e-01  4.231705e-02
      vertex  1.500000e+00 -2.492944e-01  1.688616e-02
      vertex  1.019762e+00 -2.496972e-01  4.405062e-02
    endloop
  endfacet
  facet normal -1.191572e-02 -9.742621e-01 -2.251033e-01
    outer loop
      vertex  1.019762e+00 -2.496972e-01  4.405062e-02
      vertex  1.500000e+00 -2.492944e-01  1.688616e-02
      vertex  1.500000e+00 -2.496972e-01  1.862948e-02
    endloop
  endfacet
  facet normal -2.534872e-03 -9.988496e-01 -4.788701e-02
    outer loop
      vertex  1.019762e+00 -2.496972e-01  4.405062e-02
      vertex  1.500000e+00 -2.496972e-01  1.862948e-02
      vertex  1.019950e+00 -2.497829e-01  4.582782e-02
    endloop
  endfacet
  facet normal -2.534870e-03 -9.988496e-01 -4.788696e-02
    outer loop
      vertex  1.019950e+00 -2.497829e-01  4.582782e-02
      vertex  1.500000e+00 -2.496972e-01  1.862948e-02
      vertex  1.500000e+00 -2.497829e-01  2.041667e-02
    endloop
  endfacet
  facet normal -1.573588e-01 -8.933270e-02 -9.834926e-01
    outer loop
      vertex  5.430792e-01 -2.397916e-01  1.115928e-01
      vertex  1.018851e+00 -2.397916e-01  3.546937e-02
      vertex  5.431128e-01 -2.415736e-01  1.117493e-01
    endloop
  endfacet
  facet normal -1.573587e-01 -8.934010e-02 -9.834920e-01
    outer loop
      vertex  5.431128e-01 -2.415736e-01  1.117493e-01
      vertex  1.018851e+00 -2.397916e-01  3.546937e-02
      vertex  1.018868e+00 -2.415736e-01  3.562855e-02
    endloop
  endfacet
  facet normal -1.523343e-01 -2.651791e-01 -9.520894e-01
    outer loop
      vertex  5.431128e-01 -2.415736e-01  1.117493e-01
      vertex  1.018868e+00 -2.415736e-01  3.562855e-02
      vertex  5.432126e-01 -2.432987e-01  1.122138e-01
    endloop
  endfacet
  facet normal -1.523341e-01 -2.651847e-01 -9.520879e-01
    outer loop
      vertex  5.432126e-01 -2.432987e-01  1.122138e-01
      vertex  1.018868e+00 -2.415736e-01  3.562855e-02
      vertex  1.018918e+00 -2.432987e-01  3.610098e-02
    endloop
  endfacet
  facet normal -1.424426e-01 -4.325916e-01 -8.902666e-01
    outer loop
      vertex  5.432126e-01 -2.432987e-01  1.122138e-01
      vertex  1.018918e+00 -2.432987e-01  3.610098e-02
      vertex  5.433753e-01 -2.449114e-01  1.129714e-01
    endloop
  endfacet
  facet normal -1.424426e-01 -4.325916e-01 -8.902665e-01
    outer loop
      vertex  5.433753e-01 -2.449114e-01  1.129714e-01
      vertex  1.018918e+00 -2.432987e-01  3.610098e-02
      vertex  1.019000e+00 -2.449114e-01  3.687153e-02
    endloop
  endfacet
  facet normal -1.279942e-01 -5.862384e-01 -7.999637e-01
    outer loop
      vertex  5.433753e-01 -2.449114e-01  1.129714e-01
      vertex  1.019000e+00 -2.449114e-01  3.687153e-02
      vertex  5.435957e-01 -2.463602e-01  1.139979e-01
    endloop
  endfacet
  facet normal -1.279941e-01 -5.862391e-01 -7.999632e-01
    outer loop
      vertex  5.435957e-01 -2.463602e-01  1.139979e-01
      vertex  1.019000e+00 -2.449114e-01  3.687153e-02
      vertex  1.019110e+00 -2.463602e-01  3.791555e-02
    endloop
  endfacet
  facet normal -1.094432e-01 -7.212062e-01 -6.840203e-01
    outer loop
      vertex  5.435957e-01 -2.463602e-01  1.139979e-01
      vertex  1.019110e+00 -2.463602e-01  3.791555e-02
      vertex  5.438669e-01 -2.475988e-01  1.152604e-01
    endloop
  endfacet
  facet normal -1.094445e-01 -7.211986e-01 -6.840282e-01
    outer loop
      vertex  5.438669e-01 -2.475988e-01  1.152604e-01
      vertex  1.019110e+00 -2.463602e-01  3.791555e-02
      vertex  1.019247e+00 -2.475988e-01  3.919961e-02
    endloop
  endfacet
  facet normal -8.737914e-02 -8.331377e-01 -5.461196e-01
    outer loop
      vertex  5.438669e-01 -2.475988e-01  1.152604e-01
      vertex  1.019247e+00 -2.475988e-01  3.919961e-02
      vertex  5.441800e-01 -2.485874e-01  1.167185e-01
    endloop
  endfacet
  facet normal -8.737849e-02 -8.331404e-01 -5.461156e-01
    outer loop
      vertex  5.441800e-01 -2.485874e-01  1.167185e-01
      vertex  1.019247e+00 -2.475988e-01  3.919961e-02
      vertex  1.019404e+00 -2.485874e-01  4.068260e-02
    endloop
  endfacet
  facet normal -6.250308e-02 -9.184173e-01 -3.906442e-01
    outer loop
      vertex  5.441800e-01 -2.485874e-01  1.167185e-01
      vertex  1.019404e+00 -2.485874e-01  4.068260e-02
      vertex  5.445251e-01 -2.492944e-01  1.183255e-01
    endloop
  endfacet
  facet normal -6.250294e-02 -9.184178e-01 -3.906434e-01
    outer loop
      vertex  5.445251e-01 -2.492944e-01  1.183255e-01
      vertex  1.019404e+00 -2.485874e-01  4.068260e-02
      vertex  1.019578e+00 -2.492944e-01  4.231705e-02
    endloop
  endfacet
  facet normal -3.561400e-02 -9.742620e-01 -2.225875e-01
    outer loop
      vertex  5.445251e-01 -2.492944e-01  1.183255e-01
      vertex  1.019578e+00 -2.492944e-01  4.231705e-02
      vertex  5.448911e-01 -2.496972e-01  1.200299e-01
    endloop
  endfacet
  facet normal -3.561398e-02 -9.742619e-01 -2.225874e-01
    outer loop
      vertex  5.448911e-01 -2.496972e-01  1.200299e-01
      vertex  1.019578e+00 -2.492944e-01  4.231705e-02
      vertex  1.019762e+00 -2.496972e-01  4.405062e-02
    endloop
  endfacet
  facet normal -7.576277e-03 -9.988495e-01 -4.735173e-02
    outer loop
      vertex  5.448911e-01 -2.496972e-01  1.200299e-01
      vertex  1.019762e+00 -2.496972e-01  4.405062e-02
      vertex  5.452664e-01 -2.497829e-01  1.217773e-01
    endloop
  endfacet
  facet normal -7.576325e-03 -9.988496e-01 -4.735203e-02
    outer loop
      vertex  5.452664e-01 -2.497829e-01  1.217773e-01
      vertex  1.019762e+00 -2.496972e-01  4.405062e-02
      vertex  1.019950e+00 -2.497829e-01  4.582782e-02
    endloop
  endfacet
  facet normal -2.365336e-02 -7.201426e-01  6.934227e-01
    outer loop
      vertex -1.506777e-02 -2.397916e-01 -2.495455e-01
      vertex -1.569559e-02 -2.497829e-01 -2.599432e-01
      vertex  3.337236e-02 -2.497829e-01 -2.582695e-01
    endloop
  endfacet
  facet normal  1.069165e-01 -7.201419e-01  6.855394e-01
    outer loop
      vertex -6.163744e-02 -2.397916e-01 -2.422825e-01
      vertex -6.420566e-02 -2.497829e-01 -2.523776e-01
      vertex -1.569559e-02 -2.497829e-01 -2.599432e-01
    endloop
  endfacet
  facet normal  1.069162e-01 -7.201426e-01  6.855389e-01
    outer loop
      vertex -6.163744e-02 -2.397916e-01 -2.422825e-01
      vertex -1.569559e-02 -2.497829e-01 -2.599432e-01
      vertex -1.506777e-02 -2.397916e-01 -2.495455e-01
    endloop
  endfacet
  facet normal  2.336856e-01 -7.201424e-01  6.532887e-01
    outer loop
      vertex -1.060163e-01 -2.397916e-01 -2.264079e-01
      vertex -1.104336e-01 -2.497829e-01 -2.358416e-01
      vertex -6.420566e-02 -2.497829e-01 -2.523776e-01
    endloop
  endfacet
  facet normal  2.336858e-01 -7.201420e-01  6.532889e-01
    outer loop
      vertex -1.060163e-01 -2.397916e-01 -2.264079e-01
      vertex -6.420566e-02 -2.497829e-01 -2.523776e-01
      vertex -6.163744e-02 -2.397916e-01 -2.422825e-01
    endloop
  endfacet
  facet normal  3.521489e-01 -7.201428e-01  5.978174e-01
    outer loop
      vertex -1.466269e-01 -2.397916e-01 -2.024859e-01
      vertex -1.527364e-01 -2.497829e-01 -2.109228e-01
      vertex -1.104336e-01 -2.497829e-01 -2.358416e-01
    endloop
  endfacet
  facet normal  3.521492e-01 -7.201423e-01  5.978175e-01
    outer loop
      vertex -1.466269e-01 -2.397916e-01 -2.024859e-01
      vertex -1.104336e-01 -2.497829e-01 -2.358416e-01
      vertex -1.060163e-01 -2.397916e-01 -2.264079e-01
    endloop
  endfacet
  facet normal  4.580955e-01 -7.201427e-01  5.210978e-01
    outer loop
      vertex -1.820259e-01 -2.397916e-01 -1.713668e-01
      vertex -1.896103e-01 -2.497829e-01 -1.785071e-01
      vertex -1.527364e-01 -2.497829e-01 -2.109228e-01
    endloop
  endfacet
  facet normal  4.580953e-01 -7.201428e-01  5.210978e-01
    outer loop
      vertex -1.820259e-01 -2.397916e-01 -1.713668e-01
      vertex -1.527364e-01 -2.497829e-01 -2.109228e-01
      vertex -1.466269e-01 -2.397916e-01 -2.024859e-01
    endloop
  endfacet
  facet normal  5.477598e-01 -7.201425e-01  4.258567e-01
    outer loop
      vertex -2.109549e-01 -2.397916e-01 -1.341567e-01
      vertex -2.197447e-01 -2.497829e-01 -1.397465e-01
      vertex -1.896103e-01 -2.497829e-01 -1.785071e-01
    endloop
  endfacet
  facet normal  5.477597e-01 -7.201427e-01  4.258566e-01
    outer loop
      vertex -2.109549e-01 -2.397916e-01 -1.341567e-01
      vertex -1.896103e-01 -2.497829e-01 -1.785071e-01
      vertex -1.820259e-01 -2.397916e-01 -1.713668e-01
    endloop
  endfacet
  facet normal  6.179546e-01 -7.201425e-01  3.154787e-01
    outer loop
      vertex -2.323859e-01 -2.397916e-01 -9.217812e-02
      vertex -2.420686e-01 -2.497829e-01 -9.601887e-02
      vertex -2.197447e-01 -2.497829e-01 -1.397465e-01
    endloop
  endfacet
  facet normal  6.179546e-01 -7.201426e-01  3.154788e-01
    outer loop
      vertex -2.323859e-01 -2.397916e-01 -9.217812e-02
      vertex -2.197447e-01 -2.497829e-01 -1.397465e-01
      vertex -2.109549e-01 -2.397916e-01 -1.341567e-01
    endloop
  endfacet
  facet normal  6.661853e-01 -7.201420e-01  1.938876e-01
    outer loop
      vertex -2.455570e-01 -2.397916e-01 -4.692320e-02
      vertex -2.557885e-01 -2.497829e-01 -4.887833e-02
      vertex -2.420686e-01 -2.497829e-01 -9.601887e-02
    endloop
  endfacet
  facet normal  6.661849e-01 -7.201425e-01  1.938877e-01
    outer loop
      vertex -2.455570e-01 -2.397916e-01 -4.692320e-02
      vertex -2.420686e-01 -2.497829e-01 -9.601887e-02
      vertex -2.323859e-01 -2.397916e-01 -9.217812e-02
    endloop
  endfacet
  facet normal  6.907369e-01 -7.201422e-01  6.540498e-02
    outer loop
      vertex -2.500000e-01 -2.397916e-01 -4.478931e-07
      vertex -2.604167e-01 -2.497829e-01 -4.665553e-07
      vertex -2.557885e-01 -2.497829e-01 -4.887833e-02
    endloop
  endfacet
  facet normal  6.907371e-01 -7.201420e-01  6.540492e-02
    outer loop
      vertex -2.500000e-01 -2.397916e-01 -4.478931e-07
      vertex -2.557885e-01 -2.497829e-01 -4.887833e-02
      vertex -2.455570e-01 -2.397916e-01 -4.692320e-02
    endloop
  endfacet
  facet normal  6.907370e-01 -7.201424e-01 -6.540245e-02
    outer loop
      vertex -2.455571e-01 -2.397916e-01  4.692231e-02
      vertex -2.557887e-01 -2.497829e-01  4.887741e-02
      vertex -2.604167e-01 -2.497829e-01 -4.665553e-07
    endloop
  endfacet
  facet normal  6.907371e-01 -7.201422e-01 -6.540249e-02
    outer loop
      vertex -2.455571e-01 -2.397916e-01  4.692231e-02
      vertex -2.604167e-01 -2.497829e-01 -4.665553e-07
      vertex -2.500000e-01 -2.397916e-01 -4.478931e-07
    endloop
  endfacet
  facet normal  6.661856e-01 -7.201426e-01 -1.938852e-01
    outer loop
      vertex -2.323862e-01 -2.397916e-01  9.217729e-02
      vertex -2.420690e-01 -2.497829e-01  9.601801e-02
      vertex -2.557887e-01 -2.497829e-01  4.887741e-02
    endloop
  endfacet
  facet normal  6.661858e-01 -7.201423e-01 -1.938853e-01
    outer loop
      vertex -2.323862e-01 -2.397916e-01  9.217729e-02
      vertex -2.557887e-01 -2.497829e-01  4.887741e-02
      vertex -2.455571e-01 -2.397916e-01  4.692231e-02
    endloop
  endfacet
  facet normal  6.179557e-01 -7.201425e-01 -3.154767e-01
    outer loop
      vertex -2.109554e-01 -2.397916e-01  1.341559e-01
      vertex -2.197452e-01 -2.497829e-01  1.397458e-01
      vertex -2.420690e-01 -2.497829e-01  9.601801e-02
    endloop
  endfacet
  facet normal  6.179556e-01 -7.201426e-01 -3.154766e-01
    outer loop
      vertex -2.109554e-01 -2.397916e-01  1.341559e-01
      vertex -2.420690e-01 -2.497829e-01  9.601801e-02
      vertex -2.323862e-01 -2.397916e-01  9.217729e-02
    endloop
  endfacet
  facet normal  5.477612e-01 -7.201427e-01 -4.258545e-01
    outer loop
      vertex -1.820265e-01 -2.397916e-01  1.713662e-01
      vertex -1.896109e-01 -2.497829e-01  1.785064e-01
      vertex -2.197452e-01 -2.497829e-01  1.397458e-01
    endloop
  endfacet
  facet normal  5.477614e-01 -7.201425e-01 -4.258548e-01
    outer loop
      vertex -1.820265e-01 -2.397916e-01  1.713662e-01
      vertex -2.197452e-01 -2.497829e-01  1.397458e-01
      vertex -2.109554e-01 -2.397916e-01  1.341559e-01
    endloop
  endfacet
  facet normal  4.580975e-01 -7.201427e-01 -5.210963e-01
    outer loop
      vertex -1.466276e-01 -2.397916e-01  2.024854e-01
      vertex -1.527371e-01 -2.497829e-01  2.109223e-01
      vertex -1.896109e-01 -2.497829e-01  1.785064e-01
    endloop
  endfacet
  facet normal  4.580974e-01 -7.201427e-01 -5.210961e-01
    outer loop
      vertex -1.466276e-01 -2.397916e-01  2.024854e-01
      vertex -1.896109e-01 -2.497829e-01  1.785064e-01
      vertex -1.820265e-01 -2.397916e-01  1.713662e-01
    endloop
  endfacet
  facet normal  3.521512e-01 -7.201425e-01 -5.978165e-01
    outer loop
      vertex -1.060171e-01 -2.397916e-01  2.264075e-01
      vertex -1.104345e-01 -2.497829e-01  2.358412e-01
      vertex -1.527371e-01 -2.497829e-01  2.109223e-01
    endloop
  endfacet
  facet normal  3.521511e-01 -7.201425e-01 -5.978163e-01
    outer loop
      vertex -1.060171e-01 -2.397916e-01  2.264075e-01
      vertex -1.527371e-01 -2.497829e-01  2.109223e-01
      vertex -1.466276e-01 -2.397916e-01  2.024854e-01
    endloop
  endfacet
  facet normal  2.336881e-01 -7.201428e-01 -6.532872e-01
    outer loop
      vertex -6.163831e-02 -2.397916e-01  2.422823e-01
      vertex -6.420657e-02 -2.497829e-01  2.523774e-01
      vertex -1.104345e-01 -2.497829e-01  2.358412e-01
    endloop
  endfacet
  facet normal  2.336881e-01 -7.201424e-01 -6.532876e-01
    outer loop
      vertex -6.163831e-02 -2.397916e-01  2.422823e-01
      vertex -1.104345e-01 -2.497829e-01  2.358412e-01
      vertex -1.060171e-01 -2.397916e-01  2.264075e-01
    endloop
  endfacet
  facet normal  1.069186e-01 -7.201427e-01 -6.855384e-01
    outer loop
      vertex -1.506866e-02 -2.397916e-01  2.495455e-01
      vertex -1.569652e-02 -2.497829e-01  2.599432e-01
      vertex -6.420657e-02 -2.497829e-01  2.523774e-01
    endloop
  endfacet
  facet normal  1.069186e-01 -7.201428e-01 -6.855383e-01
    outer loop
      vertex -1.506866e-02 -2.397916e-01  2.495455e-01
      vertex -6.420657e-02 -2.497829e-01  2.523774e-01
      vertex -6.163831e-02 -2.397916e-01  2.422823e-01
    endloop
  endfacet
  facet normal -2.365094e-02 -7.201427e-01 -6.934227e-01
    outer loop
      vertex  3.203658e-02 -2.397916e-01  2.479388e-01
      vertex -1.569652e-02 -2.497829e-01  2.599432e-01
      vertex -1.506866e-02 -2.397916e-01  2.495455e-01
    endloop
  endfacet
  facet normal -2.201850e-01 -8.906782e-02 -9.713833e-01
    outer loop
      vertex  7.800312e-02 -2.397916e-01  2.375195e-01
      vertex  7.805306e-02 -2.415736e-01  2.376716e-01
      vertex  3.203658e-02 -2.397916e-01  2.479388e-01
    endloop
  endfacet
  facet normal -1.061864e-02 -9.988457e-01  4.684563e-02
    outer loop
      vertex  8.125418e-02 -2.497829e-01 -2.474160e-01
      vertex  8.069656e-02 -2.496973e-01 -2.457180e-01
      vertex  3.337236e-02 -2.497829e-01 -2.582695e-01
    endloop
  endfacet
  facet normal -2.365082e-02 -7.201429e-01 -6.934224e-01
    outer loop
      vertex  3.337144e-02 -2.497829e-01  2.582696e-01
      vertex -1.569652e-02 -2.497829e-01  2.599432e-01
      vertex  3.203658e-02 -2.397916e-01  2.479388e-01
    endloop
  endfacet
  facet normal -1.778059e-01 -7.187459e-01 -6.721528e-01
    outer loop
      vertex  3.337144e-02 -2.497829e-01  2.582696e-01
      vertex  3.203658e-02 -2.397916e-01  2.479388e-01
      vertex  7.805306e-02 -2.415736e-01  2.376716e-01
    endloop
  endfacet
  facet normal -3.631233e-01 -2.649327e-01 -8.932816e-01
    outer loop
      vertex  3.337144e-02 -2.497829e-01  2.582696e-01
      vertex  7.805306e-02 -2.415736e-01  2.376716e-01
      vertex  7.820129e-02 -2.432987e-01  2.381229e-01
    endloop
  endfacet
  facet normal -3.167141e-01 -4.327789e-01 -8.440347e-01
    outer loop
      vertex  3.337144e-02 -2.497829e-01  2.582696e-01
      vertex  7.820129e-02 -2.432987e-01  2.381229e-01
      vertex  7.844307e-02 -2.449114e-01  2.388591e-01
    endloop
  endfacet
  facet normal -2.659789e-01 -5.867218e-01 -7.648613e-01
    outer loop
      vertex  3.337144e-02 -2.497829e-01  2.582696e-01
      vertex  7.844307e-02 -2.449114e-01  2.388591e-01
      vertex  7.877065e-02 -2.463602e-01  2.398566e-01
    endloop
  endfacet
  facet normal -2.127552e-01 -7.216815e-01 -6.587193e-01
    outer loop
      vertex  3.337144e-02 -2.497829e-01  2.582696e-01
      vertex  7.877065e-02 -2.463602e-01  2.398566e-01
      vertex  7.917354e-02 -2.475988e-01  2.410834e-01
    endloop
  endfacet
  facet normal -1.588748e-01 -8.334118e-01 -5.293239e-01
    outer loop
      vertex  3.337144e-02 -2.497829e-01  2.582696e-01
      vertex  7.917354e-02 -2.475988e-01  2.410834e-01
      vertex  7.963885e-02 -2.485874e-01  2.425003e-01
    endloop
  endfacet
  facet normal -1.061219e-01 -9.184671e-01 -3.809940e-01
    outer loop
      vertex  3.337144e-02 -2.497829e-01  2.582696e-01
      vertex  7.963885e-02 -2.485874e-01  2.425003e-01
      vertex  8.015168e-02 -2.492944e-01  2.440619e-01
    endloop
  endfacet
  facet normal -5.617964e-02 -9.742249e-01 -2.184715e-01
    outer loop
      vertex  3.337144e-02 -2.497829e-01  2.582696e-01
      vertex  8.015168e-02 -2.492944e-01  2.440619e-01
      vertex  8.069562e-02 -2.496972e-01  2.457182e-01
    endloop
  endfacet
  facet normal -1.063332e-02 -9.988425e-01 -4.691067e-02
    outer loop
      vertex  3.337144e-02 -2.497829e-01  2.582696e-01
      vertex  8.069562e-02 -2.496972e-01  2.457182e-01
      vertex  8.125325e-02 -2.497829e-01  2.474162e-01
    endloop
  endfacet
  facet normal -2.365335e-02 -7.201426e-01  6.934227e-01
    outer loop
      vertex  3.203747e-02 -2.397916e-01 -2.479387e-01
      vertex -1.506777e-02 -2.397916e-01 -2.495455e-01
      vertex  3.337236e-02 -2.497829e-01 -2.582695e-01
    endloop
  endfacet
  facet normal -1.770118e-01 -7.187983e-01  6.723064e-01
    outer loop
      vertex  3.203747e-02 -2.397916e-01 -2.479387e-01
      vertex  3.337236e-02 -2.497829e-01 -2.582695e-01
      vertex  8.069656e-02 -2.496973e-01 -2.457180e-01
    endloop
  endfacet
  facet normal -2.040000e-01 -9.645221e-01  1.675746e-01
    outer loop
      vertex  3.203747e-02 -2.397916e-01 -2.479387e-01
      vertex  8.069656e-02 -2.496973e-01 -2.457180e-01
      vertex  8.015262e-02 -2.492945e-01 -2.440617e-01
    endloop
  endfacet
  facet normal -2.085478e-01 -9.148673e-01  3.457247e-01
    outer loop
      vertex  3.203747e-02 -2.397916e-01 -2.479387e-01
      vertex  8.015262e-02 -2.492945e-01 -2.440617e-01
      vertex  7.963977e-02 -2.485875e-01 -2.425001e-01
    endloop
  endfacet
  facet normal -2.122947e-01 -8.327554e-01  5.113214e-01
    outer loop
      vertex  3.203747e-02 -2.397916e-01 -2.479387e-01
      vertex  7.963977e-02 -2.485875e-01 -2.425001e-01
      vertex  7.917445e-02 -2.475989e-01 -2.410833e-01
    endloop
  endfacet
  facet normal -2.152181e-01 -7.216860e-01  6.579137e-01
    outer loop
      vertex  3.203747e-02 -2.397916e-01 -2.479387e-01
      vertex  7.917445e-02 -2.475989e-01 -2.410833e-01
      vertex  7.877155e-02 -2.463603e-01 -2.398565e-01
    endloop
  endfacet
  facet normal -2.173701e-01 -5.863784e-01  7.803272e-01
    outer loop
      vertex  3.203747e-02 -2.397916e-01 -2.479387e-01
      vertex  7.877155e-02 -2.463603e-01 -2.398565e-01
      vertex  7.844397e-02 -2.449115e-01 -2.388590e-01
    endloop
  endfacet
  facet normal -2.188473e-01 -4.321640e-01  8.748372e-01
    outer loop
      vertex  3.203747e-02 -2.397916e-01 -2.479387e-01
      vertex  7.844397e-02 -2.449115e-01 -2.388590e-01
      vertex  7.820219e-02 -2.432988e-01 -2.381228e-01
    endloop
  endfacet
  facet normal -2.197567e-01 -2.645823e-01  9.389905e-01
    outer loop
      vertex  3.203747e-02 -2.397916e-01 -2.479387e-01
      vertex  7.820219e-02 -2.432988e-01 -2.381228e-01
      vertex  7.805395e-02 -2.415738e-01 -2.376714e-01
    endloop
  endfacet
  facet normal -2.201878e-01 -8.912883e-02  9.713771e-01
    outer loop
      vertex  3.203747e-02 -2.397916e-01 -2.479387e-01
      vertex  7.805395e-02 -2.415738e-01 -2.376714e-01
      vertex  7.800397e-02 -2.397917e-01 -2.375192e-01
    endloop
  endfacet
  facet normal -1.251600e-02 -9.988527e-01  4.622297e-02
    outer loop
      vertex  8.125418e-02 -2.497829e-01 -2.474160e-01
      vertex  5.452666e-01 -2.497830e-01 -1.217755e-01
      vertex  8.069656e-02 -2.496973e-01 -2.457180e-01
    endloop
  endfacet
  facet normal -1.253110e-02 -9.988499e-01  4.627956e-02
    outer loop
      vertex  8.069656e-02 -2.496973e-01 -2.457180e-01
      vertex  5.452666e-01 -2.497830e-01 -1.217755e-01
      vertex  5.448914e-01 -2.496973e-01 -1.200282e-01
    endloop
  endfacet
  facet normal -5.891725e-02 -9.742600e-01  2.175919e-01
    outer loop
      vertex  8.069656e-02 -2.496973e-01 -2.457180e-01
      vertex  5.448914e-01 -2.496973e-01 -1.200282e-01
      vertex  8.015262e-02 -2.492945e-01 -2.440617e-01
    endloop
  endfacet
  facet normal -5.891728e-02 -9.742600e-01  2.175920e-01
    outer loop
      vertex  8.015262e-02 -2.492945e-01 -2.440617e-01
      vertex  5.448914e-01 -2.496973e-01 -1.200282e-01
      vertex  5.445254e-01 -2.492945e-01 -1.183237e-01
    endloop
  endfacet
  facet normal -1.033972e-01 -9.184165e-01  3.818642e-01
    outer loop
      vertex  8.015262e-02 -2.492945e-01 -2.440617e-01
      vertex  5.445254e-01 -2.492945e-01 -1.183237e-01
      vertex  7.963977e-02 -2.485875e-01 -2.425001e-01
    endloop
  endfacet
  facet normal -1.033970e-01 -9.184168e-01  3.818635e-01
    outer loop
      vertex  7.963977e-02 -2.485875e-01 -2.425001e-01
      vertex  5.445254e-01 -2.492945e-01 -1.183237e-01
      vertex  5.441803e-01 -2.485875e-01 -1.167167e-01
    endloop
  endfacet
  facet normal -1.445476e-01 -8.331390e-01  5.338401e-01
    outer loop
      vertex  7.963977e-02 -2.485875e-01 -2.425001e-01
      vertex  5.441803e-01 -2.485875e-01 -1.167167e-01
      vertex  7.917445e-02 -2.475989e-01 -2.410833e-01
    endloop
  endfacet
  facet normal -1.445471e-01 -8.331404e-01  5.338382e-01
    outer loop
      vertex  7.917445e-02 -2.475989e-01 -2.410833e-01
      vertex  5.441803e-01 -2.485875e-01 -1.167167e-01
      vertex  5.438671e-01 -2.475989e-01 -1.152586e-01
    endloop
  endfacet
  facet normal -1.810491e-01 -7.212028e-01  6.686463e-01
    outer loop
      vertex  7.917445e-02 -2.475989e-01 -2.410833e-01
      vertex  5.438671e-01 -2.475989e-01 -1.152586e-01
      vertex  7.877155e-02 -2.463603e-01 -2.398565e-01
    endloop
  endfacet
  facet normal -1.810498e-01 -7.212002e-01  6.686488e-01
    outer loop
      vertex  7.877155e-02 -2.463603e-01 -2.398565e-01
      vertex  5.438671e-01 -2.475989e-01 -1.152586e-01
      vertex  5.435960e-01 -2.463603e-01 -1.139961e-01
    endloop
  endfacet
  facet normal -2.117365e-01 -5.862376e-01  7.819803e-01
    outer loop
      vertex  7.877155e-02 -2.463603e-01 -2.398565e-01
      vertex  5.435960e-01 -2.463603e-01 -1.139961e-01
      vertex  7.844397e-02 -2.449115e-01 -2.388590e-01
    endloop
  endfacet
  facet normal -2.117355e-01 -5.862426e-01  7.819768e-01
    outer loop
      vertex  7.844397e-02 -2.449115e-01 -2.388590e-01
      vertex  5.435960e-01 -2.463603e-01 -1.139961e-01
      vertex  5.433756e-01 -2.449115e-01 -1.129697e-01
    endloop
  endfacet
  facet normal -2.356383e-01 -4.325885e-01  8.702538e-01
    outer loop
      vertex  7.844397e-02 -2.449115e-01 -2.388590e-01
      vertex  5.433756e-01 -2.449115e-01 -1.129697e-01
      vertex  7.820219e-02 -2.432988e-01 -2.381228e-01
    endloop
  endfacet
  facet normal -2.356387e-01 -4.325850e-01  8.702555e-01
    outer loop
      vertex  7.820219e-02 -2.432988e-01 -2.381228e-01
      vertex  5.433756e-01 -2.449115e-01 -1.129697e-01
      vertex  5.432128e-01 -2.432988e-01 -1.122120e-01
    endloop
  endfacet
  facet normal -2.520018e-01 -2.651728e-01  9.306871e-01
    outer loop
      vertex  7.820219e-02 -2.432988e-01 -2.381228e-01
      vertex  5.432128e-01 -2.432988e-01 -1.122120e-01
      vertex  7.805395e-02 -2.415738e-01 -2.376714e-01
    endloop
  endfacet
  facet normal -2.520019e-01 -2.651712e-01  9.306876e-01
    outer loop
      vertex  7.805395e-02 -2.415738e-01 -2.376714e-01
      vertex  5.432128e-01 -2.432988e-01 -1.122120e-01
      vertex  5.431131e-01 -2.415738e-01 -1.117475e-01
    endloop
  endfacet
  facet normal -2.603116e-01 -8.940014e-02  9.613768e-01
    outer loop
      vertex  7.805395e-02 -2.415738e-01 -2.376714e-01
      vertex  5.431131e-01 -2.415738e-01 -1.117475e-01
      vertex  7.800397e-02 -2.397917e-01 -2.375192e-01
    endloop
  endfacet
  facet normal -2.603129e-01 -8.933273e-02  9.613827e-01
    outer loop
      vertex  7.800397e-02 -2.397917e-01 -2.375192e-01
      vertex  5.431131e-01 -2.415738e-01 -1.117475e-01
      vertex  5.430795e-01 -2.397917e-01 -1.115910e-01
    endloop
  endfacet
  facet normal -2.534040e-03 -9.988499e-01  4.787856e-02
    outer loop
      vertex  1.019951e+00 -2.497830e-01 -4.582614e-02
      vertex  1.500000e+00 -2.497829e-01 -2.041667e-02
      vertex  1.019762e+00 -2.496973e-01 -4.404894e-02
    endloop
  endfacet
  facet normal -2.534453e-03 -9.988495e-01  4.788695e-02
    outer loop
      vertex  1.019762e+00 -2.496973e-01 -4.404894e-02
      vertex  1.500000e+00 -2.497829e-01 -2.041667e-02
      vertex  1.500000e+00 -2.496972e-01 -1.862948e-02
    endloop
  endfacet
  facet normal -1.191512e-02 -9.742602e-01  2.251115e-01
    outer loop
      vertex  1.019762e+00 -2.496973e-01 -4.404894e-02
      vertex  1.500000e+00 -2.496972e-01 -1.862948e-02
      vertex  1.019578e+00 -2.492945e-01 -4.231536e-02
    endloop
  endfacet
  facet normal -1.191471e-02 -9.742621e-01  2.251032e-01
    outer loop
      vertex  1.019578e+00 -2.492945e-01 -4.231536e-02
      vertex  1.500000e+00 -2.496972e-01 -1.862948e-02
      vertex  1.500000e+00 -2.492944e-01 -1.688616e-02
    endloop
  endfacet
  facet normal -2.091083e-02 -9.184163e-01  3.950625e-01
    outer loop
      vertex  1.019578e+00 -2.492945e-01 -4.231536e-02
      vertex  1.500000e+00 -2.492944e-01 -1.688616e-02
      vertex  1.019404e+00 -2.485875e-01 -4.068092e-02
    endloop
  endfacet
  facet normal -2.091079e-02 -9.184166e-01  3.950617e-01
    outer loop
      vertex  1.019404e+00 -2.485875e-01 -4.068092e-02
      vertex  1.500000e+00 -2.492944e-01 -1.688616e-02
      vertex  1.500000e+00 -2.485874e-01 -1.524253e-02
    endloop
  endfacet
  facet normal -2.923307e-02 -8.331390e-01  5.522904e-01
    outer loop
      vertex  1.019404e+00 -2.485875e-01 -4.068092e-02
      vertex  1.500000e+00 -2.485874e-01 -1.524253e-02
      vertex  1.019247e+00 -2.475989e-01 -3.919793e-02
    endloop
  endfacet
  facet normal -2.923308e-02 -8.331390e-01  5.522905e-01
    outer loop
      vertex  1.019247e+00 -2.475989e-01 -3.919793e-02
      vertex  1.500000e+00 -2.485874e-01 -1.524253e-02
      vertex  1.500000e+00 -2.475988e-01 -1.375121e-02
    endloop
  endfacet
  facet normal -3.661519e-02 -7.212017e-01  6.917568e-01
    outer loop
      vertex  1.019247e+00 -2.475989e-01 -3.919793e-02
      vertex  1.500000e+00 -2.475988e-01 -1.375121e-02
      vertex  1.019111e+00 -2.463603e-01 -3.791387e-02
    endloop
  endfacet
  facet normal -3.661516e-02 -7.212023e-01  6.917562e-01
    outer loop
      vertex  1.019111e+00 -2.463603e-01 -3.791387e-02
      vertex  1.500000e+00 -2.475988e-01 -1.375121e-02
      vertex  1.500000e+00 -2.463602e-01 -1.245993e-02
    endloop
  endfacet
  facet normal -4.282118e-02 -5.862426e-01  8.090031e-01
    outer loop
      vertex  1.019111e+00 -2.463603e-01 -3.791387e-02
      vertex  1.500000e+00 -2.463602e-01 -1.245993e-02
      vertex  1.019000e+00 -2.449115e-01 -3.686985e-02
    endloop
  endfacet
  facet normal -4.282130e-02 -5.862386e-01  8.090059e-01
    outer loop
      vertex  1.019000e+00 -2.449115e-01 -3.686985e-02
      vertex  1.500000e+00 -2.463602e-01 -1.245993e-02
      vertex  1.500000e+00 -2.449114e-01 -1.141004e-02
    endloop
  endfacet
  facet normal -4.765527e-02 -4.325885e-01  9.003311e-01
    outer loop
      vertex  1.019000e+00 -2.449115e-01 -3.686985e-02
      vertex  1.500000e+00 -2.449114e-01 -1.141004e-02
      vertex  1.018918e+00 -2.432988e-01 -3.609928e-02
    endloop
  endfacet
  facet normal -4.765522e-02 -4.325909e-01  9.003300e-01
    outer loop
      vertex  1.018918e+00 -2.432988e-01 -3.609928e-02
      vertex  1.500000e+00 -2.449114e-01 -1.141004e-02
      vertex  1.500000e+00 -2.432987e-01 -1.063515e-02
    endloop
  endfacet
  facet normal -5.096460e-02 -2.651778e-01  9.628517e-01
    outer loop
      vertex  1.018918e+00 -2.432988e-01 -3.609928e-02
      vertex  1.500000e+00 -2.432987e-01 -1.063515e-02
      vertex  1.018868e+00 -2.415738e-01 -3.562685e-02
    endloop
  endfacet
  facet normal -5.096458e-02 -2.651782e-01  9.628516e-01
    outer loop
      vertex  1.018868e+00 -2.415738e-01 -3.562685e-02
      vertex  1.500000e+00 -2.432987e-01 -1.063515e-02
      vertex  1.500000e+00 -2.415736e-01 -1.016007e-02
    endloop
  endfacet
  facet normal -5.264558e-02 -8.933799e-02  9.946091e-01
    outer loop
      vertex  1.018868e+00 -2.415738e-01 -3.562685e-02
      vertex  1.500000e+00 -2.415736e-01 -1.016007e-02
      vertex  1.018851e+00 -2.397917e-01 -3.546768e-02
    endloop
  endfacet
  facet normal -5.264563e-02 -8.927378e-02  9.946147e-01
    outer loop
      vertex  1.018851e+00 -2.397917e-01 -3.546768e-02
      vertex  1.500000e+00 -2.415736e-01 -1.016007e-02
      vertex  1.500000e+00 -2.397916e-01 -1.000012e-02
    endloop
  endfacet
  facet normal -7.574969e-03 -9.988499e-01  4.734359e-02
    outer loop
      vertex  5.452666e-01 -2.497830e-01 -1.217755e-01
      vertex  1.019951e+00 -2.497830e-01 -4.582614e-02
      vertex  5.448914e-01 -2.496973e-01 -1.200282e-01
    endloop
  endfacet
  facet normal -7.574921e-03 -9.988500e-01  4.734328e-02
    outer loop
      vertex  5.448914e-01 -2.496973e-01 -1.200282e-01
      vertex  1.019951e+00 -2.497830e-01 -4.582614e-02
      vertex  1.019762e+00 -2.496973e-01 -4.404894e-02
    endloop
  endfacet
  facet normal -3.561519e-02 -9.742602e-01  2.225951e-01
    outer loop
      vertex  5.448914e-01 -2.496973e-01 -1.200282e-01
      vertex  1.019762e+00 -2.496973e-01 -4.404894e-02
      vertex  5.445254e-01 -2.492945e-01 -1.183237e-01
    endloop
  endfacet
  facet normal -3.561521e-02 -9.742602e-01  2.225952e-01
    outer loop
      vertex  5.445254e-01 -2.492945e-01 -1.183237e-01
      vertex  1.019762e+00 -2.496973e-01 -4.404894e-02
      vertex  1.019578e+00 -2.492945e-01 -4.231536e-02
    endloop
  endfacet
  facet normal -6.250338e-02 -9.184165e-01  3.906463e-01
    outer loop
      vertex  5.445254e-01 -2.492945e-01 -1.183237e-01
      vertex  1.019578e+00 -2.492945e-01 -4.231536e-02
      vertex  5.441803e-01 -2.485875e-01 -1.167167e-01
    endloop
  endfacet
  facet normal -6.250352e-02 -9.184161e-01  3.906472e-01
    outer loop
      vertex  5.441803e-01 -2.485875e-01 -1.167167e-01
      vertex  1.019578e+00 -2.492945e-01 -4.231536e-02
      vertex  1.019404e+00 -2.485875e-01 -4.068092e-02
    endloop
  endfacet
  facet normal -8.737842e-02 -8.331404e-01  5.461155e-01
    outer loop
      vertex  5.441803e-01 -2.485875e-01 -1.167167e-01
      vertex  1.019404e+00 -2.485875e-01 -4.068092e-02
      vertex  5.438671e-01 -2.475989e-01 -1.152586e-01
    endloop
  endfacet
  facet normal -8.737873e-02 -8.331390e-01  5.461175e-01
    outer loop
      vertex  5.438671e-01 -2.475989e-01 -1.152586e-01
      vertex  1.019404e+00 -2.485875e-01 -4.068092e-02
      vertex  1.019247e+00 -2.475989e-01 -3.919793e-02
    endloop
  endfacet
  facet normal -1.094437e-01 -7.212028e-01  6.840239e-01
    outer loop
      vertex  5.438671e-01 -2.475989e-01 -1.152586e-01
      vertex  1.019247e+00 -2.475989e-01 -3.919793e-02
      vertex  5.435960e-01 -2.463603e-01 -1.139961e-01
    endloop
  endfacet
  facet normal -1.094442e-01 -7.212001e-01  6.840265e-01
    outer loop
      vertex  5.435960e-01 -2.463603e-01 -1.139961e-01
      vertex  1.019247e+00 -2.475989e-01 -3.919793e-02
      vertex  1.019111e+00 -2.463603e-01 -3.791387e-02
    endloop
  endfacet
  facet normal -1.279939e-01 -5.862404e-01  7.999623e-01
    outer loop
      vertex  5.435960e-01 -2.463603e-01 -1.139961e-01
      vertex  1.019111e+00 -2.463603e-01 -3.791387e-02
      vertex  5.433756e-01 -2.449115e-01 -1.129697e-01
    endloop
  endfacet
  facet normal -1.279936e-01 -5.862426e-01  7.999608e-01
    outer loop
      vertex  5.433756e-01 -2.449115e-01 -1.129697e-01
      vertex  1.019111e+00 -2.463603e-01 -3.791387e-02
      vertex  1.019000e+00 -2.449115e-01 -3.686985e-02
    endloop
  endfacet
  facet normal -1.424425e-01 -4.325921e-01  8.902664e-01
    outer loop
      vertex  5.433756e-01 -2.449115e-01 -1.129697e-01
      vertex  1.019000e+00 -2.449115e-01 -3.686985e-02
      vertex  5.432128e-01 -2.432988e-01 -1.122120e-01
    endloop
  endfacet
  facet normal -1.424428e-01 -4.325884e-01  8.902681e-01
    outer loop
      vertex  5.432128e-01 -2.432988e-01 -1.122120e-01
      vertex  1.019000e+00 -2.449115e-01 -3.686985e-02
      vertex  1.018918e+00 -2.432988e-01 -3.609928e-02
    endloop
  endfacet
  facet normal -1.523345e-01 -2.651727e-01  9.520912e-01
    outer loop
      vertex  5.432128e-01 -2.432988e-01 -1.122120e-01
      vertex  1.018918e+00 -2.432988e-01 -3.609928e-02
      vertex  5.431131e-01 -2.415738e-01 -1.117475e-01
    endloop
  endfacet
  facet normal -1.523342e-01 -2.651792e-01  9.520894e-01
    outer loop
      vertex  5.431131e-01 -2.415738e-01 -1.117475e-01
      vertex  1.018918e+00 -2.432988e-01 -3.609928e-02
      vertex  1.018868e+00 -2.415738e-01 -3.562685e-02
    endloop
  endfacet
  facet normal -1.573588e-01 -8.933156e-02  9.834928e-01
    outer loop
      vertex  5.431131e-01 -2.415738e-01 -1.117475e-01
      vertex  1.018868e+00 -2.415738e-01 -3.562685e-02
      vertex  5.430795e-01 -2.397917e-01 -1.115910e-01
    endloop
  endfacet
  facet normal -1.573586e-01 -8.934131e-02  9.834919e-01
    outer loop
      vertex  5.430795e-01 -2.397917e-01 -1.115910e-01
      vertex  1.018868e+00 -2.415738e-01 -3.562685e-02
      vertex  1.018851e+00 -2.397917e-01 -3.546768e-02
    endloop
  endfacet
  facet normal -1.253303e-02  9.988495e-01 -4.628735e-02
    outer loop
      vertex  8.125325e-02  2.497829e-01  2.474162e-01
      vertex  5.452664e-01  2.497829e-01  1.217773e-01
      vertex  8.069562e-02  2.496972e-01  2.457182e-01
    endloop
  endfacet
  facet normal -1.253300e-02  9.988495e-01 -4.628725e-02
    outer loop
      vertex  8.069562e-02  2.496972e-01  2.457182e-01
      vertex  5.452664e-01  2.497829e-01  1.217773e-01
      vertex  5.448911e-01  2.496972e-01  1.200299e-01
    endloop
  endfacet
  facet normal -5.891369e-02  9.742625e-01 -2.175817e-01
    outer loop
      vertex  8.069562e-02  2.496972e-01  2.457182e-01
      vertex  5.448911e-01  2.496972e-01  1.200299e-01
      vertex  8.015168e-02  2.492944e-01  2.440619e-01
    endloop
  endfacet
  facet normal -5.891422e-02  9.742620e-01 -2.175837e-01
    outer loop
      vertex  8.015168e-02  2.492944e-01  2.440619e-01
      vertex  5.448911e-01  2.496972e-01  1.200299e-01
      vertex  5.445251e-01  2.492944e-01  1.183255e-01
    endloop
  endfacet
  facet normal -1.033959e-01  9.184164e-01 -3.818647e-01
    outer loop
      vertex  8.015168e-02  2.492944e-01  2.440619e-01
      vertex  5.445251e-01  2.492944e-01  1.183255e-01
      vertex  7.963885e-02  2.485874e-01  2.425003e-01
    endloop
  endfacet
  facet normal -1.033957e-01  9.184166e-01 -3.818640e-01
    outer loop
      vertex  7.963885e-02  2.485874e-01  2.425003e-01
      vertex  5.445251e-01  2.492944e-01  1.183255e-01
      vertex  5.441800e-01  2.485874e-01  1.167185e-01
    endloop
  endfacet
  facet normal -1.445463e-01  8.331376e-01 -5.338427e-01
    outer loop
      vertex  7.963885e-02  2.485874e-01  2.425003e-01
      vertex  5.441800e-01  2.485874e-01  1.167185e-01
      vertex  7.917354e-02  2.475988e-01  2.410834e-01
    endloop
  endfacet
  facet normal -1.445458e-01  8.331389e-01 -5.338409e-01
    outer loop
      vertex  7.917354e-02  2.475988e-01  2.410834e-01
      vertex  5.441800e-01  2.485874e-01  1.167185e-01
      vertex  5.438669e-01  2.475988e-01  1.152604e-01
    endloop
  endfacet
  facet normal -1.810462e-01  7.212046e-01 -6.686449e-01
    outer loop
      vertex  7.917354e-02  2.475988e-01  2.410834e-01
      vertex  5.438669e-01  2.475988e-01  1.152604e-01
      vertex  7.877065e-02  2.463602e-01  2.398566e-01
    endloop
  endfacet
  facet normal -1.810463e-01  7.212041e-01 -6.686454e-01
    outer loop
      vertex  7.877065e-02  2.463602e-01  2.398566e-01
      vertex  5.438669e-01  2.475988e-01  1.152604e-01
      vertex  5.435957e-01  2.463602e-01  1.139979e-01
    endloop
  endfacet
  facet normal -2.117334e-01  5.862391e-01 -7.819800e-01
    outer loop
      vertex  7.877065e-02  2.463602e-01  2.398566e-01
      vertex  5.435957e-01  2.463602e-01  1.139979e-01
      vertex  7.844307e-02  2.449114e-01  2.388591e-01
    endloop
  endfacet
  facet normal -2.117330e-01  5.862414e-01 -7.819784e-01
    outer loop
      vertex  7.844307e-02  2.449114e-01  2.388591e-01
      vertex  5.435957e-01  2.463602e-01  1.139979e-01
      vertex  5.433753e-01  2.449114e-01  1.129714e-01
    endloop
  endfacet
  facet normal -2.356348e-01  4.325917e-01 -8.702533e-01
    outer loop
      vertex  7.844307e-02  2.449114e-01  2.388591e-01
      vertex  5.433753e-01  2.449114e-01  1.129714e-01
      vertex  7.820129e-02  2.432987e-01  2.381229e-01
    endloop
  endfacet
  facet normal -2.356352e-01  4.325881e-01 -8.702549e-01
    outer loop
      vertex  7.820129e-02  2.432987e-01  2.381229e-01
      vertex  5.433753e-01  2.449114e-01  1.129714e-01
      vertex  5.432126e-01  2.432987e-01  1.122138e-01
    endloop
  endfacet
  facet normal -2.519985e-01  2.651727e-01 -9.306880e-01
    outer loop
      vertex  7.820129e-02  2.432987e-01  2.381229e-01
      vertex  5.432126e-01  2.432987e-01  1.122138e-01
      vertex  7.805306e-02  2.415736e-01  2.376716e-01
    endloop
  endfacet
  facet normal -2.519980e-01  2.651791e-01 -9.306863e-01
    outer loop
      vertex  7.805306e-02  2.415736e-01  2.376716e-01
      vertex  5.432126e-01  2.432987e-01  1.122138e-01
      vertex  5.431128e-01  2.415736e-01  1.117493e-01
    endloop
  endfacet
  facet normal -2.603096e-01  8.934010e-02 -9.613829e-01
    outer loop
      vertex  7.805306e-02  2.415736e-01  2.376716e-01
      vertex  5.431128e-01  2.415736e-01  1.117493e-01
      vertex  7.800312e-02  2.397916e-01  2.375195e-01
    endloop
  endfacet
  facet normal -2.603096e-01  8.934128e-02 -9.613829e-01
    outer loop
      vertex  7.800312e-02  2.397916e-01  2.375195e-01
      vertex  5.431128e-01  2.415736e-01  1.117493e-01
      vertex  5.430792e-01  2.397916e-01  1.115928e-01
    endloop
  endfacet
  facet normal -2.534872e-03  9.988495e-01 -4.788701e-02
    outer loop
      vertex  1.019950e+00  2.497829e-01  4.582782e-02
      vertex  1.500000e+00  2.497829e-01  2.041667e-02
      vertex  1.019762e+00  2.496972e-01  4.405062e-02
    endloop
  endfacet
  facet normal -2.534869e-03  9.988495e-01 -4.788695e-02
    outer loop
      vertex  1.019762e+00  2.496972e-01  4.405062e-02
      vertex  1.500000e+00  2.497829e-01  2.041667e-02
      vertex  1.500000e+00  2.496972e-01  1.862948e-02
    endloop
  endfacet
  facet normal -1.191573e-02  9.742620e-01 -2.251036e-01
    outer loop
      vertex  1.019762e+00  2.496972e-01  4.405062e-02
      vertex  1.500000e+00  2.496972e-01  1.862948e-02
      vertex  1.019578e+00  2.492944e-01  4.231705e-02
    endloop
  endfacet
  facet normal -1.191572e-02  9.742621e-01 -2.251032e-01
    outer loop
      vertex  1.019578e+00  2.492944e-01  4.231705e-02
      vertex  1.500000e+00  2.496972e-01  1.862948e-02
      vertex  1.500000e+00  2.492944e-01  1.688616e-02
    endloop
  endfacet
  facet normal -2.091233e-02  9.184170e-01 -3.950609e-01
    outer loop
      vertex  1.019578e+00  2.492944e-01  4.231705e-02
      vertex  1.500000e+00  2.492944e-01  1.688616e-02
      vertex  1.019404e+00  2.485874e-01  4.068260e-02
    endloop
  endfacet
  facet normal -2.091238e-02  9.184166e-01 -3.950618e-01
    outer loop
      vertex  1.019404e+00  2.485874e-01  4.068260e-02
      vertex  1.500000e+00  2.492944e-01  1.688616e-02
      vertex  1.500000e+00  2.485874e-01  1.524253e-02
    endloop
  endfacet
  facet normal -2.923513e-02  8.331396e-01 -5.522895e-01
    outer loop
      vertex  1.019404e+00  2.485874e-01  4.068260e-02
      vertex  1.500000e+00  2.485874e-01  1.524253e-02
      vertex  1.019247e+00  2.475988e-01  3.919961e-02
    endloop
  endfacet
  facet normal -2.923516e-02  8.331392e-01 -5.522901e-01
    outer loop
      vertex  1.019247e+00  2.475988e-01  3.919961e-02
      vertex  1.500000e+00  2.485874e-01  1.524253e-02
      vertex  1.500000e+00  2.475988e-01  1.375121e-02
    endloop
  endfacet
  facet normal -3.661778e-02  7.212010e-01 -6.917573e-01
    outer loop
      vertex  1.019247e+00  2.475988e-01  3.919961e-02
      vertex  1.500000e+00  2.475988e-01  1.375121e-02
      vertex  1.019110e+00  2.463602e-01  3.791555e-02
    endloop
  endfacet
  facet normal -3.661770e-02  7.212026e-01 -6.917557e-01
    outer loop
      vertex  1.019110e+00  2.463602e-01  3.791555e-02
      vertex  1.500000e+00  2.475988e-01  1.375121e-02
      vertex  1.500000e+00  2.463602e-01  1.245993e-02
    endloop
  endfacet
  facet normal -4.282428e-02  5.862384e-01 -8.090059e-01
    outer loop
      vertex  1.019110e+00  2.463602e-01  3.791555e-02
      vertex  1.500000e+00  2.463602e-01  1.245993e-02
      vertex  1.019000e+00  2.449114e-01  3.687153e-02
    endloop
  endfacet
  facet normal -4.282428e-02  5.862384e-01 -8.090059e-01
    outer loop
      vertex  1.019000e+00  2.449114e-01  3.687153e-02
      vertex  1.500000e+00  2.463602e-01  1.245993e-02
      vertex  1.500000e+00  2.449114e-01  1.141004e-02
    endloop
  endfacet
  facet normal -4.765848e-02  4.325899e-01 -9.003303e-01
    outer loop
      vertex  1.019000e+00  2.449114e-01  3.687153e-02
      vertex  1.500000e+00  2.449114e-01  1.141004e-02
      vertex  1.018918e+00  2.432987e-01  3.610098e-02
    endloop
  endfacet
  facet normal -4.765847e-02  4.325908e-01 -9.003299e-01
    outer loop
      vertex  1.018918e+00  2.432987e-01  3.610098e-02
      vertex  1.500000e+00  2.449114e-01  1.141004e-02
      vertex  1.500000e+00  2.432987e-01  1.063515e-02
    endloop
  endfacet
  facet normal -5.096800e-02  2.651787e-01 -9.628513e-01
    outer loop
      vertex  1.018918e+00  2.432987e-01  3.610098e-02
      vertex  1.500000e+00  2.432987e-01  1.063515e-02
      vertex  1.018868e+00  2.415736e-01  3.562855e-02
    endloop
  endfacet
  facet normal -5.096801e-02  2.651781e-01 -9.628514e-01
    outer loop
      vertex  1.018868e+00  2.415736e-01  3.562855e-02
      vertex  1.500000e+00  2.432987e-01  1.063515e-02
      vertex  1.500000e+00  2.415736e-01  1.016007e-02
    endloop
  endfacet
  facet normal -5.264907e-02  8.933795e-02 -9.946089e-01
    outer loop
      vertex  1.018868e+00  2.415736e-01  3.562855e-02
      vertex  1.500000e+00  2.415736e-01  1.016007e-02
      vertex  1.018851e+00  2.397916e-01  3.546937e-02
    endloop
  endfacet
  facet normal -5.264907e-02  8.933805e-02 -9.946088e-01
    outer loop
      vertex  1.018851e+00  2.397916e-01  3.546937e-02
      vertex  1.500000e+00  2.415736e-01  1.016007e-02
      vertex  1.500000e+00  2.397916e-01  1.000000e-02
    endloop
  endfacet
  facet normal -7.576325e-03  9.988496e-01 -4.735203e-02
    outer loop
      vertex  5.452664e-01  2.497829e-01  1.217773e-01
      vertex  1.019950e+00  2.497829e-01  4.582782e-02
      vertex  5.448911e-01  2.496972e-01  1.200299e-01
    endloop
  endfacet
  facet normal -7.576343e-03  9.988495e-01 -4.735214e-02
    outer loop
      vertex  5.448911e-01  2.496972e-01  1.200299e-01
      vertex  1.019950e+00  2.497829e-01  4.582782e-02
      vertex  1.019762e+00  2.496972e-01  4.405062e-02
    endloop
  endfacet
  facet normal -3.561413e-02  9.742618e-01 -2.225883e-01
    outer loop
      vertex  5.448911e-01  2.496972e-01  1.200299e-01
      vertex  1.019762e+00  2.496972e-01  4.405062e-02
      vertex  5.445251e-01  2.492944e-01  1.183255e-01
    endloop
  endfacet
  facet normal -3.561400e-02  9.742620e-01 -2.225875e-01
    outer loop
      vertex  5.445251e-01  2.492944e-01  1.183255e-01
      vertex  1.019762e+00  2.496972e-01  4.405062e-02
      vertex  1.019578e+00  2.492944e-01  4.231705e-02
    endloop
  endfacet
  facet normal -6.250318e-02  9.184170e-01 -3.906449e-01
    outer loop
      vertex  5.445251e-01  2.492944e-01  1.183255e-01
      vertex  1.019578e+00  2.492944e-01  4.231705e-02
      vertex  5.441800e-01  2.485874e-01  1.167185e-01
    endloop
  endfacet
  facet normal -6.250308e-02  9.184173e-01 -3.906442e-01
    outer loop
      vertex  5.441800e-01  2.485874e-01  1.167185e-01
      vertex  1.019578e+00  2.492944e-01  4.231705e-02
      vertex  1.019404e+00  2.485874e-01  4.068260e-02
    endloop
  endfacet
  facet normal -8.737881e-02  8.331390e-01 -5.461175e-01
    outer loop
      vertex  5.441800e-01  2.485874e-01  1.167185e-01
      vertex  1.019404e+00  2.485874e-01  4.068260e-02
      vertex  5.438669e-01  2.475988e-01  1.152604e-01
    endloop
  endfacet
  facet normal -8.737851e-02  8.331403e-01 -5.461156e-01
    outer loop
      vertex  5.438669e-01  2.475988e-01  1.152604e-01
      vertex  1.019404e+00  2.485874e-01  4.068260e-02
      vertex  1.019247e+00  2.475988e-01  3.919961e-02
    endloop
  endfacet
  facet normal -1.094435e-01  7.212048e-01 -6.840218e-01
    outer loop
      vertex  5.438669e-01  2.475988e-01  1.152604e-01
      vertex  1.019247e+00  2.475988e-01  3.919961e-02
      vertex  5.435957e-01  2.463602e-01  1.139979e-01
    endloop
  endfacet
  facet normal -1.094446e-01  7.211980e-01 -6.840288e-01
    outer loop
      vertex  5.435957e-01  2.463602e-01  1.139979e-01
      vertex  1.019247e+00  2.475988e-01  3.919961e-02
      vertex  1.019110e+00  2.463602e-01  3.791555e-02
    endloop
  endfacet
  facet normal -1.279941e-01  5.862391e-01 -7.999632e-01
    outer loop
      vertex  5.435957e-01  2.463602e-01  1.139979e-01
      vertex  1.019110e+00  2.463602e-01  3.791555e-02
      vertex  5.433753e-01  2.449114e-01  1.129714e-01
    endloop
  endfacet
  facet normal -1.279939e-01  5.862414e-01 -7.999617e-01
    outer loop
      vertex  5.433753e-01  2.449114e-01  1.129714e-01
      vertex  1.019110e+00  2.463602e-01  3.791555e-02
      vertex  1.019000e+00  2.449114e-01  3.687153e-02
    endloop
  endfacet
  facet normal -1.424426e-01  4.325916e-01 -8.902665e-01
    outer loop
      vertex  5.433753e-01  2.449114e-01  1.129714e-01
      vertex  1.019000e+00  2.449114e-01  3.687153e-02
      vertex  5.432126e-01  2.432987e-01  1.122138e-01
    endloop
  endfacet
  facet normal -1.424426e-01  4.325916e-01 -8.902666e-01
    outer loop
      vertex  5.432126e-01  2.432987e-01  1.122138e-01
      vertex  1.019000e+00  2.449114e-01  3.687153e-02
      vertex  1.018918e+00  2.432987e-01  3.610098e-02
    endloop
  endfacet
  facet normal -1.523344e-01  2.651767e-01 -9.520901e-01
    outer loop
      vertex  5.432126e-01  2.432987e-01  1.122138e-01
      vertex  1.018918e+00  2.432987e-01  3.610098e-02
      vertex  5.431128e-01  2.415736e-01  1.117493e-01
    endloop
  endfacet
  facet normal -1.523343e-01  2.651791e-01 -9.520894e-01
    outer loop
      vertex  5.431128e-01  2.415736e-01  1.117493e-01
      vertex  1.018918e+00  2.432987e-01  3.610098e-02
      vertex  1.018868e+00  2.415736e-01  3.562855e-02
    endloop
  endfacet
  facet normal -1.573589e-01  8.933153e-02 -9.834929e-01
    outer loop
      vertex  5.431128e-01  2.415736e-01  1.117493e-01
      vertex  1.018868e+00  2.415736e-01  3.562855e-02
      vertex  5.430792e-01  2.397916e-01  1.115928e-01
    endloop
  endfacet
  facet normal -1.573587e-01  8.934128e-02 -9.834919e-01
    outer loop
      vertex  5.430792e-01  2.397916e-01  1.115928e-01
      vertex  1.018868e+00  2.415736e-01  3.562855e-02
      vertex  1.018851e+00  2.397916e-01  3.546937e-02
    endloop
  endfacet
  facet normal -2.365335e-02  7.201426e-01  6.934227e-01
    outer loop
      vertex -1.569559e-02  2.497829e-01 -2.599432e-01
      vertex -1.506777e-02  2.397916e-01 -2.495455e-01
      vertex  3.203747e-02  2.397916e-01 -2.479387e-01
    endloop
  endfacet
  facet normal  1.069163e-01  7.201420e-01  6.855395e-01
    outer loop
      vertex -6.420566e-02  2.497829e-01 -2.523776e-01
      vertex -6.163744e-02  2.397916e-01 -2.422825e-01
      vertex -1.506777e-02  2.397916e-01 -2.495455e-01
    endloop
  endfacet
  facet normal  1.069164e-01  7.201426e-01  6.855388e-01
    outer loop
      vertex -6.420566e-02  2.497829e-01 -2.523776e-01
      vertex -1.506777e-02  2.397916e-01 -2.495455e-01
      vertex -1.569559e-02  2.497829e-01 -2.599432e-01
    endloop
  endfacet
  facet normal  2.336857e-01  7.201423e-01  6.532886e-01
    outer loop
      vertex -1.104336e-01  2.497829e-01 -2.358416e-01
      vertex -1.060163e-01  2.397916e-01 -2.264079e-01
      vertex -6.163744e-02  2.397916e-01 -2.422825e-01
    endloop
  endfacet
  facet normal  2.336857e-01  7.201420e-01  6.532890e-01
    outer loop
      vertex -1.104336e-01  2.497829e-01 -2.358416e-01
      vertex -6.163744e-02  2.397916e-01 -2.422825e-01
      vertex -6.420566e-02  2.497829e-01 -2.523776e-01
    endloop
  endfacet
  facet normal  3.521490e-01  7.201428e-01  5.978172e-01
    outer loop
      vertex -1.527364e-01  2.497829e-01 -2.109228e-01
      vertex -1.466269e-01  2.397916e-01 -2.024859e-01
      vertex -1.060163e-01  2.397916e-01 -2.264079e-01
    endloop
  endfacet
  facet normal  3.521491e-01  7.201424e-01  5.978177e-01
    outer loop
      vertex -1.527364e-01  2.497829e-01 -2.109228e-01
      vertex -1.060163e-01  2.397916e-01 -2.264079e-01
      vertex -1.104336e-01  2.497829e-01 -2.358416e-01
    endloop
  endfacet
  facet normal  4.580954e-01  7.201427e-01  5.210979e-01
    outer loop
      vertex -1.896103e-01  2.497829e-01 -1.785071e-01
      vertex -1.820259e-01  2.397916e-01 -1.713668e-01
      vertex -1.466269e-01  2.397916e-01 -2.024859e-01
    endloop
  endfacet
  facet normal  4.580954e-01  7.201428e-01  5.210978e-01
    outer loop
      vertex -1.896103e-01  2.497829e-01 -1.785071e-01
      vertex -1.466269e-01  2.397916e-01 -2.024859e-01
      vertex -1.527364e-01  2.497829e-01 -2.109228e-01
    endloop
  endfacet
  facet normal  5.477597e-01  7.201425e-01  4.258567e-01
    outer loop
      vertex -2.197447e-01  2.497829e-01 -1.397465e-01
      vertex -2.109549e-01  2.397916e-01 -1.341567e-01
      vertex -1.820259e-01  2.397916e-01 -1.713668e-01
    endloop
  endfacet
  facet normal  5.477597e-01  7.201427e-01  4.258566e-01
    outer loop
      vertex -2.197447e-01  2.497829e-01 -1.397465e-01
      vertex -1.820259e-01  2.397916e-01 -1.713668e-01
      vertex -1.896103e-01  2.497829e-01 -1.785071e-01
    endloop
  endfacet
  facet normal  6.179546e-01  7.201425e-01  3.154788e-01
    outer loop
      vertex -2.420686e-01  2.497829e-01 -9.601887e-02
      vertex -2.323859e-01  2.397916e-01 -9.217812e-02
      vertex -2.109549e-01  2.397916e-01 -1.341567e-01
    endloop
  endfacet
  facet normal  6.179545e-01  7.201425e-01  3.154787e-01
    outer loop
      vertex -2.420686e-01  2.497829e-01 -9.601887e-02
      vertex -2.109549e-01  2.397916e-01 -1.341567e-01
      vertex -2.197447e-01  2.497829e-01 -1.397465e-01
    endloop
  endfacet
  facet normal  6.661854e-01  7.201421e-01  1.938878e-01
    outer loop
      vertex -2.557885e-01  2.497829e-01 -4.887833e-02
      vertex -2.455570e-01  2.397916e-01 -4.692320e-02
      vertex -2.323859e-01  2.397916e-01 -9.217812e-02
    endloop
  endfacet
  facet normal  6.661850e-01  7.201425e-01  1.938875e-01
    outer loop
      vertex -2.557885e-01  2.497829e-01 -4.887833e-02
      vertex -2.323859e-01  2.397916e-01 -9.217812e-02
      vertex -2.420686e-01  2.497829e-01 -9.601887e-02
    endloop
  endfacet
  facet normal  6.907368e-01  7.201421e-01  6.540490e-02
    outer loop
      vertex -2.604167e-01  2.497829e-01 -4.665553e-07
      vertex -2.500000e-01  2.397916e-01 -4.478931e-07
      vertex -2.455570e-01  2.397916e-01 -4.692320e-02
    endloop
  endfacet
  facet normal  6.907369e-01  7.201420e-01  6.540499e-02
    outer loop
      vertex -2.604167e-01  2.497829e-01 -4.665553e-07
      vertex -2.455570e-01  2.397916e-01 -4.692320e-02
      vertex -2.557885e-01  2.497829e-01 -4.887833e-02
    endloop
  endfacet
  facet normal  6.907369e-01  7.201423e-01 -6.540248e-02
    outer loop
      vertex -2.557887e-01  2.497829e-01  4.887741e-02
      vertex -2.455571e-01  2.397916e-01  4.692231e-02
      vertex -2.500000e-01  2.397916e-01 -4.478931e-07
    endloop
  endfacet
  facet normal  6.907371e-01  7.201423e-01 -6.540245e-02
    outer loop
      vertex -2.557887e-01  2.497829e-01  4.887741e-02
      vertex -2.500000e-01  2.397916e-01 -4.478931e-07
      vertex -2.604167e-01  2.497829e-01 -4.665553e-07
    endloop
  endfacet
  facet normal  6.661855e-01  7.201425e-01 -1.938852e-01
    outer loop
      vertex -2.420690e-01  2.497829e-01  9.601801e-02
      vertex -2.323862e-01  2.397916e-01  9.217729e-02
      vertex -2.455571e-01  2.397916e-01  4.692231e-02
    endloop
  endfacet
  facet normal  6.661858e-01  7.201424e-01 -1.938852e-01
    outer loop
      vertex -2.420690e-01  2.497829e-01  9.601801e-02
      vertex -2.455571e-01  2.397916e-01  4.692231e-02
      vertex -2.557887e-01  2.497829e-01  4.887741e-02
    endloop
  endfacet
  facet normal  6.179557e-01  7.201425e-01 -3.154766e-01
    outer loop
      vertex -2.197452e-01  2.497829e-01  1.397458e-01
      vertex -2.109554e-01  2.397916e-01  1.341559e-01
      vertex -2.323862e-01  2.397916e-01  9.217729e-02
    endloop
  endfacet
  facet normal  6.179556e-01  7.201426e-01 -3.154766e-01
    outer loop
      vertex -2.197452e-01  2.497829e-01  1.397458e-01
      vertex -2.323862e-01  2.397916e-01  9.217729e-02
      vertex -2.420690e-01  2.497829e-01  9.601801e-02
    endloop
  endfacet
  facet normal  5.477611e-01  7.201427e-01 -4.258547e-01
    outer loop
      vertex -1.896109e-01  2.497829e-01  1.785064e-01
      vertex -1.820265e-01  2.397916e-01  1.713662e-01
      vertex -2.109554e-01  2.397916e-01  1.341559e-01
    endloop
  endfacet
  facet normal  5.477614e-01  7.201425e-01 -4.258547e-01
    outer loop
      vertex -1.896109e-01  2.497829e-01  1.785064e-01
      vertex -2.109554e-01  2.397916e-01  1.341559e-01
      vertex -2.197452e-01  2.497829e-01  1.397458e-01
    endloop
  endfacet
  facet normal  4.580975e-01  7.201426e-01 -5.210962e-01
    outer loop
      vertex -1.527371e-01  2.497829e-01  2.109223e-01
      vertex -1.466276e-01  2.397916e-01  2.024854e-01
      vertex -1.820265e-01  2.397916e-01  1.713662e-01
    endloop
  endfacet
  facet normal  4.580973e-01  7.201428e-01 -5.210962e-01
    outer loop
      vertex -1.527371e-01  2.497829e-01  2.109223e-01
      vertex -1.820265e-01  2.397916e-01  1.713662e-01
      vertex -1.896109e-01  2.497829e-01  1.785064e-01
    endloop
  endfacet
  facet normal  3.521512e-01  7.201424e-01 -5.978163e-01
    outer loop
      vertex -1.104345e-01  2.497829e-01  2.358412e-01
      vertex -1.060171e-01  2.397916e-01  2.264075e-01
      vertex -1.466276e-01  2.397916e-01  2.024854e-01
    endloop
  endfacet
  facet normal  3.521510e-01  7.201425e-01 -5.978163e-01
    outer loop
      vertex -1.104345e-01  2.497829e-01  2.358412e-01
      vertex -1.466276e-01  2.397916e-01  2.024854e-01
      vertex -1.527371e-01  2.497829e-01  2.109223e-01
    endloop
  endfacet
  facet normal  2.336880e-01  7.201428e-01 -6.532872e-01
    outer loop
      vertex -6.420657e-02  2.497829e-01  2.523774e-01
      vertex -6.163831e-02  2.397916e-01  2.422823e-01
      vertex -1.060171e-01  2.397916e-01  2.264075e-01
    endloop
  endfacet
  facet normal  2.336883e-01  7.201424e-01 -6.532876e-01
    outer loop
      vertex -6.420657e-02  2.497829e-01  2.523774e-01
      vertex -1.060171e-01  2.397916e-01  2.264075e-01
      vertex -1.104345e-01  2.497829e-01  2.358412e-01
    endloop
  endfacet
  facet normal  1.069186e-01  7.201427e-01 -6.855384e-01
    outer loop
      vertex -1.569652e-02  2.497829e-01  2.599432e-01
      vertex -1.506866e-02  2.397916e-01  2.495455e-01
      vertex -6.163831e-02  2.397916e-01  2.422823e-01
    endloop
  endfacet
  facet normal  1.069185e-01  7.201428e-01 -6.855383e-01
    outer loop
      vertex -1.569652e-02  2.497829e-01  2.599432e-01
      vertex -6.163831e-02  2.397916e-01  2.422823e-01
      vertex -6.420657e-02  2.497829e-01  2.523774e-01
    endloop
  endfacet
  facet normal -2.365082e-02  7.201427e-01 -6.934227e-01
    outer loop
      vertex  3.337144e-02  2.497829e-01  2.582696e-01
      vertex -1.506866e-02  2.397916e-01  2.495455e-01
      vertex -1.569652e-02  2.497829e-01  2.599432e-01
    endloop
  endfacet
  facet normal -1.063332e-02  9.988425e-01 -4.691067e-02
    outer loop
      vertex  8.125325e-02  2.497829e-01  2.474162e-01
      vertex  8.069562e-02  2.496972e-01  2.457182e-01
      vertex  3.337144e-02  2.497829e-01  2.582696e-01
    endloop
  endfacet
  facet normal -2.201872e-01  8.913687e-02  9.713764e-01
    outer loop
      vertex  7.800397e-02  2.397915e-01 -2.375192e-01
      vertex  7.805395e-02  2.415735e-01 -2.376714e-01
      vertex  3.203747e-02  2.397916e-01 -2.479387e-01
    endloop
  endfacet
  facet normal -2.365093e-02  7.201430e-01 -6.934225e-01
    outer loop
      vertex  3.203658e-02  2.397916e-01  2.479388e-01
      vertex -1.506866e-02  2.397916e-01  2.495455e-01
      vertex  3.337144e-02  2.497829e-01  2.582696e-01
    endloop
  endfacet
  facet normal -1.770093e-01  7.187986e-01 -6.723067e-01
    outer loop
      vertex  3.203658e-02  2.397916e-01  2.479388e-01
      vertex  3.337144e-02  2.497829e-01  2.582696e-01
      vertex  8.069562e-02  2.496972e-01  2.457182e-01
    endloop
  endfacet
  facet normal -2.039976e-01  9.645236e-01 -1.675680e-01
    outer loop
      vertex  3.203658e-02  2.397916e-01  2.479388e-01
      vertex  8.069562e-02  2.496972e-01  2.457182e-01
      vertex  8.015168e-02  2.492944e-01  2.440619e-01
    endloop
  endfacet
  facet normal -2.085456e-01  9.148669e-01 -3.457273e-01
    outer loop
      vertex  3.203658e-02  2.397916e-01  2.479388e-01
      vertex  8.015168e-02  2.492944e-01  2.440619e-01
      vertex  7.963885e-02  2.485874e-01  2.425003e-01
    endloop
  endfacet
  facet normal -2.122923e-01  8.327549e-01 -5.113230e-01
    outer loop
      vertex  3.203658e-02  2.397916e-01  2.479388e-01
      vertex  7.963885e-02  2.485874e-01  2.425003e-01
      vertex  7.917354e-02  2.475988e-01  2.410834e-01
    endloop
  endfacet
  facet normal -2.152156e-01  7.216854e-01 -6.579152e-01
    outer loop
      vertex  3.203658e-02  2.397916e-01  2.479388e-01
      vertex  7.917354e-02  2.475988e-01  2.410834e-01
      vertex  7.877065e-02  2.463602e-01  2.398566e-01
    endloop
  endfacet
  facet normal -2.173677e-01  5.863789e-01 -7.803274e-01
    outer loop
      vertex  3.203658e-02  2.397916e-01  2.479388e-01
      vertex  7.877065e-02  2.463602e-01  2.398566e-01
      vertex  7.844307e-02  2.449114e-01  2.388591e-01
    endloop
  endfacet
  facet normal -2.188453e-01  4.321673e-01 -8.748361e-01
    outer loop
      vertex  3.203658e-02  2.397916e-01  2.479388e-01
      vertex  7.844307e-02  2.449114e-01  2.388591e-01
      vertex  7.820129e-02  2.432987e-01  2.381229e-01
    endloop
  endfacet
  facet normal -2.197549e-01  2.645738e-01 -9.389934e-01
    outer loop
      vertex  3.203658e-02  2.397916e-01  2.479388e-01
      vertex  7.820129e-02  2.432987e-01  2.381229e-01
      vertex  7.805306e-02  2.415736e-01  2.376716e-01
    endloop
  endfacet
  facet normal -2.201850e-01  8.906782e-02 -9.713833e-01
    outer loop
      vertex  3.203658e-02  2.397916e-01  2.479388e-01
      vertex  7.805306e-02  2.415736e-01  2.376716e-01
      vertex  7.800312e-02  2.397916e-01  2.375195e-01
    endloop
  endfacet
  facet normal -2.365336e-02  7.201426e-01  6.934227e-01
    outer loop
      vertex  3.337236e-02  2.497829e-01 -2.582695e-01
      vertex -1.569559e-02  2.497829e-01 -2.599432e-01
      vertex  3.203747e-02  2.397916e-01 -2.479387e-01
    endloop
  endfacet
  facet normal -1.778051e-01  7.187458e-01  6.721532e-01
    outer loop
      vertex  3.337236e-02  2.497829e-01 -2.582695e-01
      vertex  3.203747e-02  2.397916e-01 -2.479387e-01
      vertex  7.805395e-02  2.415735e-01 -2.376714e-01
    endloop
  endfacet
  facet normal -3.631237e-01  2.649327e-01  8.932815e-01
    outer loop
      vertex  3.337236e-02  2.497829e-01 -2.582695e-01
      vertex  7.805395e-02  2.415735e-01 -2.376714e-01
      vertex  7.820218e-02  2.432985e-01 -2.381228e-01
    endloop
  endfacet
  facet normal -3.167141e-01  4.327788e-01  8.440347e-01
    outer loop
      vertex  3.337236e-02  2.497829e-01 -2.582695e-01
      vertex  7.820218e-02  2.432985e-01 -2.381228e-01
      vertex  7.844396e-02  2.449113e-01 -2.388590e-01
    endloop
  endfacet
  facet normal -2.659800e-01  5.867175e-01  7.648641e-01
    outer loop
      vertex  3.337236e-02  2.497829e-01 -2.582695e-01
      vertex  7.844396e-02  2.449113e-01 -2.388590e-01
      vertex  7.877155e-02  2.463601e-01 -2.398565e-01
    endloop
  endfacet
  facet normal -2.127542e-01  7.216821e-01  6.587189e-01
    outer loop
      vertex  3.337236e-02  2.497829e-01 -2.582695e-01
      vertex  7.877155e-02  2.463601e-01 -2.398565e-01
      vertex  7.917444e-02  2.475987e-01 -2.410833e-01
    endloop
  endfacet
  facet normal -1.588733e-01  8.334120e-01  5.293238e-01
    outer loop
      vertex  3.337236e-02  2.497829e-01 -2.582695e-01
      vertex  7.917444e-02  2.475987e-01 -2.410833e-01
      vertex  7.963976e-02  2.485873e-01 -2.425001e-01
    endloop
  endfacet
  facet normal -1.061200e-01  9.184673e-01  3.809938e-01
    outer loop
      vertex  3.337236e-02  2.497829e-01 -2.582695e-01
      vertex  7.963976e-02  2.485873e-01 -2.425001e-01
      vertex  8.015261e-02  2.492943e-01 -2.440617e-01
    endloop
  endfacet
  facet normal -5.617989e-02  9.742231e-01  2.184795e-01
    outer loop
      vertex  3.337236e-02  2.497829e-01 -2.582695e-01
      vertex  8.015261e-02  2.492943e-01 -2.440617e-01
      vertex  8.069655e-02  2.496971e-01 -2.457180e-01
    endloop
  endfacet
  facet normal -1.064642e-02  9.988397e-01  4.696810e-02
    outer loop
      vertex  3.337236e-02  2.497829e-01 -2.582695e-01
      vertex  8.069655e-02  2.496971e-01 -2.457180e-01
      vertex  8.125417e-02  2.497829e-01 -2.474160e-01
    endloop
  endfacet
  facet normal -8.220651e-02  7.214159e-01  6.876055e-01
    outer loop
      vertex  7.816042e-01  2.497828e-01 -7.752322e-02
      vertex  7.799584e-01  2.397915e-01 -6.723738e-02
      vertex  1.138843e+00  2.397915e-01 -2.433096e-02
    endloop
  endfacet
  facet normal -1.364387e-01  7.214159e-01  6.789283e-01
    outer loop
      vertex  4.280580e-01  2.497828e-01 -1.485725e-01
      vertex  7.799584e-01  2.397915e-01 -6.723738e-02
      vertex  7.816042e-01  2.497828e-01 -7.752322e-02
    endloop
  endfacet
  facet normal -1.315177e-02  9.988482e-01  4.614576e-02
    outer loop
      vertex  8.125417e-02  2.497829e-01 -2.474160e-01
      vertex  8.069655e-02  2.496971e-01 -2.457180e-01
      vertex  4.280580e-01  2.497828e-01 -1.485725e-01
    endloop
  endfacet
  facet normal -3.949074e-02  8.932687e-02  9.952192e-01
    outer loop
      vertex  1.500000e+00  2.397916e-01 -1.000012e-02
      vertex  1.500000e+00  2.415736e-01 -1.016007e-02
      vertex  1.138843e+00  2.397915e-01 -2.433096e-02
    endloop
  endfacet
  facet normal -8.220648e-02  7.214161e-01  6.876053e-01
    outer loop
      vertex  1.139669e+00  2.497828e-01 -3.471488e-02
      vertex  7.816042e-01  2.497828e-01 -7.752322e-02
      vertex  1.138843e+00  2.397915e-01 -2.433096e-02
    endloop
  endfacet
  facet normal -3.070313e-02  7.214766e-01  6.917579e-01
    outer loop
      vertex  1.139669e+00  2.497828e-01 -3.471488e-02
      vertex  1.138843e+00  2.397915e-01 -2.433096e-02
      vertex  1.500000e+00  2.415736e-01 -1.016007e-02
    endloop
  endfacet
  facet normal -5.954403e-02  2.650514e-01  9.623940e-01
    outer loop
      vertex  1.139669e+00  2.497828e-01 -3.471488e-02
      vertex  1.500000e+00  2.415736e-01 -1.016007e-02
      vertex  1.500000e+00  2.432987e-01 -1.063515e-02
    endloop
  endfacet
  facet normal -5.236926e-02  4.324888e-01  9.001171e-01
    outer loop
      vertex  1.139669e+00  2.497828e-01 -3.471488e-02
      vertex  1.500000e+00  2.432987e-01 -1.063515e-02
      vertex  1.500000e+00  2.449114e-01 -1.141004e-02
    endloop
  endfacet
  facet normal -4.439492e-02  5.861983e-01  8.089503e-01
    outer loop
      vertex  1.139669e+00  2.497828e-01 -3.471488e-02
      vertex  1.500000e+00  2.449114e-01 -1.141004e-02
      vertex  1.500000e+00  2.463602e-01 -1.245993e-02
    endloop
  endfacet
  facet normal -3.587538e-02  7.212215e-01  6.917749e-01
    outer loop
      vertex  1.139669e+00  2.497828e-01 -3.471488e-02
      vertex  1.500000e+00  2.463602e-01 -1.245993e-02
      vertex  1.500000e+00  2.475988e-01 -1.375121e-02
    endloop
  endfacet
  facet normal -2.708363e-02  8.331895e-01  5.523239e-01
    outer loop
      vertex  1.139669e+00  2.497828e-01 -3.471488e-02
      vertex  1.500000e+00  2.475988e-01 -1.375121e-02
      vertex  1.500000e+00  2.485874e-01 -1.524253e-02
    endloop
  endfacet
  facet normal -1.830335e-02  9.184635e-01  3.950818e-01
    outer loop
      vertex  1.139669e+00  2.497828e-01 -3.471488e-02
      vertex  1.500000e+00  2.485874e-01 -1.524253e-02
      vertex  1.500000e+00  2.492944e-01 -1.688616e-02
    endloop
  endfacet
  facet normal -9.817629e-03  9.742842e-01  2.251083e-01
    outer loop
      vertex  1.139669e+00  2.497828e-01 -3.471488e-02
      vertex  1.500000e+00  2.492944e-01 -1.688616e-02
      vertex  1.500000e+00  2.496972e-01 -1.862948e-02
    endloop
  endfacet
  facet normal -1.900526e-03  9.988510e-01  4.788705e-02
    outer loop
      vertex  1.139669e+00  2.497828e-01 -3.471488e-02
      vertex  1.500000e+00  2.496972e-01 -1.862948e-02
      vertex  1.500000e+00  2.497829e-01 -2.041667e-02
    endloop
  endfacet
  facet normal -1.364388e-01  7.214157e-01  6.789284e-01
    outer loop
      vertex  4.256023e-01  2.397915e-01 -1.384495e-01
      vertex  7.799584e-01  2.397915e-01 -6.723738e-02
      vertex  4.280580e-01  2.497828e-01 -1.485725e-01
    endloop
  endfacet
  facet normal -1.866612e-01  7.214764e-01  6.668054e-01
    outer loop
      vertex  4.256023e-01  2.397915e-01 -1.384495e-01
      vertex  4.280580e-01  2.497828e-01 -1.485725e-01
      vertex  8.069655e-02  2.496971e-01 -2.457180e-01
    endloop
  endfacet
  facet normal -4.145718e-02  9.738834e-01  2.232320e-01
    outer loop
      vertex  4.256023e-01  2.397915e-01 -1.384495e-01
      vertex  8.069655e-02  2.496971e-01 -2.457180e-01
      vertex  8.015261e-02  2.492943e-01 -2.440617e-01
    endloop
  endfacet
  facet normal -9.254005e-02  9.181377e-01  3.853044e-01
    outer loop
      vertex  4.256023e-01  2.397915e-01 -1.384495e-01
      vertex  8.015261e-02  2.492943e-01 -2.440617e-01
      vertex  7.963976e-02  2.485873e-01 -2.425001e-01
    endloop
  endfacet
  facet normal -1.398169e-01  8.330090e-01  5.353009e-01
    outer loop
      vertex  4.256023e-01  2.397915e-01 -1.384495e-01
      vertex  7.963976e-02  2.485873e-01 -2.425001e-01
      vertex  7.917444e-02  2.475987e-01 -2.410833e-01
    endloop
  endfacet
  facet normal -1.817767e-01  7.212222e-01  6.684278e-01
    outer loop
      vertex  4.256023e-01  2.397915e-01 -1.384495e-01
      vertex  7.917444e-02  2.475987e-01 -2.410833e-01
      vertex  7.877155e-02  2.463601e-01 -2.398565e-01
    endloop
  endfacet
  facet normal -2.170745e-01  5.863677e-01  7.804175e-01
    outer loop
      vertex  4.256023e-01  2.397915e-01 -1.384495e-01
      vertex  7.877155e-02  2.463601e-01 -2.398565e-01
      vertex  7.844396e-02  2.449113e-01 -2.388590e-01
    endloop
  endfacet
  facet normal -2.445831e-01  4.327656e-01  8.676941e-01
    outer loop
      vertex  4.256023e-01  2.397915e-01 -1.384495e-01
      vertex  7.844396e-02  2.449113e-01 -2.388590e-01
      vertex  7.820218e-02  2.432985e-01 -2.381228e-01
    endloop
  endfacet
  facet normal -2.634262e-01  2.653134e-01  9.274780e-01
    outer loop
      vertex  4.256023e-01  2.397915e-01 -1.384495e-01
      vertex  7.820218e-02  2.432985e-01 -2.381228e-01
      vertex  7.805395e-02  2.415735e-01 -2.376714e-01
    endloop
  endfacet
  facet normal -2.729977e-01  8.946237e-02  9.578459e-01
    outer loop
      vertex  4.256023e-01  2.397915e-01 -1.384495e-01
      vertex  7.805395e-02  2.415735e-01 -2.376714e-01
      vertex  7.800397e-02  2.397915e-01 -2.375192e-01
    endloop
  endfacet
endsolid CATIA STL
